1,N/A,ZRE 354,FORD TREKKER,LIGHT,PICK UP,2008,DIESEL,FORD,Transport & TWE Services,25-0110,Motorpool,Charge to MLI,Internal,2025-03-18,2025-03-19
2,N/A,ZNX 364,TOYOTA HILUX,MEDIUM,PICK UP,2008,DIESEL,TOYOTA,Transport & TWE Services,25-0095,MIESCOR - DUS Transpo,Leasing,Internal,2025-03-18,2025-03-19
3,N/A,ZNN 735,MITSUBISHI L300,MEDIUM,VAN,2003,DIESEL,MITSUBISHI,Transport & TWE Services,25-0095,MIESCOR - DUS Transpo,Leasing,Internal,2025-03-18,2025-03-19
4,N/A,ZNN 185,MITSUBISHI STRADA,MEDIUM,PICK UP,2008,DIESEL,MITSUBISHI,Transport & TWE Services,25-0110,Motorpool,Leasing,Internal,2025-03-18,2025-03-19
5,N/A,ZNJ 472,TOYOTA HILUX,MEDIUM,PICK UP,2008,DIESEL,TOYOTA,Warehousing Services,25-0018,SCG-Roll Handling Services ,Charge to MLI,Internal,2025-03-18,2025-03-19
6,N/A,ZLE 307,MITSUBISHI L300,MEDIUM,VAN,2007,DIESEL,MITSUBISHI,Project Execution,23-0231,NLSUP NGCP - 10 months Extension,Charge to MLI,Internal,2025-03-18,2025-03-19
7,N/A,ZKP 972,MITSUBISHI CANTER,MEDIUM,PICK UP,2005,DIESEL,MITSUBISHI,Transport & TWE Services,25-0083,Powergen - Drivers,Leasing,Internal,2025-03-18,2025-03-19
8,N/A,ZKK 739,MITSUBISHI CANTER,MEDIUM,PICK UP,2005,DIESEL,MITSUBISHI,Warehousing Services,25-0013,MERALCO MMO Hauling Services,Leasing,Internal,2025-03-18,2025-03-19
9,N/A,ZKK 710,MITSUBISHI CANTER,MEDIUM,PICK UP,2005,DIESEL,MITSUBISHI,Warehousing Services,25-0006,MERALCO Parañaque Warehousing Project,Charge to MLI,Internal,2025-03-18,2025-03-19
10,N/A,ZHY 495,MITSUBISHI L300,MEDIUM,VAN,2013,DIESEL,MITSUBISHI,Transport & TWE Services,25-0110,Motorpool,Charge to MLI,Internal,2025-03-18,2025-03-19
11,N/A,ZBS 752,MITSUBISHI CANTER,MEDIUM,PICK UP,2005,DIESEL,MITSUBISHI,Transport & TWE Services,25-0110,Motorpool,Charge to MLI,Internal,2025-03-18,2025-03-19
12,N/A,Z5V011,TOYOTA HILUX,MEDIUM,PICK UP,2021,DIESEL,TOYOTA,Transport & TWE Services,25-0106,Texicon Agri Ventures Corporation - Vehicle Agreement,Leasing,Internal,2025-03-18,2025-03-19
13,N/A,NDX 1476,TOYOTA HILUX,MEDIUM,PICK UP,2016,DIESEL,TOYOTA,Transport & TWE Services,25-0105,Radius - Car Rental,Leasing,Internal,2025-03-18,2025-03-19
14,N/A,XHS 422,MITSUBISHI L300,MEDIUM,VAN,2003,DIESEL,MITSUBISHI,Transport & TWE Services,25-0110,Motorpool,Leasing,Internal,2025-03-18,2025-03-19
15,N/A,WZI 847,TOYOTA HILUX,MEDIUM,PICK UP,2013,DIESEL,TOYOTA,Facility Services,24-0033,MERALCO - Sta. Rosa Facilities,Leasing,Internal,2025-03-18,2025-03-19
16,N/A,WZI 473,TOYOTA AVANZA,LIGHT,AUV,2013,GASOLINE,TOYOTA,Transport & TWE Services,25-0105,Radius - Car Rental,Leasing,Internal,2025-03-18,2025-03-19
17,N/A,WXI 163,MITSUBISHI STRADA,MEDIUM,PICK UP,2013,DIESEL,MITSUBISHI,Transport & TWE Services,25-0110,Motorpool,Leasing,Internal,2025-03-18,2025-03-19
18,N/A,WQK 462,TOYOTA HILUX,MEDIUM,PICK UP,2013,DIESEL,TOYOTA,Facility Services,24-0029,MERALCO - Valenzuela Facilities,Leasing,Internal,2025-03-18,2025-03-19
19,N/A,WOX 322,TOYOTA VIOS,LIGHT,SEDAN,2013,GASOLINE,TOYOTA,Transport & TWE Services,25-0095,MIESCOR - DUS Transpo,Leasing,Internal,2025-03-18,2025-03-19
20,N/A,WOX 321,TOYOTA VIOS,LIGHT,SEDAN,2013,GASOLINE,TOYOTA,Transport & TWE Services,25-0095,MIESCOR - DUS Transpo,Leasing,Internal,2025-03-18,2025-03-19
21,N/A,WOX 301,TOYOTA VIOS,LIGHT,SEDAN,2013,GASOLINE,TOYOTA,Transport & TWE Services,25-0095,MIESCOR - DUS Transpo,Leasing,Internal,2025-03-18,2025-03-19
22,N/A,WOX 251,TOYOTA VIOS,LIGHT,SEDAN,2013,GASOLINE,TOYOTA,Home Office,1103060101,HR Operations,Charge to MLI,Internal,2025-03-18,2025-03-19
23,N/A,WOM 405,MITSUBISHI L300,MEDIUM,VAN,2013,DIESEL,MITSUBISHI,Transport & TWE Services,25-0093,MBI Car Rental,Leasing,Internal,2025-03-18,2025-03-19
24,N/A,WOM 309,MITSUBISHI L300,MEDIUM,VAN,2013,DIESEL,MITSUBISHI,Transport & TWE Services,25-0110,Motorpool,Charge to MLI,Internal,2025-03-18,2025-03-19
25,N/A,WOM 302,MITSUBISHI L300,MEDIUM,VAN,2013,DIESEL,MITSUBISHI,Transport & TWE Services,25-0095,MIESCOR - DUS Transpo,Leasing,Internal,2025-03-18,2025-03-19
26,N/A,WOB 301,TOYOTA VIOS,LIGHT,SEDAN,2013,GASOLINE,TOYOTA,Transport & TWE Services,25-0095,MIESCOR - DUS Transpo,Leasing,Internal,2025-03-18,2025-03-19
27,N/A,WJH 386,MITSUBISHI CANTER,MEDIUM,TRUCK,1999,DIESEL,MITSUBISHI,Facility Services,24-0036,MERALCO - Manila Facilities,Leasing,Internal,2025-03-18,2025-03-19
28,N/A,WIM 544,TOYOTA HILUX,MEDIUM,PICK UP,2013,DIESEL,TOYOTA,Facility Services,24-0034,MERALCO - San Pablo Facilities,Leasing,Internal,2025-03-18,2025-03-19
29,N/A,WIC 602,MITSUBISHI STRADA,MEDIUM,PICK UP,2013,DIESEL,MITSUBISHI,Transport & TWE Services,25-0102,MIESCOR - Car Rental,Leasing,Internal,2025-03-18,2025-03-19
30,N/A,WIB 295,MITSUBISHI L300,MEDIUM,VAN,2013,DIESEL,MITSUBISHI,Transport & TWE Services,25-0093,MBI Car Rental,Leasing,Internal,2025-03-18,2025-03-19
31,N/A,WIB 294,MITSUBISHI STRADA,MEDIUM,PICK UP,2014,DIESEL,MITSUBISHI,Transport & TWE Services,25-0102,MIESCOR - Car Rental,Leasing,Internal,2025-03-18,2025-03-19
32,N/A,WIA 889,MITSUBISHI STRADA,MEDIUM,PICK UP,2013,DIESEL,MITSUBISHI,Transport & TWE Services,25-0110,Motorpool,Charge to MLI,Internal,2025-03-18,2025-03-19
33,N/A,WIA 190,TOYOTA HILUX,MEDIUM,PICK UP,2013,DIESEL,TOYOTA,Facility Services,24-0032,MERALCO - Dasmariñas Facilities,Leasing,Internal,2025-03-18,2025-03-19
34,N/A,WIA 187,TOYOTA HILUX,MEDIUM,PICK UP,2013,DIESEL,TOYOTA,Facility Services,24-0028,MERALCO - Plaridel Facilities,Leasing,Internal,2025-03-18,2025-03-19
35,N/A,WIA 129,TOYOTA INNOVA,MEDIUM,AUV,2013,DIESEL ,TOYOTA,Home Office,1103060101,HR Operations,Leasing,Internal,2025-03-18,2025-03-19
36,N/A,WIA 104,TOYOTA HILUX,MEDIUM,PICK UP,2013,DIESEL,TOYOTA,Facility Services,24-0030,MERALCO - Balintawak Facilities,Leasing,Internal,2025-03-18,2025-03-19
37,N/A,WIA 103,TOYOTA HILUX,MEDIUM,PICK UP,2013,DIESEL,TOYOTA,Warehousing Services,25-0026,MSERV Manpower Services,Leasing,Internal,2025-03-18,2025-03-19
38,N/A,WHQ 456,TOYOTA INNOVA,MEDIUM,AUV,2013,DIESEL ,TOYOTA,Transport & TWE Services,25-0095,MIESCOR - DUS Transpo,Leasing,Internal,2025-03-18,2025-03-19
39,N/A,WHI 695,TOYOTA INNOVA,MEDIUM,AUV,2013,DIESEL ,TOYOTA,Home Office,1103060101,HR Operations,Leasing,Internal,2025-03-18,2025-03-19
40,N/A,VFP 445,TOYOTA AVANZA,LIGHT,AUV,2013,GASOLINE,TOYOTA,Transport & TWE Services,25-0110,Motorpool,Charge to MLI,Internal,2025-03-18,2025-03-19
41,N/A,NDV 8947,TOYOTA VIOS,LIGHT,SEDAN,2016,GASOLINE,TOYOTA,Transport & TWE Services,25-0091,MERALCO - Car Leasing,Leasing,Internal,2025-03-18,2025-03-19
42,N/A,NDV 8946,TOYOTA VIOS,LIGHT,SEDAN,2016,GASOLINE,TOYOTA,Transport & TWE Services,25-0091,MERALCO - Car Leasing,Leasing,Internal,2025-03-18,2025-03-19
43,N/A,NDY 3146,TOYOTA VIOS,LIGHT,SEDAN,2016,GASOLINE,TOYOTA,Transport & TWE Services,25-0091,MERALCO - Car Leasing,Leasing,Internal,2025-03-18,2025-03-19
44,N/A,NDY 3143,TOYOTA INNOVA,MEDIUM,AUV,2016,DIESEL ,TOYOTA,Transport & TWE Services,25-0091,MERALCO - Car Leasing,Leasing,Internal,2025-03-18,2025-03-19
45,N/A,NDY 3147,TOYOTA VIOS,LIGHT,SEDAN,2016,GASOLINE,TOYOTA,Transport & TWE Services,25-0091,MERALCO - Car Leasing,Leasing,Internal,2025-03-18,2025-03-19
46,N/A,NDY 3148,TOYOTA VIOS,LIGHT,SEDAN,2016,GASOLINE,TOYOTA,Transport & TWE Services,25-0091,MERALCO - Car Leasing,Leasing,Internal,2025-03-18,2025-03-19
47,N/A,NDY 3149,TOYOTA VIOS,LIGHT,SEDAN,2016,GASOLINE,TOYOTA,Transport & TWE Services,25-0091,MERALCO - Car Leasing,Leasing,Internal,2025-03-18,2025-03-19
48,N/A,NDY 3144,TOYOTA INNOVA,MEDIUM,AUV,2016,DIESEL ,TOYOTA,Transport & TWE Services,25-0091,MERALCO - Car Leasing,Leasing,Internal,2025-03-18,2025-03-19
49,N/A,NDY 3141,TOYOTA INNOVA,MEDIUM,AUV,2016,DIESEL ,TOYOTA,Transport & TWE Services,25-0091,MERALCO - Car Leasing,Leasing,Internal,2025-03-18,2025-03-19
50,N/A,NDY 3142,TOYOTA INNOVA,MEDIUM,AUV,2016,DIESEL ,TOYOTA,Transport & TWE Services,25-0091,MERALCO - Car Leasing,Leasing,Internal,2025-03-18,2025-03-19
51,N/A,NDY 3145,TOYOTA VIOS,LIGHT,SEDAN,2016,GASOLINE,TOYOTA,Transport & TWE Services,25-0091,MERALCO - Car Leasing,Leasing,Internal,2025-03-18,2025-03-19
52,N/A,NDR 5283,TOYOTA INNOVA,MEDIUM,AUV,2016,DIESEL ,TOYOTA,Transport & TWE Services,25-0091,MERALCO - Car Leasing,Leasing,Internal,2025-03-18,2025-03-19
53,N/A,AIA 3086,TOYOTA HILUX,MEDIUM,PICK UP,2014,DIESEL,TOYOTA,Transport & TWE Services,25-0105,Radius - Car Rental,Leasing,Internal,2025-03-18,2025-03-19
54,N/A,NDR 5282,TOYOTA VIOS,LIGHT,SEDAN,2016,GASOLINE,TOYOTA,Transport & TWE Services,25-0091,MERALCO - Car Leasing,Leasing,Internal,2025-03-18,2025-03-19
55,N/A,NDR 5285,TOYOTA VIOS,LIGHT,SEDAN,2016,GASOLINE,TOYOTA,Transport & TWE Services,25-0091,MERALCO - Car Leasing,Leasing,Internal,2025-03-18,2025-03-19
56,N/A,NDR 5284,TOYOTA VIOS,LIGHT,SEDAN,2016,GASOLINE,TOYOTA,Transport & TWE Services,25-0091,MERALCO - Car Leasing,Leasing,Internal,2025-03-18,2025-03-19
57,N/A,NDR 5280,TOYOTA VIOS,LIGHT,SEDAN,2016,GASOLINE,TOYOTA,Transport & TWE Services,25-0091,MERALCO - Car Leasing,Leasing,Internal,2025-03-18,2025-03-19
58,N/A,NDR 5281,TOYOTA INNOVA,MEDIUM,AUV,2016,DIESEL ,TOYOTA,Transport & TWE Services,25-0091,MERALCO - Car Leasing,Leasing,Internal,2025-03-18,2025-03-19
59,N/A,UX-4773,HONDA WAVE,LIGHT,MOTORCYCLE,2012,GASOLINE,HONDA,Transport & TWE Services,25-0110,Motorpool,Charge to MLI,Internal,2025-03-18,2025-03-19
60,N/A,UWQ 706,TOYOTA HILUX,MEDIUM,PICK UP,2013,DIESEL,TOYOTA,Warehousing Services,25-0027,MIESCOR FEMD- Warehouseman for Materials Management,Leasing,Internal,2025-03-18,2025-03-19
61,N/A,UWQ 696,TOYOTA HILUX,MEDIUM,PICK UP,2013,DIESEL,TOYOTA,Facility Services,24-0031,MERALCO - Parañaque Facilities,Leasing,Internal,2025-03-18,2025-03-19
62,N/A,UWQ 686,TOYOTA HILUX,MEDIUM,PICK UP,2013,DIESEL,TOYOTA,Facility Services,24-0035,MERALCO - Rizal Facilities,Leasing,Internal,2025-03-18,2025-03-19
63,N/A,UWQ 676,TOYOTA HILUX,MEDIUM,PICK UP,2013,DIESEL,TOYOTA,Transport & TWE Services,25-0110,Motorpool,Charge to MLI,Internal,2025-03-18,2025-03-19
64,N/A,UWQ 584,TOYOTA AVANZA,LIGHT,AUV,2013,GASOLINE,TOYOTA,Transport & TWE Services,25-0095,MIESCOR - DUS Transpo,Leasing,Internal,2025-03-18,2025-03-19
65,N/A,UWO 433,MITSUBISHI L300,MEDIUM,VAN,2013,DIESEL,MITSUBISHI,Transport & TWE Services,25-0093,MBI Car Rental,Leasing,Internal,2025-03-18,2025-03-19
66,N/A,UWO 421,MITSUBISHI L300,MEDIUM,VAN,2013,DIESEL,MITSUBISHI,Transport & TWE Services,25-0110,Motorpool,Leasing,Internal,2025-03-18,2025-03-19
67,N/A,UQT 633,MITSUBISHI L300,MEDIUM,VAN,2013,DIESEL,MITSUBISHI,Facility Services,24-0047,MERALCO - Shallow wells w/Pump Maint,Leasing,Internal,2025-03-18,2025-03-19
68,N/A,UQT 632,MITSUBISHI L300,MEDIUM,VAN,2013,DIESEL,MITSUBISHI,Facility Services,24-0047,MERALCO - Shallow wells w/Pump Maint,Leasing,Internal,2025-03-18,2025-03-19
69,N/A,UQT 631,MITSUBISHI L300,MEDIUM,VAN,2013,DIESEL,MITSUBISHI,Transport & TWE Services,25-0093,MBI Car Rental,Leasing,Internal,2025-03-18,2025-03-19
70,N/A,UQR 340,TOYOTA HILUX,MEDIUM,PICK UP,2013,DIESEL,TOYOTA,Home Office,1103060101,HR Operations,Leasing,Internal,2025-03-18,2025-03-19
71,N/A,UQR 237,TOYOTA HILUX,MEDIUM,PICK UP,2013,DIESEL,TOYOTA,Facility Services,24-0050,NLEX Ventilation & Air Condition Services,Leasing,Internal,2025-03-18,2025-03-19
72,N/A,UQR 153,TOYOTA HILUX,MEDIUM,PICK UP,2013,DIESEL,TOYOTA,General Services,25-0132,Meralco CRS South HMB Janitorial Services,Charge to MLI,Internal,2025-03-18,2025-03-19
73,N/A,UQO 733,MITSUBISHI L300,MEDIUM,VAN,2013,DIESEL,MITSUBISHI,Facility Services,24-0048,MERALCO - Substation Aircon Maintenance,Leasing,Internal,2025-03-18,2025-03-19
74,N/A,UQM 927,TOYOTA VIOS,LIGHT,SEDAN,2013,GASOLINE,TOYOTA,Transport & TWE Services,25-0094,MOVEM,Leasing,Internal,2025-03-18,2025-03-19
75,N/A,UQM 299,TOYOTA VIOS,LIGHT,SEDAN,2013,GASOLINE,TOYOTA,Transport & TWE Services,25-0110,Motorpool,Leasing,Internal,2025-03-18,2025-03-19
76,N/A,UQE 774,MITSUBISHI L300,MEDIUM,VAN,2013,DIESEL,MITSUBISHI,Transport & TWE Services,25-0093,MBI Car Rental,Leasing,Internal,2025-03-18,2025-03-19
77,N/A,UPQ 575,TOYOTA AVANZA,LIGHT,AUV,2013,GASOLINE,TOYOTA,Transport & TWE Services,25-0093,MBI Car Rental,Leasing,Internal,2025-03-18,2025-03-19
78,N/A,UPQ 508,TOYOTA AVANZA,LIGHT,AUV,2013,GASOLINE,TOYOTA,Transport & TWE Services,25-0093,MBI Car Rental,Leasing,Internal,2025-03-18,2025-03-19
79,N/A,UIO 357,TOYOTA AVANZA,LIGHT,AUV,2012,GASOLINE,TOYOTA,Facility Services,24-0049,MERALCO - Yard & Control House Maint,Leasing,Internal,2025-03-18,2025-03-19
80,N/A,UIO 335,TOYOTA AVANZA,LIGHT,AUV,2012,GASOLINE,TOYOTA,Transport & TWE Services,25-0110,Motorpool,Charge to MLI,Internal,2025-03-18,2025-03-19
81,N/A,UIO 194,TOYOTA AVANZA,LIGHT,AUV,2012,GASOLINE,TOYOTA,Transport & TWE Services,25-0110,Motorpool,Charge to MLI,Internal,2025-03-18,2025-03-19
82,N/A,UIJ 324,TOYOTA HILUX,MEDIUM,PICK UP,2012,DIESEL,TOYOTA,Home Office,1103060101,HR Operations,Leasing,Internal,2025-03-18,2025-03-19
83,N/A,UIJ 141,TOYOTA AVANZA,LIGHT,AUV,2012,GASOLINE,TOYOTA,Transport & TWE Services,25-0093,MBI Car Rental,Leasing,Internal,2025-03-18,2025-03-19
84,N/A,UIB 520,TOYOTA HILUX,MEDIUM,PICK UP,2016,DIESEL,TOYOTA,Transport & TWE Services,25-0095,MIESCOR - DUS Transpo,Leasing,Internal,2025-03-18,2025-03-19
85,N/A,UHQ 242,TOYOTA AVANZA,LIGHT,AUV,2013,GASOLINE,TOYOTA,Home Office,1103060101,HR Operations,Charge to MLI,Internal,2025-03-18,2025-03-19
86,N/A,UHQ 232,TOYOTA AVANZA,LIGHT,AUV,2013,GASOLINE,TOYOTA,Transport & TWE Services,25-0110,Motorpool,Charge to MLI,Internal,2025-03-18,2025-03-19
87,N/A,UHO581,TOYOTA HILUX,MEDIUM,PICK UP,2013,DIESEL,TOYOTA,Facility Services,24-0052,Various Clients- PM & CM,Charge to MLI,Internal,2025-03-18,2025-03-19
88,N/A,UGO 841,TOYOTA INNOVA,MEDIUM,AUV,2013,DIESEL ,TOYOTA,Transport & TWE Services,25-0095,MIESCOR - DUS Transpo,Leasing,Internal,2025-03-18,2025-03-19
89,N/A,UEO 621,TOYOTA VIOS,LIGHT,SEDAN,2013,GASOLINE,TOYOTA,Transport & TWE Services,25-0095,MIESCOR - DUS Transpo,Leasing,Internal,2025-03-18,2025-03-19
90,N/A,UEO 169,TOYOTA VIOS,LIGHT,SEDAN,2013,GASOLINE,TOYOTA,Transport & TWE Services,25-0095,MIESCOR - DUS Transpo,Leasing,Internal,2025-03-18,2025-03-19
91,N/A,UDI 795,TOYOTA AVANZA,LIGHT,AUV,2013,GASOLINE,TOYOTA,Transport & TWE Services,25-0095,MIESCOR - DUS Transpo,Leasing,Internal,2025-03-18,2025-03-19
92,N/A,UDI 760,TOYOTA AVANZA,LIGHT,AUV,2012,GASOLINE,TOYOTA,Transport & TWE Services,25-0105,Radius - Car Rental,Leasing,Internal,2025-03-18,2025-03-19
93,N/A,UBO 972,MITSUBISHI L300,MEDIUM,VAN,2013,DIESEL,MITSUBISHI,Transport & TWE Services,25-0095,MIESCOR - DUS Transpo,Leasing,Internal,2025-03-18,2025-03-19
94,N/A,U7,MITSUBISHI GRABLIFT,HEAVY,GRABLIFT,2014,LPG,MITSUBISHI,Warehousing Services,25-0018,SCG-Roll Handling Services ,Leasing,Internal,2025-03-18,2025-03-19
95,N/A,U6,MITSUBISHI GRABLIFT,HEAVY,GRABLIFT,2019,LPG,MITSUBISHI,Warehousing Services,25-0018,SCG-Roll Handling Services ,Leasing,Internal,2025-03-18,2025-03-19
96,N/A,U5,FORKLIFT,HEAVY,GRABLIFT,2014,LPG,NISSAN,Warehousing Services,25-0018,SCG-Roll Handling Services ,Leasing,Internal,2025-03-18,2025-03-19
97,N/A,U4,FORKLIFT,HEAVY,GRABLIFT,2014,LPG,NISSAN,Warehousing Services,25-0018,SCG-Roll Handling Services ,Leasing,Internal,2025-03-18,2025-03-19
98,N/A,U3,FORKLIFT,HEAVY,GRABLIFT,2014,LPG,NISSAN,Warehousing Services,25-0018,SCG-Roll Handling Services ,Leasing,Internal,2025-03-18,2025-03-19
99,N/A,U2,FORKLIFT,HEAVY,GRABLIFT,2014,LPG,NISSAN,Warehousing Services,25-0018,SCG-Roll Handling Services ,Leasing,Internal,2025-03-18,2025-03-19
100,N/A,U1,FORKLIFT,HEAVY,GRABLIFT,2014,LPG,NISSAN,Warehousing Services,25-0018,SCG-Roll Handling Services ,Leasing,Internal,2025-03-18,2025-03-19
101,N/A,TYI 787,MITSUBISHI L300,MEDIUM,VAN,2011,DIESEL,MITSUBISHI,Transport & TWE Services,25-0095,MIESCOR - DUS Transpo,Leasing,Internal,2025-03-18,2025-03-19
102,N/A,TYI 311,MITSUBISHI L300,MEDIUM,VAN,2011,DIESEL,MITSUBISHI,Facility Services,24-0049,MERALCO - Yard & Control House Maint,Leasing,Internal,2025-03-18,2025-03-19
103,N/A,TWI 804,TOYOTA VIOS,LIGHT,SEDAN,2011,GASOLINE,TOYOTA,Transport & TWE Services,25-0095,MIESCOR - DUS Transpo,Leasing,Internal,2025-03-18,2025-03-19
104,N/A,TWI 598,TOYOTA VIOS,LIGHT,SEDAN,2011,GASOLINE,TOYOTA,Transport & TWE Services,25-0095,MIESCOR - DUS Transpo,Leasing,Internal,2025-03-18,2025-03-19
105,N/A,TRO 708,MITSUBISHI L300,MEDIUM,VAN,2011,DIESEL,MITSUBISHI,Facility Services,24-0050,NLEX Ventilation & Air Condition Services,Leasing,Internal,2025-03-18,2025-03-19
106,N/A,TRO 616,MITSUBISHI L300,MEDIUM,VAN,2011,DIESEL,MITSUBISHI,Facility Services,24-0049,MERALCO - Yard & Control House Maint,Leasing,Internal,2025-03-18,2025-03-19
107,N/A,TRO 564,MITSUBISHI STRADA,MEDIUM,PICK UP,2011,DIESEL,MITSUBISHI,Warehousing Services,25-0012,MERALCO Kamuning Substation Support Warehousing Project,Leasing,Internal,2025-03-18,2025-03-19
108,N/A,TRO 464,MITSUBISHI L300,MEDIUM,VAN,2011,DIESEL,MITSUBISHI,Transport & TWE Services,25-0095,MIESCOR - DUS Transpo,Leasing,Internal,2025-03-18,2025-03-19
109,N/A,TQS 690,TOYOTA HILUX,MEDIUM,PICK UP,2012,DIESEL,TOYOTA,Facility Services,24-0052,Various Clients- PM & CM,Leasing,Internal,2025-03-18,2025-03-19
110,N/A,TQJ 968,MITSUBISHI L300,MEDIUM,VAN,2010,DIESEL,MITSUBISHI,Transport & TWE Services,25-0093,MBI Car Rental,Leasing,Internal,2025-03-18,2025-03-19
111,N/A,TQJ 595,MITSUBISHI L300,MEDIUM,VAN,2012,DIESEL,MITSUBISHI,Transport & TWE Services,25-0095,MIESCOR - DUS Transpo,Leasing,Internal,2025-03-18,2025-03-19
112,N/A,TQJ 484,MITSUBISHI L300,MEDIUM,VAN,2012,DIESEL,MITSUBISHI,Facility Services,24-0049,MERALCO - Yard & Control House Maint,Leasing,Internal,2025-03-18,2025-03-19
113,N/A,TQJ 447,MITSUBISHI L300,MEDIUM,VAN,2012,DIESEL,MITSUBISHI,Transport & TWE Services,25-0095,MIESCOR - DUS Transpo,Leasing,Internal,2025-03-18,2025-03-19
114,N/A,TQJ 363,MITSUBISHI L300,MEDIUM,VAN,2012,DIESEL,MITSUBISHI,Facility Services,24-0047,MERALCO - Shallow wells w/Pump Maint,Leasing,Internal,2025-03-18,2025-03-19
115,N/A,TQJ 302,MITSUBISHI L300,MEDIUM,VAN,2012,DIESEL,MITSUBISHI,Facility Services,24-0047,MERALCO - Shallow wells w/Pump Maint,Leasing,Internal,2025-03-18,2025-03-19
116,N/A,TQJ 292,MITSUBISHI L300,MEDIUM,VAN,2012,DIESEL,MITSUBISHI,Facility Services,24-0036,MERALCO - Manila Facilities,Leasing,Internal,2025-03-18,2025-03-19
117,N/A,TQJ 281,MITSUBISHI L300,MEDIUM,VAN,2012,DIESEL,MITSUBISHI,Transport & TWE Services,25-0110,Motorpool,Charge to MLI,Internal,2025-03-18,2025-03-19
118,N/A,TQJ 259,MITSUBISHI L300,LIGHT,VAN,2012,DIESEL,MITSUBISHI,Facility Services,24-0048,MERALCO - Substation Aircon Maintenance,Leasing,Internal,2025-03-18,2025-03-19
119,N/A,TQJ 185,MITSUBISHI L300,MEDIUM,VAN,2013,DIESEL,MITSUBISHI,Transport & TWE Services,25-0093,MBI Car Rental,Leasing,Internal,2025-03-18,2025-03-19
120,N/A,TQJ 166,MITSUBISHI L300,MEDIUM,VAN,2012,DIESEL,MITSUBISHI,Transport & TWE Services,25-0093,MBI Car Rental,Leasing,Internal,2025-03-18,2025-03-19
121,N/A,TQI 650,MITSUBISHI L300,MEDIUM,VAN,2011,DIESEL,MITSUBISHI,Project Execution,24-0228,MIESCOR - Supply & Installation of Airconditioning System BACOLOD 1&2 SS Project,Leasing,Internal,2025-03-18,2025-03-19
122,N/A,TQI 303,MITSUBISHI L300,MEDIUM,VAN,2011,DIESEL,MITSUBISHI,Facility Services,24-0048,MERALCO - Substation Aircon Maintenance,Leasing,Internal,2025-03-18,2025-03-19
123,N/A,TQI 252,MITSUBISHI L300,MEDIUM,VAN,2011,DIESEL,MITSUBISHI,Facility Services,24-0050,NLEX Ventilation & Air Condition Services,Leasing,Internal,2025-03-18,2025-03-19
124,N/A,TPQ 426,TOYOTA INNOVA,MEDIUM,AUV,2011,DIESEL ,TOYOTA,Transport & TWE Services,25-0095,MIESCOR - DUS Transpo,Leasing,Internal,2025-03-18,2025-03-19
125,N/A,TOT 609,MITSUBISHI STRADA,MEDIUM,PICK UP,2012,DIESEL,MITSUBISHI,Transport & TWE Services,25-0095,MIESCOR - DUS Transpo,Leasing,Internal,2025-03-18,2025-03-19
126,N/A,TOQ 236,TOYOTA GRANDIA,MEDIUM,VAN,2011,DIESEL ,TOYOTA,Transport & TWE Services,25-0095,MIESCOR - DUS Transpo,Leasing,Internal,2025-03-18,2025-03-19
127,N/A,TNV 668,STAKE TRUCK,HEAVY,TRUCK,1994,DIESEL,FUSO,Transport & TWE Services,25-0110,Motorpool,Charge to MLI,Internal,2025-03-18,2025-03-19
128,N/A,TMV 265,STAKE TRUCK,HEAVY,TRUCK,1994,DIESEL,NISSAN,Warehousing Services,25-0013,MERALCO MMO Hauling Services,Leasing,Internal,2025-03-18,2025-03-19
129,N/A,TMQ 857,MITSUBISHI L300,MEDIUM,VAN,2011,DIESEL,MITSUBISHI,Transport & TWE Services,25-0102,MIESCOR - Car Rental,Leasing,Internal,2025-03-18,2025-03-19
130,N/A,TMQ 756,MITSUBISHI L300,MEDIUM,VAN,2003,DIESEL,MITSUBISHI,Transport & TWE Services,25-0095,MIESCOR - DUS Transpo,Leasing,Internal,2025-03-18,2025-03-19
131,N/A,TMQ 715,MITSUBISHI L300,MEDIUM,VAN,2011,DIESEL,MITSUBISHI,Facility Services,24-0048,MERALCO - Substation Aircon Maintenance,Leasing,Internal,2025-03-18,2025-03-19
132,N/A,TIR 684,MITSUBISHI L300,MEDIUM,VAN,2012,DIESEL,MITSUBISHI,Facility Services,24-0036,MERALCO - Manila Facilities,Leasing,Internal,2025-03-18,2025-03-19
133,N/A,TIJ 307,TOYOTA VIOS,LIGHT,SEDAN,2011,GASOLINE,TOYOTA,Home Office,1103060101,HR Operations,Charge to MLI,Internal,2025-03-18,2025-03-19
134,N/A,TIJ 257,TOYOTA INNOVA,MEDIUM,AUV,2011,DIESEL ,TOYOTA,Transport & TWE Services,25-0095,MIESCOR - DUS Transpo,Leasing,Internal,2025-03-18,2025-03-19
135,N/A,TIA 677,MITSUBISHI L300,MEDIUM,VAN,2012,DIESEL,MITSUBISHI,Transport & TWE Services,25-0093,MBI Car Rental,Leasing,Internal,2025-03-18,2025-03-19
136,N/A,TIA 266,MITSUBISHI L300,MEDIUM,VAN,2011,DIESEL,MITSUBISHI,Transport & TWE Services,25-0093,MBI Car Rental,Leasing,Internal,2025-03-18,2025-03-19
137,N/A,TGQ 446,MITSUBISHI L300,MEDIUM,VAN,2011,DIESEL,MITSUBISHI,Facility Services,24-0050,NLEX Ventilation & Air Condition Services,Leasing,Internal,2025-03-18,2025-03-19
138,N/A,TEI 969,MITSUBISHI L300,MEDIUM,VAN,2011,DIESEL,MITSUBISHI,Transport & TWE Services,25-0102,MIESCOR - Car Rental,Leasing,Internal,2025-03-18,2025-03-19
139,N/A,SR026,FORKLIFT,HEAVY,FORKLIFT,2013,DIESEL,HYUNDAI,Warehousing Services,25-0009,MERALCO Sta Rosa Warehousing Project,Leasing,Internal,2025-03-18,2025-03-19
140,N/A,SP120,FORKLIFT,HEAVY,FORKLIFT,1998,DIESEL,CATERPILLAR,Warehousing Services,25-0010,MERALCO Batangas Warehousing Project,Leasing,Internal,2025-03-18,2025-03-19
141,N/A,SJ107,FORKLIFT,HEAVY,FORKLIFT,1993,DIESEL,CATERPILLAR,Warehousing Services,25-0001,MERALCO Manila Warehousing Project,Charge to MLI,Internal,2025-03-18,2025-03-19
142,N/A,RFR 568,ISUZU CARGO TRUCK,MEDIUM,TRUCK,,DIESEL,ISUZU,Warehousing Services,25-0013,MERALCO MMO Hauling Services,Leasing,Internal,2025-03-18,2025-03-19
143,N/A,NBE 7875,TATA MANZA,LIGHT,SEDAN,2016,GASOLINE,TATA,Transport & TWE Services,25-0110,Motorpool,Leasing,Internal,2025-03-18,2025-03-19
144,N/A,PRI 652,TOYOTA INNOVA,MEDIUM,AUV,2010,DIESEL ,TOYOTA,Transport & TWE Services,25-0095,MIESCOR - DUS Transpo,Charge to MLI,Internal,2025-03-18,2025-03-19
145,N/A,PRI 342,TOYOTA INNOVA,MEDIUM,AUV,2010,DIESEL ,TOYOTA,Transport & TWE Services,25-0095,MIESCOR - DUS Transpo,Leasing,Internal,2025-03-18,2025-03-19
146,N/A,PQY 945,TOYOTA VIOS,LIGHT,SEDAN,2011,GASOLINE,TOYOTA,Transport & TWE Services,25-0095,MIESCOR - DUS Transpo,Leasing,Internal,2025-03-18,2025-03-19
147,N/A,PQY 668,TOYOTA VIOS,LIGHT,SEDAN,2011,GASOLINE,TOYOTA,Transport & TWE Services,25-0095,MIESCOR - DUS Transpo,Leasing,Internal,2025-03-18,2025-03-19
148,N/A,PQY 390,TOYOTA VIOS,LIGHT,SEDAN,2011,GASOLINE,TOYOTA,Transport & TWE Services,25-0110,Motorpool,Leasing,Internal,2025-03-18,2025-03-19
149,N/A,PQY 209,TOYOTA VIOS,LIGHT,SEDAN,2011,GASOLINE,TOYOTA,Transport & TWE Services,25-0095,MIESCOR - DUS Transpo,Leasing,Internal,2025-03-18,2025-03-19
150,N/A,PQY 119,TOYOTA VIOS,LIGHT,SEDAN,2011,GASOLINE,TOYOTA,Transport & TWE Services,25-0095,MIESCOR - DUS Transpo,Leasing,Internal,2025-03-18,2025-03-19
151,N/A,PQW 900,TOYOTA INNOVA,MEDIUM,AUV,2011,DIESEL ,TOYOTA,Home Office,1103060101,HR Operations,Charge to MLI,Internal,2025-03-18,2025-03-19
152,N/A,POW 452,HYUNDAI STAREX,MEDIUM,VAN,2011,DIESEL ,HYUNDAI,Home Office,1103060101,HR Operations,Charge to MLI,Internal,2025-03-18,2025-03-19
153,N/A,POU 502,TOYOTA VIOS,LIGHT,SEDAN,2011,GASOLINE,TOYOTA,Transport & TWE Services,25-0093,MBI Car Rental,Leasing,Internal,2025-03-18,2025-03-19
154,N/A,POU 226,TOYOTA VIOS,LIGHT,SEDAN,2011,GASOLINE,TOYOTA,Home Office,1103060101,HR Operations,Charge to MLI,Internal,2025-03-18,2025-03-19
155,N/A,POU 193,TOYOTA VIOS,LIGHT,SEDAN,2011,GASOLINE,TOYOTA,Warehousing Services,25-0018,SCG-Roll Handling Services ,Charge to MLI,Internal,2025-03-18,2025-03-19
156,N/A,POU 155,TOYOTA VIOS,LIGHT,SEDAN,2011,GASOLINE,TOYOTA,Facility Services,24-0049,MERALCO - Yard & Control House Maint,Leasing,Internal,2025-03-18,2025-03-19
157,N/A,POU 145,TOYOTA VIOS,LIGHT,SEDAN,2011,GASOLINE,TOYOTA,Transport & TWE Services,25-0093,MBI Car Rental,Leasing,Internal,2025-03-18,2025-03-19
158,N/A,POP 857,TOYOTA VIOS,LIGHT,SEDAN,2011,GASOLINE,TOYOTA,Transport & TWE Services,25-0095,MIESCOR - DUS Transpo,Leasing,Internal,2025-03-18,2025-03-19
159,N/A,PNZ 499,STAKE TRUCK,HEAVY,TRUCK,1989,DIESEL,HINO,Transport & TWE Services,25-0110,Motorpool,Charge to MLI,Internal,2025-03-18,2025-03-19
160,N/A,PNR 166,STAKE TRUCK,HEAVY,TRUCK,1990,DIESEL,FUSO,Transport & TWE Services,25-0110,Motorpool,Charge to MLI,Internal,2025-03-18,2025-03-19
161,N/A,PMN 975,STAKE TRUCK,HEAVY,TRUCK,1989,DIESEL,HINO,Transport & TWE Services,25-0110,Motorpool,Charge to MLI,Internal,2025-03-18,2025-03-19
162,N/A,PII 486,TOYOTA INNOVA,MEDIUM,AUV,2010,DIESEL ,TOYOTA,Transport & TWE Services,25-0095,MIESCOR - DUS Transpo,Leasing,Internal,2025-03-18,2025-03-19
163,N/A,NGN 2834,TOYOTA HILUX,MEDIUM,PICK UP,2021,DIESEL,TOYOTA,Transport & TWE Services,25-0106,Texicon Agri Ventures Corporation - Vehicle Agreement,Leasing,Internal,2025-03-18,2025-03-19
164,N/A,NGN 2831,TOYOTA HILUX,MEDIUM,PICK UP,2021,DIESEL,TOYOTA,Transport & TWE Services,25-0106,Texicon Agri Ventures Corporation - Vehicle Agreement,Leasing,Internal,2025-03-18,2025-03-19
165,N/A,OZ 2155,HONDA WAVE,LIGHT,MOTORCYCLE,2006,GASOLINE,HONDA,Transport & TWE Services,25-0110,Motorpool,Charge to MLI,Internal,2025-03-18,2025-03-19
166,N/A,NWO 763,ISUZU TRUCK NHR,LIGHT,PICK UP,2009,DIESEL,ISUZU,Facility Services,24-0036,MERALCO - Manila Facilities,Leasing,Internal,2025-03-18,2025-03-19
167,N/A,NRO 389,TOYOTA VIOS,LIGHT,SEDAN,2011,GASOLINE,TOYOTA,Transport & TWE Services,25-0093,MBI Car Rental,Leasing,Internal,2025-03-18,2025-03-19
168,N/A,NRO 120,TOYOTA VIOS,LIGHT,SEDAN,2009,GASOLINE,TOYOTA,Home Office,1103060101,HR Operations,Leasing,Internal,2025-03-18,2025-03-19
169,N/A,NQT 664,TOYOTA INNOVA,MEDIUM,AUV,2011,DIESEL ,TOYOTA,Transport & TWE Services,25-0084,Atimonan One Energy,Leasing,Internal,2025-03-18,2025-03-19
170,N/A,NQT 245,TOYOTA INNOVA,MEDIUM,AUV,2011,DIESEL ,TOYOTA,Transport & TWE Services,25-0095,MIESCOR - DUS Transpo,Leasing,Internal,2025-03-18,2025-03-19
171,N/A,NQL 955,TOYOTA VIOS,LIGHT,SEDAN,2010,GASOLINE,TOYOTA,Facility Services,24-0050,NLEX Ventilation & Air Condition Services,Leasing,Internal,2025-03-18,2025-03-19
172,N/A,NQL 895,TOYOTA VIOS,LIGHT,SEDAN,2011,GASOLINE,TOYOTA,Transport & TWE Services,25-0095,MIESCOR - DUS Transpo,Leasing,Internal,2025-03-18,2025-03-19
173,N/A,NQL 424,TOYOTA VIOS,LIGHT,SEDAN,2010,GASOLINE,TOYOTA,Home Office,1103060101,HR Operations,Charge to MLI,Internal,2025-03-18,2025-03-19
174,N/A,NQL 117,TOYOTA VIOS,LIGHT,SEDAN,2010,GASOLINE,TOYOTA,Transport & TWE Services,25-0095,MIESCOR - DUS Transpo,Leasing,Internal,2025-03-18,2025-03-19
175,N/A,NIV 194,MITSUBISHI L300,MEDIUM,VAN,2011,DIESEL,MITSUBISHI,Transport & TWE Services,25-0093,MBI Car Rental,Leasing,Internal,2025-03-18,2025-03-19
176,N/A,NHG 7064,TOYOTA INNOVA,MEDIUM,AUV,2023,GASOLINE,TOYOTA,Transport & TWE Services,25-0103,MPIONEER - Car Rental,Leasing,Internal,2025-03-18,2025-03-19
177,N/A,NHA 1007,MITSUBISHI L300,MEDIUM,VAN,2021,DIESEL,MITSUBISHI,Transport & TWE Services,25-0095,MIESCOR - DUS Transpo,Leasing,Internal,2025-03-18,2025-03-19
178,N/A,NFO 594,TOYOTA INNOVA,MEDIUM,AUV,2009,DIESEL ,TOYOTA,Transport & TWE Services,25-0095,MIESCOR - DUS Transpo,Leasing,Internal,2025-03-18,2025-03-19
179,N/A,NFO 554,TOYOTA INNOVA,MEDIUM,AUV,2009,DIESEL ,TOYOTA,Transport & TWE Services,25-0095,MIESCOR - DUS Transpo,Leasing,Internal,2025-03-18,2025-03-19
180,N/A,NDZ 7946,MITSUBISHI L300,MEDIUM,VAN,2021,DIESEL,MITSUBISHI,Transport & TWE Services,25-0095,MIESCOR - DUS Transpo,Leasing,Internal,2025-03-18,2025-03-19
181,N/A,NDZ 7945,MITSUBISHI L300,MEDIUM,VAN,2021,DIESEL,MITSUBISHI,Transport & TWE Services,25-0095,MIESCOR - DUS Transpo,Leasing,Internal,2025-03-18,2025-03-19
182,N/A,NDZ 7944,MITSUBISHI L300,MEDIUM,VAN,2021,DIESEL,MITSUBISHI,Transport & TWE Services,25-0095,MIESCOR - DUS Transpo,Leasing,Internal,2025-03-18,2025-03-19
183,N/A,NDZ 7943,MITSUBISHI L300,MEDIUM,VAN,2021,DIESEL,MITSUBISHI,Transport & TWE Services,25-0095,MIESCOR - DUS Transpo,Leasing,Internal,2025-03-18,2025-03-19
184,N/A,NDZ 7942,MITSUBISHI L300,MEDIUM,VAN,2021,DIESEL,MITSUBISHI,Transport & TWE Services,25-0095,MIESCOR - DUS Transpo,Leasing,Internal,2025-03-18,2025-03-19
185,N/A,NDZ 7941,MITSUBISHI L300,MEDIUM,VAN,2021,DIESEL,MITSUBISHI,Transport & TWE Services,25-0095,MIESCOR - DUS Transpo,Leasing,Internal,2025-03-18,2025-03-19
186,N/A,NDZ 7940,MITSUBISHI L300,MEDIUM,VAN,2021,DIESEL,MITSUBISHI,Transport & TWE Services,25-0095,MIESCOR - DUS Transpo,Leasing,Internal,2025-03-18,2025-03-19
187,N/A,NDZ 7939,MITSUBISHI L300,MEDIUM,VAN,2021,DIESEL,MITSUBISHI,Transport & TWE Services,25-0095,MIESCOR - DUS Transpo,Leasing,Internal,2025-03-18,2025-03-19
188,N/A,NDZ 7938,MITSUBISHI L300,MEDIUM,VAN,2021,DIESEL,MITSUBISHI,Transport & TWE Services,25-0095,MIESCOR - DUS Transpo,Leasing,Internal,2025-03-18,2025-03-19
189,N/A,NDY 5021,TOYOTA HILUX,MEDIUM,PICK UP,2016,DIESEL,TOYOTA,Transport & TWE Services,25-0102,MIESCOR - Car Rental,Leasing,Internal,2025-03-18,2025-03-19
190,N/A,NDY 3170,TOYOTA VIOS,LIGHT,SEDAN,2016,GASOLINE,TOYOTA,Transport & TWE Services,25-0095,MIESCOR - DUS Transpo,Leasing,Internal,2025-03-18,2025-03-19
191,N/A,NDX 8228,TOYOTA AVANZA,LIGHT,AUV,2016,GASOLINE,TOYOTA,Transport & TWE Services,25-0097,"Blue Leaf Energy Services Philippines, Inc. ",Leasing,Internal,2025-03-18,2025-03-19
192,N/A,NDV 9692,TOYOTA VIOS,LIGHT,SEDAN,2016,GASOLINE,TOYOTA,Transport & TWE Services,25-0095,MIESCOR - DUS Transpo,Leasing,Internal,2025-03-18,2025-03-19
193,N/A,NDS 6040,TOYOTA GRANDIA,MEDIUM,VAN,2016,DIESEL ,TOYOTA,Home Office,1103060101,HR Operations,Charge to MLI,Internal,2025-03-18,2025-03-19
194,N/A,NDR 7569,TOYOTA HILUX,MEDIUM,PICK UP,2016,DIESEL,TOYOTA,Transport & TWE Services,25-0102,MIESCOR - Car Rental,Leasing,Internal,2025-03-18,2025-03-19
195,N/A,NDQ 9941,TOYOTA VIOS,LIGHT,SEDAN,2016,GASOLINE,TOYOTA,Transport & TWE Services,25-0095,MIESCOR - DUS Transpo,Leasing,Internal,2025-03-18,2025-03-19
196,N/A,NDG 6192,TOYOTA INNOVA,MEDIUM,AUV,2017,DIESEL ,TOYOTA,Transport & TWE Services,25-0095,MIESCOR - DUS Transpo,Leasing,Internal,2025-03-18,2025-03-19
197,N/A,NDF 7109,TOYOTA HILUX,MEDIUM,PICK UP,2016,DIESEL,TOYOTA,Transport & TWE Services,25-0102,MIESCOR - Car Rental,Leasing,Internal,2025-03-18,2025-03-19
198,N/A,NDF 7108,TOYOTA INNOVA,MEDIUM,AUV,2016,DIESEL ,TOYOTA,Transport & TWE Services,25-0095,MIESCOR - DUS Transpo,Leasing,Internal,2025-03-18,2025-03-19
199,N/A,NDF 7107,TOYOTA INNOVA,MEDIUM,AUV,2016,DIESEL ,TOYOTA,Transport & TWE Services,25-0095,MIESCOR - DUS Transpo,Leasing,Internal,2025-03-18,2025-03-19
200,N/A,NDC 5114,TOYOTA HILUX,MEDIUM,PICK UP,2016,DIESEL,TOYOTA,Transport & TWE Services,25-0095,MIESCOR - DUS Transpo,Leasing,Internal,2025-03-18,2025-03-19
201,N/A,NDC 5113,TOYOTA HILUX,MEDIUM,PICK UP,2016,DIESEL,TOYOTA,Transport & TWE Services,25-0095,MIESCOR - DUS Transpo,Leasing,Internal,2025-03-18,2025-03-19
202,N/A,NDC 5112,TOYOTA HILUX,MEDIUM,PICK UP,2016,DIESEL,TOYOTA,Transport & TWE Services,25-0095,MIESCOR - DUS Transpo,Leasing,Internal,2025-03-18,2025-03-19
203,N/A,NCW 1959,TOYOTA HILUX,MEDIUM,PICK UP,2018,DIESEL,TOYOTA,Transport & TWE Services,25-0104,Radius Telecoms,Leasing,Internal,2025-03-18,2025-03-19
204,N/A,NCW 1958,TOYOTA HILUX,MEDIUM,PICK UP,2018,DIESEL,TOYOTA,Transport & TWE Services,25-0104,Radius Telecoms,Leasing,Internal,2025-03-18,2025-03-19
205,N/A,NCV 9110,TOYOTA HILUX,MEDIUM,PICK UP,2018,DIESEL,TOYOTA,Transport & TWE Services,25-0104,Radius Telecoms,Leasing,Internal,2025-03-18,2025-03-19
206,N/A,NCV 7524,TOYOTA HILUX,MEDIUM,PICK UP,2018,DIESEL,TOYOTA,Transport & TWE Services,25-0104,Radius Telecoms,Leasing,Internal,2025-03-18,2025-03-19
207,N/A,NCV 7523,TOYOTA HILUX,MEDIUM,PICK UP,2018,DIESEL,TOYOTA,Transport & TWE Services,25-0104,Radius Telecoms,Leasing,Internal,2025-03-18,2025-03-19
208,N/A,NCV 7032,TOYOTA FORTUNER,LIGHT,SUV,2018,DIESEL ,TOYOTA,Transport & TWE Services,25-0096,M-GEN Global Business Power,Leasing,Internal,2025-03-18,2025-03-19
209,N/A,NCQ 8985,TOYOTA HILUX,MEDIUM,PICK UP,2018,DIESEL,TOYOTA,Transport & TWE Services,25-0104,Radius Telecoms,Leasing,Internal,2025-03-18,2025-03-19
210,N/A,NCQ 3939,TOYOTA INNOVA,MEDIUM,AUV,2018,DIESEL ,TOYOTA,Transport & TWE Services,25-0095,MIESCOR - DUS Transpo,Leasing,Internal,2025-03-18,2025-03-19
211,N/A,NCQ 3937,TOYOTA INNOVA,MEDIUM,AUV,2018,DIESEL ,TOYOTA,Transport & TWE Services,25-0095,MIESCOR - DUS Transpo,Leasing,Internal,2025-03-18,2025-03-19
212,N/A,NCQ 3936,TOYOTA HILUX,MEDIUM,PICK UP,2018,DIESEL,TOYOTA,Transport & TWE Services,25-0104,Radius Telecoms,Leasing,Internal,2025-03-18,2025-03-19
213,N/A,NCP 9162,TOYOTA INNOVA,MEDIUM,AUV,2018,DIESEL ,TOYOTA,Transport & TWE Services,25-0095,MIESCOR - DUS Transpo,Leasing,Internal,2025-03-18,2025-03-19
214,N/A,NCP 9161,TOYOTA HILUX,MEDIUM,PICK UP,2018,DIESEL,TOYOTA,Transport & TWE Services,25-0095,MIESCOR - DUS Transpo,Leasing,Internal,2025-03-18,2025-03-19
215,N/A,NCP 9155,TOYOTA INNOVA,MEDIUM,AUV,2018,DIESEL ,TOYOTA,Transport & TWE Services,25-0095,MIESCOR - DUS Transpo,Leasing,Internal,2025-03-18,2025-03-19
216,N/A,NCP 7721,TOYOTA INNOVA,MEDIUM,AUV,2017,DIESEL ,TOYOTA,Transport & TWE Services,25-0095,MIESCOR - DUS Transpo,Leasing,Internal,2025-03-18,2025-03-19
217,N/A,NCP 7718,TOYOTA HILUX,MEDIUM,PICK UP,2017,DIESEL,TOYOTA,Transport & TWE Services,25-0095,MIESCOR - DUS Transpo,Leasing,Internal,2025-03-18,2025-03-19
218,N/A,NCP 7716,TOYOTA INNOVA,MEDIUM,AUV,2017,DIESEL ,TOYOTA,Transport & TWE Services,25-0095,MIESCOR - DUS Transpo,Leasing,Internal,2025-03-18,2025-03-19
219,N/A,NCP 7715,TOYOTA INNOVA,MEDIUM,AUV,2017,DIESEL ,TOYOTA,Transport & TWE Services,25-0095,MIESCOR - DUS Transpo,Leasing,Internal,2025-03-18,2025-03-19
220,N/A,NCP 1829,TOYOTA HILUX,MEDIUM,PICK UP,2017,DIESEL,TOYOTA,Transport & TWE Services,25-0095,MIESCOR - DUS Transpo,Leasing,Internal,2025-03-18,2025-03-19
221,N/A,NCP 1827,TOYOTA HILUX,MEDIUM,PICK UP,2017,DIESEL,TOYOTA,Transport & TWE Services,25-0095,MIESCOR - DUS Transpo,Leasing,Internal,2025-03-18,2025-03-19
222,N/A,NCP 1826,TOYOTA HILUX,MEDIUM,PICK UP,2017,DIESEL,TOYOTA,Transport & TWE Services,25-0102,MIESCOR - Car Rental,Leasing,Internal,2025-03-18,2025-03-19
223,N/A,NCP 1825,TOYOTA HILUX,MEDIUM,PICK UP,2017,DIESEL,TOYOTA,Transport & TWE Services,25-0095,MIESCOR - DUS Transpo,Leasing,Internal,2025-03-18,2025-03-19
224,N/A,NCP 1665,TOYOTA VIOS,LIGHT,SEDAN,2017,GASOLINE,TOYOTA,Transport & TWE Services,25-0095,MIESCOR - DUS Transpo,Leasing,Internal,2025-03-18,2025-03-19
225,N/A,NCP 1663,TOYOTA VIOS,LIGHT,SEDAN,2017,GASOLINE,TOYOTA,Transport & TWE Services,25-0095,MIESCOR - DUS Transpo,Leasing,Internal,2025-03-18,2025-03-19
226,N/A,NCP 1661,TOYOTA VIOS,LIGHT,SEDAN,2017,GASOLINE,TOYOTA,Transport & TWE Services,25-0095,MIESCOR - DUS Transpo,Leasing,Internal,2025-03-18,2025-03-19
227,N/A,NCP 1657,TOYOTA VIOS,LIGHT,SEDAN,2017,GASOLINE,TOYOTA,Transport & TWE Services,25-0095,MIESCOR - DUS Transpo,Leasing,Internal,2025-03-18,2025-03-19
228,N/A,NCP 1655,TOYOTA VIOS,LIGHT,SEDAN,2017,GASOLINE,TOYOTA,Transport & TWE Services,25-0095,MIESCOR - DUS Transpo,Leasing,Internal,2025-03-18,2025-03-19
229,N/A,NCP 1652,TOYOTA VIOS,LIGHT,SEDAN,2017,GASOLINE,TOYOTA,Transport & TWE Services,25-0095,MIESCOR - DUS Transpo,Leasing,Internal,2025-03-18,2025-03-19
230,N/A,NCP 1650,TOYOTA VIOS,LIGHT,SEDAN,2017,GASOLINE,TOYOTA,Transport & TWE Services,25-0095,MIESCOR - DUS Transpo,Leasing,Internal,2025-03-18,2025-03-19
231,N/A,NCP 1647,TOYOTA VIOS,LIGHT,SEDAN,2017,GASOLINE,TOYOTA,Transport & TWE Services,25-0095,MIESCOR - DUS Transpo,Leasing,Internal,2025-03-18,2025-03-19
232,N/A,NCP 1642,TOYOTA VIOS,LIGHT,SEDAN,2017,GASOLINE,TOYOTA,Transport & TWE Services,25-0095,MIESCOR - DUS Transpo,Leasing,Internal,2025-03-18,2025-03-19
233,N/A,NCO 2914,TOYOTA VIOS,LIGHT,SEDAN,2013,GASOLINE,TOYOTA,Transport & TWE Services,25-0095,MIESCOR - DUS Transpo,Leasing,Internal,2025-03-18,2025-03-19
234,N/A,NCO 2912,TOYOTA VIOS,LIGHT,SEDAN,2017,GASOLINE,TOYOTA,Transport & TWE Services,25-0095,MIESCOR - DUS Transpo,Leasing,Internal,2025-03-18,2025-03-19
235,N/A,NCO 2906,TOYOTA VIOS,LIGHT,SEDAN,2017,GASOLINE,TOYOTA,Transport & TWE Services,25-0095,MIESCOR - DUS Transpo,Leasing,Internal,2025-03-18,2025-03-19
236,N/A,NCO 2905,TOYOTA VIOS,LIGHT,SEDAN,2017,GASOLINE,TOYOTA,Transport & TWE Services,25-0095,MIESCOR - DUS Transpo,Leasing,Internal,2025-03-18,2025-03-19
237,N/A,NCO 2904,TOYOTA VIOS,LIGHT,SEDAN,2017,GASOLINE,TOYOTA,Transport & TWE Services,25-0095,MIESCOR - DUS Transpo,Leasing,Internal,2025-03-18,2025-03-19
238,N/A,NCO 2903,TOYOTA VIOS,LIGHT,SEDAN,2017,GASOLINE,TOYOTA,Transport & TWE Services,25-0095,MIESCOR - DUS Transpo,Leasing,Internal,2025-03-18,2025-03-19
239,N/A,NCO 2902,TOYOTA VIOS,LIGHT,SEDAN,2017,GASOLINE,TOYOTA,Transport & TWE Services,25-0095,MIESCOR - DUS Transpo,Leasing,Internal,2025-03-18,2025-03-19
240,N/A,NCN 8463,TOYOTA VIOS,LIGHT,SEDAN,2017,GASOLINE,TOYOTA,Transport & TWE Services,25-0095,MIESCOR - DUS Transpo,Leasing,Internal,2025-03-18,2025-03-19
241,N/A,NCN 6201,TOYOTA VIOS,LIGHT,SEDAN,2017,GASOLINE,TOYOTA,Transport & TWE Services,25-0095,MIESCOR - DUS Transpo,Leasing,Internal,2025-03-18,2025-03-19
242,N/A,NCN 4689,TOYOTA VIOS,LIGHT,SEDAN,2017,GASOLINE,TOYOTA,Transport & TWE Services,25-0095,MIESCOR - DUS Transpo,Leasing,Internal,2025-03-18,2025-03-19
243,N/A,NCN 2712,TOYOTA VIOS,LIGHT,SEDAN,2017,GASOLINE,TOYOTA,Transport & TWE Services,25-0095,MIESCOR - DUS Transpo,Leasing,Internal,2025-03-18,2025-03-19
244,N/A,NCN 2472,TOYOTA VIOS,LIGHT,SEDAN,2017,GASOLINE,TOYOTA,Transport & TWE Services,25-0095,MIESCOR - DUS Transpo,Leasing,Internal,2025-03-18,2025-03-19
245,N/A,NCN 2470,TOYOTA VIOS,LIGHT,SEDAN,2017,GASOLINE,TOYOTA,Transport & TWE Services,25-0095,MIESCOR - DUS Transpo,Leasing,Internal,2025-03-18,2025-03-19
246,N/A,NEI 8051,MAHINDRA SUPRO,LIGHT,VAN,2017,DIESEL,MAHINDRA,Transport & TWE Services,25-0093,MBI Car Rental,Leasing,Internal,2025-03-18,2025-03-19
247,N/A,NEI 8050,MAHINDRA SUPRO,LIGHT,VAN,2017,DIESEL,MAHINDRA,Transport & TWE Services,25-0093,MBI Car Rental,Leasing,Internal,2025-03-18,2025-03-19
248,N/A,NCR 4323,MAHINDRA ENFORCER,LIGHT,PICK UP,2016,DIESEL,MAHINDRA,Transport & TWE Services,25-0093,MBI Car Rental,Leasing,Internal,2025-03-18,2025-03-19
249,N/A,NCR 4321,MAHINDRA ENFORCER,LIGHT,PICK UP,2016,DIESEL,MAHINDRA,Transport & TWE Services,25-0093,MBI Car Rental,Leasing,Internal,2025-03-18,2025-03-19
250,N/A,NCR 4320,MAHINDRA ENFORCER,LIGHT,PICK UP,2016,DIESEL,MAHINDRA,Transport & TWE Services,25-0110,Motorpool,Charge to MLI,Internal,2025-03-18,2025-03-19
251,N/A,NCR 4318,MAHINDRA ENFORCER,LIGHT,PICK UP,2016,DIESEL,MAHINDRA,Transport & TWE Services,25-0093,MBI Car Rental,Leasing,Internal,2025-03-18,2025-03-19
252,N/A,NCR 4317,MAHINDRA ENFORCER,LIGHT,PICK UP,2016,DIESEL,MAHINDRA,Transport & TWE Services,25-0095,MIESCOR - DUS Transpo,,Internal,2025-03-18,2025-03-19
253,N/A,NCR 4315,MAHINDRA ENFORCER,LIGHT,PICK UP,2016,DIESEL,MAHINDRA,Transport & TWE Services,25-0093,MBI Car Rental,Leasing,Internal,2025-03-18,2025-03-19
254,N/A,NCJ 6369,TOYOTA GRANDIA,MEDIUM,VAN,2017,DIESEL ,TOYOTA,Transport & TWE Services,25-0097,"Blue Leaf Energy Services Philippines, Inc. ",Leasing,Internal,2025-03-18,2025-03-19
255,N/A,NCJ 4939,TOYOTA INNOVA,MEDIUM,AUV,2016,DIESEL ,TOYOTA,Transport & TWE Services,25-0095,MIESCOR - DUS Transpo,Leasing,Internal,2025-03-18,2025-03-19
256,N/A,NCJ 4938,TOYOTA INNOVA,MEDIUM,AUV,2016,DIESEL ,TOYOTA,Transport & TWE Services,25-0095,MIESCOR - DUS Transpo,Leasing,Internal,2025-03-18,2025-03-19
257,N/A,NCJ 4937,TOYOTA INNOVA,MEDIUM,AUV,2016,DIESEL ,TOYOTA,Transport & TWE Services,25-0095,MIESCOR - DUS Transpo,Leasing,Internal,2025-03-18,2025-03-19
258,N/A,NCG 7056,TOYOTA HILUX,MEDIUM,PICK UP,2016,DIESEL,TOYOTA,Transport & TWE Services,25-0095,MIESCOR - DUS Transpo,Leasing,Internal,2025-03-18,2025-03-19
259,N/A,NCF 4987,TOYOTA HILUX,MEDIUM,PICK UP,2016,DIESEL,TOYOTA,Transport & TWE Services,25-0105,Radius - Car Rental,Leasing,Internal,2025-03-18,2025-03-19
260,N/A,NCE 9354,TOYOTA INNOVA,MEDIUM,AUV,2016,DIESEL ,TOYOTA,Transport & TWE Services,25-0095,MIESCOR - DUS Transpo,Leasing,Internal,2025-03-18,2025-03-19
261,N/A,NCE 5606,TOYOTA AVANZA,LIGHT,AUV,2016,GASOLINE,TOYOTA,Transport & TWE Services,25-0105,Radius - Car Rental,Leasing,Internal,2025-03-18,2025-03-19
262,N/A,NCE 5590,TOYOTA VIOS,LIGHT,SEDAN,2016,GASOLINE,TOYOTA,Transport & TWE Services,25-0095,MIESCOR - DUS Transpo,Leasing,Internal,2025-03-18,2025-03-19
263,N/A,NCE 2207,TOYOTA VIOS,LIGHT,SEDAN,2016,GASOLINE,TOYOTA,Transport & TWE Services,25-0095,MIESCOR - DUS Transpo,Leasing,Internal,2025-03-18,2025-03-19
264,N/A,NCE 2206,TOYOTA VIOS,LIGHT,SEDAN,2016,GASOLINE,TOYOTA,Transport & TWE Services,25-0095,MIESCOR - DUS Transpo,Leasing,Internal,2025-03-18,2025-03-19
265,N/A,NCR 4314,MAHINDRA ENFORCER,LIGHT,PICK UP,2016,DIESEL,MAHINDRA,Transport & TWE Services,25-0093,MBI Car Rental,Leasing,Internal,2025-03-18,2025-03-19
266,N/A,NCR 4313,MAHINDRA ENFORCER,LIGHT,PICK UP,2016,DIESEL,MAHINDRA,Transport & TWE Services,25-0095,MIESCOR - DUS Transpo,Leasing,Internal,2025-03-18,2025-03-19
267,N/A,NCL 1786,MAHINDRA ENFORCER,LIGHT,PICK UP,2016,DIESEL,MAHINDRA,Transport & TWE Services,25-0110,Motorpool,Charge to MLI,Internal,2025-03-18,2025-03-19
268,N/A,NCL 1784,MAHINDRA ENFORCER,LIGHT,PICK UP,2016,DIESEL,MAHINDRA,Transport & TWE Services,25-0095,MIESCOR - DUS Transpo,Leasing,Internal,2025-03-18,2025-03-19
269,N/A,NCL 1783,MAHINDRA ENFORCER,LIGHT,PICK UP,2016,DIESEL,MAHINDRA,Transport & TWE Services,25-0095,MIESCOR - DUS Transpo,Leasing,Internal,2025-03-18,2025-03-19
270,N/A,NCL 1782,MAHINDRA ENFORCER,LIGHT,PICK UP,2016,DIESEL,MAHINDRA,Transport & TWE Services,25-0095,MIESCOR - DUS Transpo,Leasing,Internal,2025-03-18,2025-03-19
271,N/A,NCL 1781,MAHINDRA ENFORCER,LIGHT,PICK UP,2016,DIESEL,MAHINDRA,Transport & TWE Services,25-0110,Motorpool,Charge to MLI,Internal,2025-03-18,2025-03-19
272,N/A,NCL 1780,MAHINDRA ENFORCER,LIGHT,PICK UP,2016,DIESEL,MAHINDRA,Transport & TWE Services,25-0095,MIESCOR - DUS Transpo,Leasing,Internal,2025-03-18,2025-03-19
273,N/A,NCL 1779,MAHINDRA ENFORCER,LIGHT,PICK UP,2016,DIESEL,MAHINDRA,Transport & TWE Services,25-0110,Motorpool,Charge to MLI,Internal,2025-03-18,2025-03-19
274,N/A,NCL 1776,MAHINDRA ENFORCER,LIGHT,PICK UP,2016,DIESEL,MAHINDRA,Transport & TWE Services,25-0095,MIESCOR - DUS Transpo,Leasing,Internal,2025-03-18,2025-03-19
275,N/A,NCL 1775,MAHINDRA ENFORCER,LIGHT,PICK UP,2016,DIESEL,MAHINDRA,Transport & TWE Services,25-0095,MIESCOR - DUS Transpo,Leasing,Internal,2025-03-18,2025-03-19
276,N/A,NCC 7658,MAHINDRA ENFORCER,LIGHT,PICK UP,2016,DIESEL,MAHINDRA,Transport & TWE Services,25-0095,MIESCOR - DUS Transpo,Leasing,Internal,2025-03-18,2025-03-19
277,N/A,NCC 7657,MAHINDRA ENFORCER,LIGHT,PICK UP,2016,DIESEL,MAHINDRA,Transport & TWE Services,25-0095,MIESCOR - DUS Transpo,Leasing,Internal,2025-03-18,2025-03-19
278,N/A,NCC 7655,MAHINDRA ENFORCER,LIGHT,VAN,2017,DIESEL,MAHINDRA,Transport & TWE Services,25-0110,Motorpool,Charge to MLI,Internal,2025-03-18,2025-03-19
279,N/A,NCC 7654,MAHINDRA ENFORCER,LIGHT,PICK UP,2016,DIESEL,MAHINDRA,Transport & TWE Services,25-0110,Motorpool,Charge to MLI,Internal,2025-03-18,2025-03-19
280,N/A,NCC 7653,MAHINDRA ENFORCER,LIGHT,PICK UP,2016,DIESEL,MAHINDRA,Transport & TWE Services,25-0095,MIESCOR - DUS Transpo,Leasing,Internal,2025-03-18,2025-03-19
281,N/A,NCB 9032,MAHINDRA SUPRO,LIGHT,VAN,2017,DIESEL,MAHINDRA,Transport & TWE Services,25-0110,Motorpool,Charge to MLI,Internal,2025-03-18,2025-03-19
282,N/A,NCB 9031,MAHINDRA SUPRO,LIGHT,VAN,2017,DIESEL,MAHINDRA,Transport & TWE Services,25-0110,Motorpool,Charge to MLI,Internal,2025-03-18,2025-03-19
283,N/A,NCB 9029,MAHINDRA SUPRO,LIGHT,VAN,2017,DIESEL,MAHINDRA,Transport & TWE Services,25-0110,Motorpool,Charge to MLI,Internal,2025-03-18,2025-03-19
284,N/A,NCB 9028,MAHINDRA SUPRO,LIGHT,VAN,2017,DIESEL,MAHINDRA,Transport & TWE Services,25-0110,Motorpool,Charge to MLI,Internal,2025-03-18,2025-03-19
285,N/A,NCB 9027,MAHINDRA SUPRO,LIGHT,VAN,2017,DIESEL,MAHINDRA,Transport & TWE Services,25-0110,Motorpool,Charge to MLI,Internal,2025-03-18,2025-03-19
286,N/A,NCB 9021,MAHINDRA SUPRO,LIGHT,VAN,2017,DIESEL,MAHINDRA,Transport & TWE Services,25-0110,Motorpool,Leasing,Internal,2025-03-18,2025-03-19
287,N/A,NCB 9020,MAHINDRA SUPRO,LIGHT,VAN,2017,DIESEL,MAHINDRA,Transport & TWE Services,25-0110,Motorpool,Charge to MLI,Internal,2025-03-18,2025-03-19
288,N/A,NCB 9018,MAHINDRA SUPRO,LIGHT,VAN,2017,DIESEL,MAHINDRA,Transport & TWE Services,25-0110,Motorpool,Leasing,Internal,2025-03-18,2025-03-19
289,N/A,NCB 9016,MAHINDRA SUPRO,LIGHT,VAN,2017,DIESEL,MAHINDRA,Transport & TWE Services,25-0110,Motorpool,Charge to MLI,Internal,2025-03-18,2025-03-19
290,N/A,NCB 9002,MAHINDRA SUPRO,LIGHT,VAN,2017,DIESEL,MAHINDRA,Transport & TWE Services,25-0110,Motorpool,Charge to MLI,Internal,2025-03-18,2025-03-19
291,N/A,NCB 8999,MAHINDRA SUPRO,LIGHT,VAN,2017,DIESEL,MAHINDRA,Transport & TWE Services,25-0110,Motorpool,Charge to MLI,Internal,2025-03-18,2025-03-19
292,N/A,NCB 8998,MAHINDRA SUPRO,LIGHT,VAN,2017,DIESEL,MAHINDRA,Transport & TWE Services,25-0110,Motorpool,Charge to MLI,Internal,2025-03-18,2025-03-19
293,N/A,NCB 8709,MAHINDRA SUPRO,LIGHT,VAN,2017,DIESEL,MAHINDRA,Transport & TWE Services,25-0110,Motorpool,Charge to MLI,Internal,2025-03-18,2025-03-19
294,N/A,NCB 8707,MAHINDRA SUPRO,LIGHT,VAN,2017,DIESEL,MAHINDRA,Transport & TWE Services,25-0110,Motorpool,Charge to MLI,Internal,2025-03-18,2025-03-19
295,N/A,NCB 8704,MAHINDRA SUPRO,LIGHT,VAN,2017,DIESEL,MAHINDRA,Transport & TWE Services,25-0110,Motorpool,Charge to MLI,Internal,2025-03-18,2025-03-19
296,N/A,NCB 8702,MAHINDRA SUPRO,LIGHT,VAN,2017,DIESEL,MAHINDRA,Transport & TWE Services,25-0110,Motorpool,Charge to MLI,Internal,2025-03-18,2025-03-19
297,N/A,NCB 1917,MAHINDRA SUPRO,LIGHT,VAN,2017,DIESEL,MAHINDRA,Transport & TWE Services,25-0110,Motorpool,Charge to MLI,Internal,2025-03-18,2025-03-19
298,N/A,NCB 1916,MAHINDRA SUPRO,LIGHT,VAN,2017,DIESEL,MAHINDRA,Transport & TWE Services,25-0110,Motorpool,Charge to MLI,Internal,2025-03-18,2025-03-19
299,N/A,NCB 1915,MAHINDRA SUPRO,LIGHT,VAN,2017,DIESEL,MAHINDRA,Transport & TWE Services,25-0110,Motorpool,Charge to MLI,Internal,2025-03-18,2025-03-19
300,N/A,NCB 1914,MAHINDRA SUPRO,LIGHT,VAN,2017,DIESEL,MAHINDRA,Transport & TWE Services,25-0110,Motorpool,Charge to MLI,Internal,2025-03-18,2025-03-19
301,N/A,NCB 1913,MAHINDRA SUPRO,LIGHT,VAN,2017,DIESEL,MAHINDRA,Transport & TWE Services,25-0110,Motorpool,Charge to MLI,Internal,2025-03-18,2025-03-19
302,N/A,NCB 1910,MAHINDRA SUPRO,LIGHT,VAN,2017,DIESEL,MAHINDRA,Transport & TWE Services,25-0110,Motorpool,Charge to MLI,Internal,2025-03-18,2025-03-19
303,N/A,NCB 1904,MAHINDRA SUPRO,LIGHT,VAN,2017,DIESEL,MAHINDRA,Transport & TWE Services,25-0110,Motorpool,Charge to MLI,Internal,2025-03-18,2025-03-19
304,N/A,NCB 1901,MAHINDRA SUPRO,LIGHT,VAN,2017,DIESEL,MAHINDRA,Transport & TWE Services,25-0110,Motorpool,Charge to MLI,Internal,2025-03-18,2025-03-19
305,N/A,NCB 1894,MAHINDRA SUPRO,LIGHT,VAN,2017,DIESEL,MAHINDRA,Transport & TWE Services,25-0110,Motorpool,Charge to MLI,Internal,2025-03-18,2025-03-19
306,N/A,NCB 1889,MAHINDRA SUPRO,LIGHT,VAN,2017,DIESEL,MAHINDRA,Transport & TWE Services,25-0110,Motorpool,Charge to MLI,Internal,2025-03-18,2025-03-19
307,N/A,NCB 1887,MAHINDRA SUPRO,LIGHT,VAN,2017,DIESEL,MAHINDRA,Transport & TWE Services,25-0110,Motorpool,Charge to MLI,Internal,2025-03-18,2025-03-19
308,N/A,NCB 1886,MAHINDRA SUPRO,LIGHT,VAN,2017,DIESEL,MAHINDRA,Transport & TWE Services,25-0110,Motorpool,Charge to MLI,Internal,2025-03-18,2025-03-19
309,N/A,NCB 1686,MAHINDRA SUPRO,LIGHT,VAN,2017,DIESEL,MAHINDRA,Transport & TWE Services,25-0110,Motorpool,Charge to MLI,Internal,2025-03-18,2025-03-19
310,N/A,NCB 1684,MAHINDRA SUPRO,LIGHT,VAN,2017,DIESEL,MAHINDRA,Transport & TWE Services,25-0110,Motorpool,Charge to MLI,Internal,2025-03-18,2025-03-19
311,N/A,NCB 1683,MAHINDRA SUPRO,LIGHT,VAN,2017,DIESEL,MAHINDRA,Transport & TWE Services,25-0110,Motorpool,Charge to MLI,Internal,2025-03-18,2025-03-19
312,N/A,NCB 1681,MAHINDRA SUPRO,LIGHT,VAN,2017,DIESEL,MAHINDRA,Transport & TWE Services,25-0110,Motorpool,Charge to MLI,Internal,2025-03-18,2025-03-19
313,N/A,NCB 1680,MAHINDRA SUPRO,LIGHT,VAN,2017,DIESEL,MAHINDRA,Transport & TWE Services,25-0110,Motorpool,Charge to MLI,Internal,2025-03-18,2025-03-19
314,N/A,NCB 1678,MAHINDRA SUPRO,LIGHT,VAN,2017,DIESEL,MAHINDRA,Transport & TWE Services,25-0110,Motorpool,Charge to MLI,Internal,2025-03-18,2025-03-19
315,N/A,NCB 1677,MAHINDRA SUPRO,LIGHT,VAN,2017,DIESEL,MAHINDRA,Transport & TWE Services,25-0110,Motorpool,Charge to MLI,Internal,2025-03-18,2025-03-19
316,N/A,NBW 6282,TOYOTA VIOS,LIGHT,SEDAN,2015,GASOLINE,TOYOTA,Transport & TWE Services,25-0095,MIESCOR - DUS Transpo,Leasing,Internal,2025-03-18,2025-03-19
317,N/A,NBW 6271,TOYOTA VIOS,LIGHT,SEDAN,2015,GASOLINE,TOYOTA,Transport & TWE Services,25-0095,MIESCOR - DUS Transpo,Leasing,Internal,2025-03-18,2025-03-19
318,N/A,NBW 4167,HYUNDAI STAREX,MEDIUM,VAN,2015,GASOLINE,HYUNDAI,Home Office,1103060101,HR Operations,Charge to MLI,Internal,2025-03-18,2025-03-19
319,N/A,NBV 7691,TOYOTA VIOS,LIGHT,SEDAN,2015,GASOLINE,TOYOTA,Transport & TWE Services,25-0095,MIESCOR - DUS Transpo,Leasing,Internal,2025-03-18,2025-03-19
320,N/A,NBV 7689,TOYOTA VIOS,LIGHT,SEDAN,2015,GASOLINE,TOYOTA,Transport & TWE Services,25-0110,Motorpool,Charge to MLI,Internal,2025-03-18,2025-03-19
321,N/A,NBV 7688,TOYOTA VIOS,LIGHT,SEDAN,2015,GASOLINE,TOYOTA,Transport & TWE Services,25-0095,MIESCOR - DUS Transpo,Leasing,Internal,2025-03-18,2025-03-19
322,N/A,NAV 8623,SUZUKI APV,MEDIUM,VAN,2017,GASOLINE,SUZUKI,Transport & TWE Services,25-0095,MIESCOR - DUS Transpo,Leasing,Internal,2025-03-18,2025-03-19
323,N/A,NAV 8622,SUZUKI APV,MEDIUM,AUV,2017,GASOLINE,SUZUKI,Transport & TWE Services,25-0095,MIESCOR - DUS Transpo,Leasing,Internal,2025-03-18,2025-03-19
324,N/A,NAV 8621,SUZUKI APV,MEDIUM,VAN,2017,GASOLINE,SUZUKI,Transport & TWE Services,25-0093,MBI Car Rental,Leasing,Internal,2025-03-18,2025-03-19
325,N/A,NAV 8620,SUZUKI APV,MEDIUM,AUV,2017,GASOLINE,SUZUKI,Transport & TWE Services,25-0095,MIESCOR - DUS Transpo,Leasing,Internal,2025-03-18,2025-03-19
326,N/A,NAV 8618,SUZUKI APV,MEDIUM,VAN,2017,GASOLINE,SUZUKI,Transport & TWE Services,25-0093,MBI Car Rental,Leasing,Internal,2025-03-18,2025-03-19
327,N/A,NAV 8617,SUZUKI APV,MEDIUM,AUV,2017,GASOLINE,SUZUKI,Transport & TWE Services,25-0095,MIESCOR - DUS Transpo,Leasing,Internal,2025-03-18,2025-03-19
328,N/A,NAV 8616,SUZUKI APV,MEDIUM,AUV,2017,GASOLINE,SUZUKI,Transport & TWE Services,25-0095,MIESCOR - DUS Transpo,Leasing,Internal,2025-03-18,2025-03-19
329,N/A,NAV 8615,SUZUKI APV,MEDIUM,VAN,2017,GASOLINE,SUZUKI,Transport & TWE Services,25-0110,Motorpool,Charge to MLI,Internal,2025-03-18,2025-03-19
330,N/A,NAV 8614,SUZUKI APV,MEDIUM,AUV,2017,GASOLINE,SUZUKI,Transport & TWE Services,25-0095,MIESCOR - DUS Transpo,Leasing,Internal,2025-03-18,2025-03-19
331,N/A,NAV 8613,SUZUKI APV,MEDIUM,VAN,2017,GASOLINE,SUZUKI,Transport & TWE Services,25-0093,MBI Car Rental,Leasing,Internal,2025-03-18,2025-03-19
332,N/A,NAT 9783,SUZUKI APV,MEDIUM,AUV,2017,GASOLINE,SUZUKI,Transport & TWE Services,25-0095,MIESCOR - DUS Transpo,Leasing,Internal,2025-03-18,2025-03-19
333,N/A,NAT 9782,SUZUKI APV,MEDIUM,AUV,2017,GASOLINE,SUZUKI,Transport & TWE Services,25-0095,MIESCOR - DUS Transpo,Leasing,Internal,2025-03-18,2025-03-19
334,N/A,MLITE0538,FORKLIFT,HEAVY,FORKLIFT,2015,DIESEL,MITSUBISHI,Warehousing Services,25-0009,MERALCO Sta Rosa Warehousing Project,Leasing,Internal,2025-03-18,2025-03-19
335,N/A,MLITE0410,FORKLIFT,HEAVY,FORKLIFT,2017,DIESEL,TOYOTA,Warehousing Services,25-0009,MERALCO Sta Rosa Warehousing Project,Leasing,Internal,2025-03-18,2025-03-19
336,N/A,MLITE0390,FORKLIFT,HEAVY,FORKLIFT,2017,DIESEL,TOYOTA,Warehousing Services,25-0003,MERALCO Pasig Warehousing Project,Charge to MLI,Internal,2025-03-18,2025-03-19
337,N/A,MLITE0389,FORKLIFT,HEAVY,FORKLIFT,2017,DIESEL,TOYOTA,Warehousing Services,25-0005,MERALCO Kamias Warehousing Project,Charge to MLI,Internal,2025-03-18,2025-03-19
338,N/A,MLITE0367,FORKLIFT,HEAVY,FORKLIFT,2016,DIESEL,TOYOTA,Warehousing Services,25-0006,MERALCO Parañaque Warehousing Project,Charge to MLI,Internal,2025-03-18,2025-03-19
339,N/A,MLITE0366,FORKLIFT,HEAVY,FORKLIFT,2017,DIESEL,TOYOTA,Warehousing Services,25-0007,MERALCO Cavite Warehousing Project,Leasing,Internal,2025-03-18,2025-03-19
340,N/A,MLITE0365,FORKLIFT,HEAVY,FORKLIFT,2016,DIESEL,TOYOTA,Warehousing Services,25-0003,MERALCO Pasig Warehousing Project,Charge to MLI,Internal,2025-03-18,2025-03-19
341,N/A,MLITE0364,FORKLIFT,HEAVY,FORKLIFT,2016,DIESEL,TOYOTA,Warehousing Services,25-0003,MERALCO Pasig Warehousing Project,Charge to MLI,Internal,2025-03-18,2025-03-19
342,N/A,MLITE0326,FORKLIFT,HEAVY,FORKLIFT,2015,DIESEL,CATERPILLAR,Warehousing Services,25-0002,MERALCO Rizal Warehousing Project,Charge to MLI,Internal,2025-03-18,2025-03-19
343,N/A,MLI0534,HONDA WAVE,LIGHT,MOTORCYCLE,2017,GASOLINE,HONDA,General Services,25-0180,Meralco Organizational Safety & Resiliency (Vehicle Registration),Charge to MLI,Internal,2025-03-18,2025-03-19
344,N/A,MLI0328,FORKLIFT,HEAVY,FORKLIFT,2015,DIESEL,CATERPILLAR,Warehousing Services,25-0003,MERALCO Pasig Warehousing Project,Charge to MLI,Internal,2025-03-18,2025-03-19
345,N/A,ML108,FORKLIFT,HEAVY,FORKLIFT,1994,DIESEL,CATERPILLAR,Warehousing Services,25-0001,MERALCO Manila Warehousing Project,Charge to MLI,Internal,2025-03-18,2025-03-19
346,N/A,ML025,FORKLIFT,HEAVY,FORKLIFT,2013,DIESEL,HYUNDAI,Warehousing Services,25-0001,MERALCO Manila Warehousing Project,Charge to MLI,Internal,2025-03-18,2025-03-19
347,N/A,HEFL006,FORKLIFT,HEAVY,FORKLIFT,2015,DIESEL,MITSUBISHI,Warehousing Services,25-0001,MERALCO Manila Warehousing Project,Charge to MLI,Internal,2025-03-18,2025-03-19
348,N/A,FL007,FORKLIFT,HEAVY,FORKLIFT,2015,DIESEL,MITSUBISHI,Warehousing Services,25-0002,MERALCO Rizal Warehousing Project,Charge to MLI,Internal,2025-03-18,2025-03-19
349,N/A,FL004,FORKLIFT,HEAVY,FORKLIFT,2014,DIESEL,KOMATSU,General Services,25-0115,Meralco North Metering Services & Security Encoding Services,Charge to MLI,Internal,2025-03-18,2025-03-19
350,N/A,FJG 523,MITSUBISHI L300,MEDIUM,VAN,2013,DIESEL,MITSUBISHI,Facility Services,24-0049,MERALCO - Yard & Control House Maint,Leasing,Internal,2025-03-18,2025-03-19
351,N/A,FJG 522,MITSUBISHI L300,MEDIUM,VAN,2013,DIESEL,MITSUBISHI,Transport & TWE Services,25-0095,MIESCOR - DUS Transpo,Leasing,Internal,2025-03-18,2025-03-19
352,N/A,FJF 607,MITSUBISHI STRADA,MEDIUM,PICK UP,2013,DIESEL,MITSUBISHI,Warehousing Services,25-0009,MERALCO Sta Rosa Warehousing Project,Leasing,Internal,2025-03-18,2025-03-19
353,N/A,FJD 287,MITSUBISHI L300,MEDIUM,VAN,2013,DIESEL,MITSUBISHI,Transport & TWE Services,25-0095,MIESCOR - DUS Transpo,Leasing,Internal,2025-03-18,2025-03-19
354,N/A,FJD 266,MITSUBISHI L300,MEDIUM,VAN,2013,DIESEL,MITSUBISHI,Transport & TWE Services,25-0110,Motorpool,Leasing,Internal,2025-03-18,2025-03-19
355,N/A,NCA 9964,MAHINDRA ENFORCER,LIGHT,PICK UP,2016,DIESEL,MAHINDRA,Transport & TWE Services,25-0095,MIESCOR - DUS Transpo,Leasing,Internal,2025-03-18,2025-03-19
356,N/A,NCA 9963,MAHINDRA ENFORCER,LIGHT,PICK UP,2016,DIESEL,MAHINDRA,Transport & TWE Services,25-0095,MIESCOR - DUS Transpo,Leasing,Internal,2025-03-18,2025-03-19
357,N/A,NCA 9961,MAHINDRA ENFORCER,LIGHT,PICK UP,2016,DIESEL,MAHINDRA,Transport & TWE Services,25-0110,Motorpool,Charge to MLI,Internal,2025-03-18,2025-03-19
358,N/A,NCA 9960,MAHINDRA ENFORCER,LIGHT,PICK UP,2016,DIESEL,MAHINDRA,Transport & TWE Services,25-0095,MIESCOR - DUS Transpo,Leasing,Internal,2025-03-18,2025-03-19
359,N/A,NCA 9959,MAHINDRA ENFORCER,LIGHT,PICK UP,2016,DIESEL,MAHINDRA,Transport & TWE Services,25-0095,MIESCOR - DUS Transpo,Leasing,Internal,2025-03-18,2025-03-19
360,N/A,NCA 9958,MAHINDRA ENFORCER,LIGHT,PICK UP,2016,DIESEL,MAHINDRA,Transport & TWE Services,25-0095,MIESCOR - DUS Transpo,Leasing,Internal,2025-03-18,2025-03-19
361,N/A,NCA 9957,MAHINDRA ENFORCER,LIGHT,PICK UP,2016,DIESEL,MAHINDRA,Transport & TWE Services,25-0095,MIESCOR - DUS Transpo,Leasing,Internal,2025-03-18,2025-03-19
362,N/A,NCA 9955,MAHINDRA ENFORCER,LIGHT,PICK UP,2016,DIESEL,MAHINDRA,Transport & TWE Services,25-0095,MIESCOR - DUS Transpo,Leasing,Internal,2025-03-18,2025-03-19
363,N/A,NCA 9954,MAHINDRA ENFORCER,LIGHT,PICK UP,2016,DIESEL,MAHINDRA,Transport & TWE Services,25-0095,MIESCOR - DUS Transpo,Leasing,Internal,2025-03-18,2025-03-19
364,N/A,NCA 9953,MAHINDRA ENFORCER,LIGHT,PICK UP,2016,DIESEL,MAHINDRA,Transport & TWE Services,25-0095,MIESCOR - DUS Transpo,Leasing,Internal,2025-03-18,2025-03-19
365,N/A,NCA 9952,MAHINDRA ENFORCER,LIGHT,PICK UP,2016,DIESEL,MAHINDRA,Transport & TWE Services,25-0110,Motorpool,Charge to MLI,Internal,2025-03-18,2025-03-19
366,N/A,NCA 4387,MAHINDRA ENFORCER,LIGHT,PICK UP,2016,DIESEL,MAHINDRA,Transport & TWE Services,25-0095,MIESCOR - DUS Transpo,Leasing,Internal,2025-03-18,2025-03-19
367,N/A,NCA 4386,MAHINDRA ENFORCER,LIGHT,PICK UP,2016,DIESEL,MAHINDRA,Transport & TWE Services,25-0095,MIESCOR - DUS Transpo,Leasing,Internal,2025-03-18,2025-03-19
368,N/A,NCA 4385,MAHINDRA ENFORCER,LIGHT,PICK UP,2016,DIESEL,MAHINDRA,Transport & TWE Services,25-0095,MIESCOR - DUS Transpo,Leasing,Internal,2025-03-18,2025-03-19
369,N/A,NCA 4384,MAHINDRA ENFORCER,LIGHT,PICK UP,2016,DIESEL,MAHINDRA,Transport & TWE Services,25-0095,MIESCOR - DUS Transpo,Leasing,Internal,2025-03-18,2025-03-19
370,N/A,NCA 4382,MAHINDRA ENFORCER,LIGHT,PICK UP,2016,DIESEL,MAHINDRA,Transport & TWE Services,25-0095,MIESCOR - DUS Transpo,Leasing,Internal,2025-03-18,2025-03-19
371,N/A,NCP 1450,MITSUBISHI STRADA,MEDIUM,PICK UP,2017,DIESEL,MITSUBISHI,Transport & TWE Services,25-0084,Atimonan One Energy,Leasing,Internal,2025-03-18,2025-03-19
372,N/A,ARA 3552,TOYOTA HILUX,MEDIUM,PICK UP,2015,DIESEL,TOYOTA,Transport & TWE Services,25-0102,MIESCOR - Car Rental,Leasing,Internal,2025-03-18,2025-03-19
373,N/A,AEA 7665,TOYOTA GRANDIA,MEDIUM,VAN,2015,DIESEL ,TOYOTA,Transport & TWE Services,25-0084,Atimonan One Energy,Leasing,Internal,2025-03-18,2025-03-19
374,N/A,AEA 5256,TOYOTA HILUX,MEDIUM,PICK UP,2014,DIESEL,TOYOTA,Transport & TWE Services,25-0102,MIESCOR - Car Rental,Leasing,Internal,2025-03-18,2025-03-19
375,N/A,CCN 6379,ISUZU DUMP TRUCK,MEDIUM,TRUCK,2004,DIESEL,ISUZU,Facility Services,24-0036,MERALCO - Manila Facilities,Leasing,Internal,2025-03-18,2025-03-19
376,N/A,ABO 3462,TOYOTA INNOVA,MEDIUM,AUV,2015,DIESEL ,TOYOTA,Transport & TWE Services,25-0095,MIESCOR - DUS Transpo,Leasing,Internal,2025-03-18,2025-03-19
377,N/A,ABO 3461,TOYOTA INNOVA,MEDIUM,AUV,2015,DIESEL ,TOYOTA,Transport & TWE Services,25-0095,MIESCOR - DUS Transpo,Leasing,Internal,2025-03-18,2025-03-19
378,N/A,ABH 8950,TOYOTA VIOS,LIGHT,SEDAN,2015,GASOLINE,TOYOTA,Transport & TWE Services,25-0095,MIESCOR - DUS Transpo,Leasing,Internal,2025-03-18,2025-03-19
379,N/A,ABH 8948,TOYOTA VIOS,LIGHT,SEDAN,2015,GASOLINE,TOYOTA,Transport & TWE Services,25-0095,MIESCOR - DUS Transpo,Leasing,Internal,2025-03-18,2025-03-19
380,N/A,ABH 8947,TOYOTA VIOS,LIGHT,SEDAN,2015,GASOLINE,TOYOTA,Transport & TWE Services,25-0095,MIESCOR - DUS Transpo,Leasing,Internal,2025-03-18,2025-03-19
381,N/A,ABH 8946,TOYOTA VIOS,LIGHT,SEDAN,2015,GASOLINE,TOYOTA,Transport & TWE Services,25-0095,MIESCOR - DUS Transpo,Leasing,Internal,2025-03-18,2025-03-19
382,N/A,ABH 6153,TOYOTA VIOS,LIGHT,SEDAN,2015,GASOLINE,TOYOTA,Transport & TWE Services,25-0095,MIESCOR - DUS Transpo,Leasing,Internal,2025-03-18,2025-03-19
383,N/A,AAZ 4484,HYUNDAI STAREX,MEDIUM,VAN,2015,DIESEL ,HYUNDAI,Home Office,1103060101,HR Operations,Leasing,Internal,2025-03-18,2025-03-19
384,N/A,AAZ 2282,FORD TREKKER,LIGHT,PICK UP,2014,DIESEL,FORD,Transport & TWE Services,25-0102,MIESCOR - Car Rental,Leasing,Internal,2025-03-18,2025-03-19
385,N/A,AAX 1276,TOYOTA INNOVA,MEDIUM,AUV,2014,DIESEL ,TOYOTA,Transport & TWE Services,25-0095,MIESCOR - DUS Transpo,Leasing,Internal,2025-03-18,2025-03-19
386,N/A,AAX 1248,TOYOTA INNOVA,MEDIUM,AUV,2014,DIESEL ,TOYOTA,Home Office,1103060101,HR Operations,Charge to MLI,Internal,2025-03-18,2025-03-19
387,N/A,AAP 1772,MITSUBISHI STRADA,MEDIUM,PICK UP,2014,DIESEL,MITSUBISHI,Transport & TWE Services,25-0110,Motorpool,Leasing,Internal,2025-03-18,2025-03-19
388,N/A,AAM 6751,TOYOTA VIOS,LIGHT,SEDAN,2014,GASOLINE,TOYOTA,Transport & TWE Services,25-0095,MIESCOR - DUS Transpo,Leasing,Internal,2025-03-18,2025-03-19
389,N/A,AAM 6719,TOYOTA VIOS,LIGHT,SEDAN,2014,GASOLINE,TOYOTA,Transport & TWE Services,25-0095,MIESCOR - DUS Transpo,Leasing,Internal,2025-03-18,2025-03-19
390,N/A,AAM 6627,TOYOTA VIOS,LIGHT,SEDAN,2014,GASOLINE,TOYOTA,Transport & TWE Services,25-0095,MIESCOR - DUS Transpo,Leasing,Internal,2025-03-18,2025-03-19
391,N/A,AAK 4835,MITSUBISHI STRADA,MEDIUM,PICK UP,2014,DIESEL,MITSUBISHI,Transport & TWE Services,25-0095,MIESCOR - DUS Transpo,Leasing,Internal,2025-03-18,2025-03-19
392,N/A,AAK 2507,TOYOTA AVANZA,LIGHT,AUV,2014,GASOLINE,TOYOTA,Transport & TWE Services,25-0093,MBI Car Rental,Leasing,Internal,2025-03-18,2025-03-19
393,N/A,AAK 2506,TOYOTA AVANZA,LIGHT,AUV,2013,GASOLINE,TOYOTA,Transport & TWE Services,25-0110,Motorpool,Leasing,Internal,2025-03-18,2025-03-19
394,N/A,AAJ 8180,TOYOTA AVANZA,LIGHT,AUV,2014,GASOLINE,TOYOTA,Transport & TWE Services,25-0093,MBI Car Rental,Leasing,Internal,2025-03-18,2025-03-19
395,N/A,AAJ 5618,MITSUBISHI STRADA,MEDIUM,PICK UP,2014,DIESEL,MITSUBISHI,Transport & TWE Services,25-0102,MIESCOR - Car Rental,Leasing,Internal,2025-03-18,2025-03-19
396,N/A,AAI 4252,TOYOTA INNOVA,MEDIUM,AUV,2014,DIESEL ,TOYOTA,Transport & TWE Services,25-0095,MIESCOR - DUS Transpo,Leasing,Internal,2025-03-18,2025-03-19
397,N/A,AAI 4249,TOYOTA HILUX,MEDIUM,PICK UP,2014,DIESEL,TOYOTA,Project Execution,24-0214,"MERALCO - Civil Works for the Reconstruction of Drainage, Perimeter Fence and Foundation at Sta. Maria Bulacan",Charge to MLI,Internal,2025-03-18,2025-03-19
398,N/A,152 NBH,HONDA WAVE,LIGHT,MOTORCYCLE,2017,GASOLINE,HONDA,Transport & TWE Services,25-0110,Motorpool,Charge to MLI,Internal,2025-03-18,2025-03-19
399,N/A,NOJ 849,TOYOTA INNOVA,MEDIUM,AUV,2010,DIESEL,TOYOTA,Transport & TWE Services,25-0091,MERALCO - Car Leasing,Leasing,Internal,2025-03-18,2025-03-19
400,N/A,AAX 1249,TOYOTA HILUX,MEDIUM,PICK UP,2014,DIESEL,TOYOTA,Transport & TWE Services,25-0102,MIESCOR - Car Rental,leasing,Internal,2025-03-18,2025-03-19
401,N/A,UGQ 830,TOYOTA AVANZA,LIGHT,AUV,2013,GASOLINE,TOYOTA,Transport & TWE Services,25-0110,Motorpool,Charge to MLI,Internal,2025-03-18,2025-03-19
402,N/A,NAT 9785,SUZUKI APV,LIGHT,AUV,2017,GASOLINE,SUZUKI,Transport & TWE Services,25-0110,Motorpool,Charge to MLI,Internal,2025-03-18,2025-03-19
403,N/A,WOM 304,MITSUBISHI L300,MEDIUM,VAN,2013,DIESEL,MITSUBISHI,Transport & TWE Services,25-0095,MIESCOR - DUS Transpo,Charge to MLI,Internal,2025-03-18,2025-03-19
404,N/A,FJD 275,MITSUBISHI L300,MEDIUM,VAN,2013,DIESEL,MITSUBISHI,Transport & TWE Services,25-0095,MIESCOR - DUS Transpo,Leasing,Internal,2025-03-18,2025-03-19
405,N/A,NAT 9784,SUZUKI APV,LIGHT,AUV,2017,GASOLINE,SUZUKI,Transport & TWE Services,25-0110,Motorpool,Charge to MLI,Internal,2025-03-18,2025-03-19
406,N/A,NAT 9786,SUZUKI APV,LIGHT,AUV,2018,GASOLINE,SUZUKI,Transport & TWE Services,25-0093,MBI Car Rental,Charge to MLI,Internal,2025-03-18,2025-03-19
407,N/A,NAV 8619,SUZUKI APV,MEDIUM,VAN,2017,GASOLINE,SUZUKI,Transport & TWE Services,25-0095,MIESCOR - DUS Transpo,Leasing,Internal,2025-03-18,2025-03-19
408,N/A,NHU 3939,TOYOTA HILUX,MEDIUM,PICK UP,2025,DIESEL,TOYOTA,Transport & TWE Services,25-0098,"Terra Solar Philippines,Inc.",Leasing,Internal,2025-03-18,2025-03-19
409,N/A,NHU 3884,TOYOTA HILUX,MEDIUM,PICK UP,2025,DIESEL,TOYOTA,Transport & TWE Services,25-0098,"Terra Solar Philippines,Inc.",Leasing,Internal,2025-03-18,2025-03-19
410,N/A,NHU 3941,TOYOTA HILUX,MEDIUM,PICK UP,2025,DIESEL,TOYOTA,Transport & TWE Services,25-0098,"Terra Solar Philippines,Inc.",Leasing,Internal,2025-03-18,2025-03-19
411,N/A,NHU 3840,TOYOTA HILUX,MEDIUM,PICK UP,2025,DIESEL,TOYOTA,Transport & TWE Services,25-0098,"Terra Solar Philippines,Inc.",Leasing,Internal,2025-03-18,2025-03-19
412,N/A,NHU 3930,TOYOTA HILUX,MEDIUM,PICK UP,2025,DIESEL,TOYOTA,Transport & TWE Services,25-0098,"Terra Solar Philippines,Inc.",Leasing,Internal,2025-03-18,2025-03-19
413,N/A,NHU 3938,TOYOTA HILUX,MEDIUM,PICK UP,2025,DIESEL,TOYOTA,Transport & TWE Services,25-0098,"Terra Solar Philippines,Inc.",Leasing,Internal,2025-03-18,2025-03-19
414,N/A,ZLD 408,MITSUBISHI CANTER,MEDIUM,PICK UP,2005,DIESEL,MITSUBISHI,Warehousing Services,25-0013,MERALCO MMO Hauling Services,Charge to MLI,Internal,2025-03-18,2025-03-19
415,N/A,TQJ 131,MITSUBISHI L300,MEDIUM,VAN,2013,DIESEL,MITSUBISHI,Transport & TWE Services,25-0110,Motorpool,Charge to MLI,Internal,2025-03-18,2025-03-19
416,N/A,AAK 4846,MITSUBISHI L300,MEDIUM,VAN,2013,DIESEL,MITSUBISHI,Facility Services,24-0047,MERALCO - Shallow wells w/Pump Maint,Leasing,Internal,2025-03-18,2025-03-19
417,N/A,AAK 2508,TOYOTA AVANZA,LIGHT,AUV,2013,GASOLINE,TOYOTA,Transport & TWE Services,25-0095,MIESCOR - DUS Transpo,Leasing,Internal,2025-03-18,2025-03-19
418,N/A,FL006,FORKLIFT,HEAVY,FORKLIFT,2015,DIESEL,MITSUBISHI,Warehousing Services,25-0001,MERALCO Manila Warehousing Project,Charge to MLI,Internal,2025-03-18,2025-03-19
419,N/A,MLI 108,FORKLIFT,HEAVY,FORKLIFT,1994,DIESEL,CATERPILLAR,Warehousing Services,25-0001,MERALCO Manila Warehousing Project,Charge to MLI,Internal,2025-03-18,2025-03-19
420,N/A,UJF 201,STAKE TRUCK,HEAVY,TRUCK,1996,DIESEL,HINO,Warehousing Services,25-0024,Meralco Valenzuela Warehousing Project ,Charge to MLI,Internal,2025-03-18,2025-03-19
421,N/A,PVI 683,TOYOTA VIOS,LIGHT,SEDAN,2011,GASOLINE,TOYOTA,Transport & TWE Services,25-0091,MERALCO - Car Leasing,Charge to MLI,Internal,2025-03-18,2025-03-19
422,N/A,NCA 4383,MAHINDRA ENFORCER,LIGHT,PICK UP,2016,DIESEL,MAHINDRA,Transport & TWE Services,25-0110,Motorpool,Charge to MLI,Internal,2025-03-18,2025-03-19
423,N/A,TKA 976,STAKE TRUCK,HEAVY,TRUCK,1993,DIESEL,HINO,Transport & TWE Services,25-0110,Motorpool,Charge to MLI,Internal,2025-03-18,2025-03-19
424,N/A,DBJ 5926,MITSUBISHI L300,LIGHT,VAN,2021,DIESEL,MITSUBISHI,Warehousing Services,25-0009,MERALCO Sta Rosa Warehousing Project,Charge to MLI,Internal,2025-03-18,2025-03-19
425,N/A,UQM 393,TOYOTA VIOS,LIGHT,SEDAN,2011,GASOLINE,TOYOTA,Transport & TWE Services,25-0110,Motorpool,Charge to MLI,Internal,2025-03-18,2025-03-19
426,N/A,ZBZ 919,MITSUBISHI CANTER,MEDIUM,PICK UP,2006,DIESEL,MITSUBISHI,Warehousing Services,25-0008,MERALCO San Pablo Warehousing Project,Charge to MLI,Internal,2025-03-18,2025-03-19
427,N/A,UCX 905,HINO BASKET TRUCK,HEAVY,TRUCK,0,DIESEL,HINO,Facility Services,24-0036,MERALCO - Manila Facilities,Charge to MLI,Internal,2025-03-18,2025-03-19
428,N/A,UPY 831,HINO BASKET TRUCK,HEAVY,TRUCK,0,DIESEL,HINO,Facility Services,24-0036,MERALCO - Manila Facilities,Charge to MLI,Internal,2025-03-18,2025-03-19
429,N/A,ZCB 484,MITSUBISHI CANTER,MEDIUM,PICK UP,2006,DIESEL,MITSUBISHI,Project Execution,24-0220,UE - Repair/Renovation UE Theater at Dalupan Building UE Manila Main Campus,Charge to MLI,Internal,2025-03-18,2025-03-19
430,N/A,NHC 8222,TOYOTA HILUX,LIGHT,VAN,2021,DIESEL,TOYOTA,Warehousing Services,25-0025,Meralco Balintawak Warehousing Project ,Charge to MLI,Internal,2025-03-18,2025-03-19
431,N/A,DBJ 6008,MITSUBISHI L300,LIGHT,VAN,2021,DIESEL,MITSUBISHI,Warehousing Services,25-0007,MERALCO Cavite Warehousing Project,Charge to MLI,Internal,2025-03-18,2025-03-19
432,N/A,NCR 4319,MAHINDRA ENFORCER,LIGHT,PICK UP,2016,DIESEL,MAHINDRA,Transport & TWE Services,25-0093,MBI Car Rental,Charge to MLI,Internal,2025-03-18,2025-03-19
433,TV-CR-043,ZSW 786,TOYOTA INNOVA,MEDIUM,AUV,2008,DIESEL,TOYOTA,Miescor Logistics & Telecoms,25-0107,HOME OFFICE/Miescor Logistics,PER WORKORDER & PMS SCHEDULE,External,2025-03-18,2025-03-19
434,TV-CR-044,ZSW 830,TOYOTA INNOVA,MEDIUM,AUV,2008,DIESEL,TOYOTA,Miescor Logistics & Telecoms,25-0107,HOME OFFICE/Miescor Logistics,PER WORKORDER & PMS SCHEDULE,External,2025-03-18,2025-03-19
435,TV-CR-045,NRO 298,TOYOTA INNOVA,MEDIUM,AUV,2009,DIESEL,TOYOTA,Miescor Logistics,25-0107,HOME OFFICE/Miescor Logistics,PER WORKORDER & PMS SCHEDULE,External,2025-03-18,2025-03-19
436,TV-JP-470,NER 2131,SUZUKI APV,MEDIUM,AUV,,GAS,SUZUKI,TELECOMS,25-0107,MIESCOR TELECOMS,PER WORKORDER & PMS SCHEDULE,External,2025-03-18,2025-03-19
437,TV-JP-474,NER 2137,SUZUKI CARRY,MEDIUM,AUV,,GAS,SUZUKI,TELECOMS,25-0107,MIESCOR TELECOMS,PER WORKORDER & PMS SCHEDULE,External,2025-03-18,2025-03-19
438,TV-JP-475,NEM 5636,SUZUKI CARRY,MEDIUM,AUV,2022,GAS,SUZUKI,TELECOMS,25-0107,MIESCOR TELECOMS,PER WORKORDER & PMS SCHEDULE,External,2025-03-18,2025-03-19
439,TV-JP-473,NER 2136,SUZUKI APV,MEDIUM,AUV,,GAS,SUZUKI,TELECOMS,25-0107,MIESCOR TELECOMS,PER WORKORDER & PMS SCHEDULE,External,2025-03-18,2025-03-19
440,TV-JP-472,NER 2135,SUZUKI CARRY,MEDIUM,AUV,0,GAS,SUZUKI,TELECOMS,25-0107,MIESCOR TELECOMS,PER WORKORDER & PMS SCHEDULE,External,2025-03-18,2025-03-19
441,TV-JP-476,NEM 5630,SUZUKI CARRY,MEDIUM,AUV,,GAS,SUZUKI,TELECOMS,25-0107,MIESCOR TELECOMS,PER WORKORDER & PMS SCHEDULE,External,2025-03-18,2025-03-19
442,TV-JP-480,NEM 5632,SUZUKI CARRY,MEDIUM,AUV,,GAS,SUZUKI,TELECOMS,25-0107,MIESCOR TELECOMS,PER WORKORDER & PMS SCHEDULE,External,2025-03-18,2025-03-19
443,TV-JP-481,NEM 5633,SUZUKI CARRY,MEDIUM,AUV,,GAS,SUZUKI,TELECOMS,25-0107,MIESCOR TELECOMS,PER WORKORDER & PMS SCHEDULE,External,2025-03-18,2025-03-19
444,TV-JP-483,NEM 5637,SUZUKI CARRY,MEDIUM,AUV,2022,GAS,SUZUKI,TELECOMS,25-0107,MIESCOR TELECOMS,PER WORKORDER & PMS SCHEDULE,External,2025-03-18,2025-03-19
445,TV-JP-485,NEM 5639,SUZUKI CARRY,MEDIUM,AUV,,GAS,SUZUKI,TELECOMS,25-0107,MIESCOR TELECOMS,PER WORKORDER & PMS SCHEDULE,External,2025-03-18,2025-03-19
446,TV-JP-487,NEM 5641,SUZUKI APV,MEDIUM,AUV,,GAS,SUZUKI,TELECOMS,25-0107,MIESCOR TELECOMS,PER WORKORDER & PMS SCHEDULE,External,2025-03-18,2025-03-19
447,TV-JP-464,NET 4369,SUZUKI CARRY,MEDIUM,AUV,,GAS,SUZUKI,TELECOMS,25-0107,MIESCOR TELECOMS,PER WORKORDER & PMS SCHEDULE,External,2025-03-18,2025-03-19
448,TV-JP-453,NET 4365,SUZUKI CARRY,MEDIUM,AUV,2022,GAS,SUZUKI,TELECOMS,25-0107,MIESCOR TELECOMS,PER WORKORDER & PMS SCHEDULE,External,2025-03-18,2025-03-19
449,TV-JP-452,NEW 8895,SUZUKI CARRY,MEDIUM,AUV,0,GAS,SUZUKI,TELECOMS,25-0107,MIESCOR TELECOMS,PER WORKORDER & PMS SCHEDULE,External,2025-03-18,2025-03-19
450,TV-CR-048,ZAR 742,TOYOTA VIOS,LIGHT,SEDAN,2005,GAS,TOYOTA,Miescor Logistics,25-0107,HOME OFFICE/Miescor Logistics,PER WORKORDER & PMS SCHEDULE,External,2025-03-18,2025-03-19
451,TV-CR-050,ZBE 604,TOYOTA VIOS,LIGHT,SEDAN,2005,GAS,TOYOTA,Miescor Logistics,25-0107,HOME OFFICE/Miescor Logistics,PER WORKORDER & PMS SCHEDULE,External,2025-03-18,2025-03-19
452,TV-CR-053,AAJ 8189,TOYOTA INNOVA,MEDIUM,AUV,2014,DIESEL,TOYOTA,HO,25-0107,HOME OFFICE,PER WORKORDER & PMS SCHEDULE,External,2025-03-18,2025-03-19
453,TV-JP-494,NDO 8151,TOYOTA HI-ACE COMMUTER,MEDIUM,VAN,0,DIESEL,TOYOTA,HO,25-0107,HOME OFFICE,PER WORKORDER & PMS SCHEDULE,External,2025-03-18,2025-03-19
454,TV-CR-055,ACA 3810,TOYOTA HI-ACE COMMUTER,MEDIUM,VAN,2014,DIESEL,TOYOTA,Miescor Logistics,25-0107,HOME OFFICE/Miescor Logistics,PER WORKORDER & PMS SCHEDULE,External,2025-03-18,2025-03-19
455,TV-CR-056,APA 8184,CHEVROLET TRAILBLAZER,MEDIUM,SUV,2014,DIESEL,CHEVROLET,HO,25-0107,HOME OFFICE,PER WORKORDER & PMS SCHEDULE,External,2025-03-18,2025-03-19
456,TV-CR-057,ARA 7216,TOYOTA INNOVA,MEDIUM,AUV,2015,DIESEL,TOYOTA,HO,25-0107,HOME OFFICE,PER WORKORDER & PMS SCHEDULE,External,2025-03-18,2025-03-19
457,TV-CR-058,AHA 5262,TOYOTA AVANZA,MEDIUM,AUV,2015,GAS,TOYOTA,Miescor Logistics,25-0107,HOME OFFICE/Miescor Logistics,PER WORKORDER & PMS SCHEDULE,External,2025-03-18,2025-03-19
458,TV-CR-059,AHA 5263,TOYOTA AVANZA,MEDIUM,AUV,2015,GAS,TOYOTA,Miescor Logistics & Telecoms,25-0107,HOME OFFICE/Miescor Logistics,PER WORKORDER & PMS SCHEDULE,External,2025-03-18,2025-03-19
459,TV-CR-060,AVA 1699,TOYOTA AVANZA,MEDIUM,AUV,2015,GAS,TOYOTA,Miescor Logistics,25-0107,HOME OFFICE/Miescor Logistics,PER WORKORDER & PMS SCHEDULE,External,2025-03-18,2025-03-19
460,TV-CR-061,AVA 3115,TOYOTA AVANZA,MEDIUM,AUV,2015,GAS,TOYOTA,Miescor Logistics,25-0107,HOME OFFICE/Miescor Logistics,PER WORKORDER & PMS SCHEDULE,External,2025-03-18,2025-03-19
461,TV-CR-065,NDS 2363,MITSUBISHI MONTERO,MEDIUM,SUV,2016,DIESEL,MITSUBISHI,HO,25-0107,HOME OFFICE,PER WORKORDER & PMS SCHEDULE,External,2025-03-18,2025-03-19
462,TV-CR-066,NDB 8951,TOYOTA FORTUNER,MEDIUM,SUV,2016,DIESEL,TOYOTA,HO,25-0107,HOME OFFICE,PER WORKORDER & PMS SCHEDULE,External,2025-03-18,2025-03-19
463,TV-JP-581,NFD 6224,SUZUKI CARRY,MEDIUM,AUV,,GAS,SUZUKI,TELECOMS,25-0107,MIESCOR TELECOMS,PER WORKORDER & PMS SCHEDULE,External,2025-03-18,2025-03-19
464,TV-JP-582,NFD 6225,SUZUKI CARRY,MEDIUM,AUV,,GAS,SUZUKI,TELECOMS,25-0107,MIESCOR TELECOMS,PER WORKORDER & PMS SCHEDULE,External,2025-03-18,2025-03-19
465,TV-JP-560,NFD 6237,SUZUKI CARRY,MEDIUM,AUV,,GAS,SUZUKI,TELECOMS,25-0107,MIESCOR TELECOMS,PER WORKORDER & PMS SCHEDULE,External,2025-03-18,2025-03-19
466,TV-JP-561,NFD 6238,SUZUKI CARRY,MEDIUM,AUV,,GAS,SUZUKI,TELECOMS,25-0107,MIESCOR TELECOMS,PER WORKORDER & PMS SCHEDULE,External,2025-03-18,2025-03-19
467,TV-CR-071,NFX 6129,MITSUBISHI MIRAGE G4,LIGHT,SEDAN,2020,GAS,MITSUBISHI,DUS,25-0107,MIESCOR DUS,PER WORKORDER & PMS SCHEDULE,External,2025-03-18,2025-03-19
468,TV-CR-072,NFX 6130,MITSUBISHI MIRAGE G4,LIGHT,SEDAN,2020,GAS,MITSUBISHI,DUS,25-0107,MIESCOR DUS,PER WORKORDER & PMS SCHEDULE,External,2025-03-18,2025-03-19
469,TV-CR-073,NFX 6131,MITSUBISHI MIRAGE G4,LIGHT,SEDAN,2020,GAS,MITSUBISHI,DUS,25-0107,MIESCOR DUS,PER WORKORDER & PMS SCHEDULE,External,2025-03-18,2025-03-19
470,TV-CR-074,NFX 6133,MITSUBISHI MIRAGE G4,LIGHT,SEDAN,2020,GAS,MITSUBISHI,DUS,25-0107,MIESCOR DUS,PER WORKORDER & PMS SCHEDULE,External,2025-03-18,2025-03-19
471,TV-CR-075,NFX 7317,MITSUBISHI MIRAGE G4,LIGHT,SEDAN,2020,GAS,MITSUBISHI,DUS,25-0107,MIESCOR DUS,PER WORKORDER & PMS SCHEDULE,External,2025-03-18,2025-03-19
472,TV-CR-076,NFX 7318,MITSUBISHI MIRAGE G4,LIGHT,SEDAN,2020,GAS,MITSUBISHI,DUS,25-0107,MIESCOR DUS,PER WORKORDER & PMS SCHEDULE,External,2025-03-18,2025-03-19
473,TV-CR-077,NFX 7319,MITSUBISHI MIRAGE G4,LIGHT,SEDAN,2020,GAS,MITSUBISHI,DUS,25-0107,MIESCOR DUS,PER WORKORDER & PMS SCHEDULE,External,2025-03-18,2025-03-19
474,TV-CR-078,NFX 7320,MITSUBISHI MIRAGE G4,LIGHT,SEDAN,2020,GAS,MITSUBISHI,DUS,25-0107,MIESCOR DUS,PER WORKORDER & PMS SCHEDULE,External,2025-03-18,2025-03-19
475,TV-CR-079,NFX 7321,MITSUBISHI MIRAGE G4,LIGHT,SEDAN,2020,GAS,MITSUBISHI,DUS,25-0107,MIESCOR DUS,PER WORKORDER & PMS SCHEDULE,External,2025-03-18,2025-03-19
476,TV-CR-080,NFX 7322,MITSUBISHI MIRAGE G4,LIGHT,SEDAN,2020,GAS,MITSUBISHI,DUS,25-0107,MIESCOR DUS,PER WORKORDER & PMS SCHEDULE,External,2025-03-18,2025-03-19
477,TV-CR-081,NFX 7323,MITSUBISHI MIRAGE G4,LIGHT,SEDAN,2020,GAS,MITSUBISHI,DUS,25-0107,MIESCOR DUS,PER WORKORDER & PMS SCHEDULE,External,2025-03-18,2025-03-19
478,TV-CR-082,NFX 7324,MITSUBISHI MIRAGE G4,LIGHT,SEDAN,2020,GAS,MITSUBISHI,DUS,25-0107,MIESCOR DUS,PER WORKORDER & PMS SCHEDULE,External,2025-03-18,2025-03-19
479,TV-CR-084,NGO 8124,MITSUBISHI MIRAGE G4,LIGHT,SEDAN,2020,GAS,MITSUBISHI,UAM,25-0107,MIESCOR UAM,PER WORKORDER & PMS SCHEDULE,External,2025-03-18,2025-03-19
480,TV-CR-085,NGO 8137,MITSUBISHI MIRAGE G4,LIGHT,SEDAN,2020,GAS,MITSUBISHI,UAM,25-0107,MIESCOR UAM,PER WORKORDER & PMS SCHEDULE,External,2025-03-18,2025-03-19
481,TV-CR-086,NGO 8134,MITSUBISHI MIRAGE G4,LIGHT,SEDAN,2020,GAS,MITSUBISHI,UAM,25-0107,MIESCOR UAM,PER WORKORDER & PMS SCHEDULE,External,2025-03-18,2025-03-19
482,TV-CR-087,NGO 8125,MITSUBISHI MIRAGE G4,LIGHT,SEDAN,2020,GAS,MITSUBISHI,UAM,25-0107,MIESCOR UAM,PER WORKORDER & PMS SCHEDULE,External,2025-03-18,2025-03-19
483,TV-CR-088,NGO 8130,MITSUBISHI MIRAGE G4,LIGHT,SEDAN,2020,GAS,MITSUBISHI,UAM,25-0107,MIESCOR UAM,PER WORKORDER & PMS SCHEDULE,External,2025-03-18,2025-03-19
484,TV-CR-089,NGO 8131,MITSUBISHI MIRAGE G4,LIGHT,SEDAN,2020,GAS,MITSUBISHI,UAM,25-0107,MIESCOR UAM,PER WORKORDER & PMS SCHEDULE,External,2025-03-18,2025-03-19
485,TV-CR-090,NFN 8132,MITSUBISHI MIRAGE G4,LIGHT,SEDAN,,GAS,MITSUBISHI,UAM,25-0107,MIESCOR UAM,PER WORKORDER & PMS SCHEDULE,External,2025-03-18,2025-03-19
486,TV-CR-091,NGO 8136,MITSUBISHI MIRAGE G4,LIGHT,SEDAN,2020,GAS,MITSUBISHI,UAM,25-0107,MIESCOR UAM,PER WORKORDER & PMS SCHEDULE,External,2025-03-18,2025-03-19
487,TV-CR-092,NGO 8135,MITSUBISHI MIRAGE G4,LIGHT,SEDAN,2020,GAS,MITSUBISHI,UAM,25-0107,MIESCOR UAM,PER WORKORDER & PMS SCHEDULE,External,2025-03-18,2025-03-19
488,TV-CR-093,NGO 8129,MITSUBISHI MIRAGE G4,LIGHT,SEDAN,2020,GAS,MITSUBISHI,UAM,25-0107,MIESCOR UAM,PER WORKORDER & PMS SCHEDULE,External,2025-03-18,2025-03-19
489,CR-121,NGU 4879,SUZUKI CARRY,MEDIUM,AUV,2021,GAS,SUZUKI,TELECOMS,25-0107,MIESCOR TELECOMS,PER WORKORDER & PMS SCHEDULE,External,2025-03-18,2025-03-19
490,TV-CR-094,NGU 1043,SUZUKI APV,MEDIUM,AUV,,GAS,SUZUKI,TELECOMS,25-0107,MIESCOR TELECOMS,PER WORKORDER & PMS SCHEDULE,External,2025-03-18,2025-03-19
491,TV-CR-095,NGU 1041,SUZUKI APV,MEDIUM,AUV,,GAS,SUZUKI,TELECOMS,25-0107,MIESCOR TELECOMS,PER WORKORDER & PMS SCHEDULE,External,2025-03-18,2025-03-19
492,CR-100,NGU 1046,SUZUKI APV,MEDIUM,AUV,2021,GAS,SUZUKI,TELECOMS,25-0107,MIESCOR TELECOMS,PER WORKORDER & PMS SCHEDULE,External,2025-03-18,2025-03-19
493,TV-CR-113,NGU 3854,SUZUKI APV,MEDIUM,AUV,2021,GAS,SUZUKI,TELECOMS,25-0107,MIESCOR TELECOMS,PER WORKORDER & PMS SCHEDULE,External,2025-03-18,2025-03-19
494,CR-104,NGU 1040,SUZUKI APV,MEDIUM,AUV,,GAS,SUZUKI,TELECOMS,25-0107,MIESCOR TELECOMS,PER WORKORDER & PMS SCHEDULE,External,2025-03-18,2025-03-19
495,CR-101,NGU 1030,SUZUKI APV,MEDIUM,AUV,2021,GAS,SUZUKI,TELECOMS,25-0107,MIESCOR TELECOMS,PER WORKORDER & PMS SCHEDULE,External,2025-03-18,2025-03-19
496,TV-CR-097,NGU 1042,SUZUKI APV,MEDIUM,AUV,,GAS,SUZUKI,TELECOMS,25-0107,MIESCOR TELECOMS,PER WORKORDER & PMS SCHEDULE,External,2025-03-18,2025-03-19
497,N/A,NGU 1045,SUZUKI APV,MEDIUM,AUV,2021,GAS,SUZUKI,TELECOMS,25-0107,MIESCOR TELECOMS,PER WORKORDER & PMS SCHEDULE,External,2025-03-18,2025-03-19
498,TV-CR-098,NGU 1038,SUZUKI APV,MEDIUM,AUV,,GAS,SUZUKI,TELECOMS,25-0107,MIESCOR TELECOMS,PER WORKORDER & PMS SCHEDULE,External,2025-03-18,2025-03-19
499,TV-CR-099,NGU 1044,SUZUKI APV,MEDIUM,AUV,,GAS,SUZUKI,TELECOMS,25-0107,MIESCOR TELECOMS,PER WORKORDER & PMS SCHEDULE,External,2025-03-18,2025-03-19
500,TV-CR-102,NGU 1031,SUZUKI APV,MEDIUM,AUV,,GAS,SUZUKI,TELECOMS,25-0107,MIESCOR TELECOMS,PER WORKORDER & PMS SCHEDULE,External,2025-03-18,2025-03-19
501,TV-CR-105,NGU 1036,SUZUKI APV,MEDIUM,AUV,2021,GAS,SUZUKI,TELECOMS,25-0107,MIESCOR TELECOMS,PER WORKORDER & PMS SCHEDULE,External,2025-03-18,2025-03-19
502,TV-CR-107,NGU 1035,SUZUKI APV,MEDIUM,AUV,,GAS,SUZUKI,TELECOMS,25-0107,MIESCOR TELECOMS,PER WORKORDER & PMS SCHEDULE,External,2025-03-18,2025-03-19
503,TV-CR-111,NGU 4877,SUZUKI APV,MEDIUM,AUV,2021,GAS,SUZUKI,TELECOMS,25-0107,MIESCOR TELECOMS,PER WORKORDER & PMS SCHEDULE,External,2025-03-18,2025-03-19
504,TV-CR-108,NGU 5830,SUZUKI APV,MEDIUM,AUV,,GAS,SUZUKI,TELECOMS,25-0107,MIESCOR TELECOMS,PER WORKORDER & PMS SCHEDULE,External,2025-03-18,2025-03-19
505,TV-CR-110,NGU 4870,SUZUKI APV,MEDIUM,AUV,2021,GAS,SUZUKI,TELECOMS,25-0107,MIESCOR TELECOMS,PER WORKORDER & PMS SCHEDULE,External,2025-03-18,2025-03-19
506,TV-CR-112,NGU 4874,SUZUKI APV,MEDIUM,AUV,2021,GAS,SUZUKI,TELECOMS,25-0107,MIESCOR TELECOMS,PER WORKORDER & PMS SCHEDULE,External,2025-03-18,2025-03-19
507,TV-CR-114,NGU 4891,SUZUKI APV,MEDIUM,AUV,2021,GAS,SUZUKI,TELECOMS,25-0107,MIESCOR TELECOMS,PER WORKORDER & PMS SCHEDULE,External,2025-03-18,2025-03-19
508,TV-CR-115,NGU 4872,SUZUKI APV,MEDIUM,AUV,2021,GAS,SUZUKI,TELECOMS,25-0107,MIESCOR TELECOMS,PER WORKORDER & PMS SCHEDULE,External,2025-03-18,2025-03-19
509,TV-CR-117,NGU 4873,SUZUKI APV,MEDIUM,AUV,2021,GAS,SUZUKI,TELECOMS,25-0107,MIESCOR TELECOMS,PER WORKORDER & PMS SCHEDULE,External,2025-03-18,2025-03-19
510,CR-118,NGU 4871,SUZUKI APV,MEDIUM,AUV,2021,GAS,SUZUKI,TELECOMS,25-0107,MIESCOR TELECOMS,PER WORKORDER & PMS SCHEDULE,External,2025-03-18,2025-03-19
511,TV-JP-237,AAK 4838,MITSUBISHI L300,MEDIUM,VAN,2014,DIESEL,MITSUBISHI,Miescor Logistics,25-0107,HOME OFFICE/Miescor Logistics,PER WORKORDER & PMS SCHEDULE,External,2025-03-18,2025-03-19
512,TV-JP-496,NBQ 6617,TOYOTA INNOVA,MEDIUM,AUV,2019,DIESEL,TOYOTA,Miescor Logistics,25-0107,HOME OFFICE/Miescor Logistics,PER WORKORDER & PMS SCHEDULE,External,2025-03-18,2025-03-19
513,TV-PU-231,KBB 9855,MITSUBISHI STRADA,MEDIUM,PICK UP,2015,DIESEL,MITSUBISHI,Miescor Logistics,25-0107,HOME OFFICE/Miescor Logistics,PER WORKORDER & PMS SCHEDULE,External,2025-03-18,2025-03-19
514,N/A,KBY 9303,MITSUBISHI ADVENTURE,MEDIUM,SUV,2015,DIESEL,MITSUBISHI,Miescor Logistics,25-0107,HOME OFFICE/Miescor Logistics,PER WORKORDER & PMS SCHEDULE,External,2025-03-18,2025-03-19
515,TV-JP-636,NIG 5899,NISSAN URVAN,MEDIUM,VAN,,DIESEL,NISSAN,TELECOMS,25-0107,MIESCOR TELECOMS,PER WORKORDER & PMS SCHEDULE,External,2025-03-18,2025-03-19
516,TV-JP-529,NGX 7578,MITSUBISHI L300,MEDIUM,VAN,2022,DIESEL,MITSUBISHI,TELECOMS,25-0107,MIESCOR TELECOMS,PER WORKORDER & PMS SCHEDULE,External,2025-03-18,2025-03-19
517,TV-JP-530,NGX 7574,MITSUBISHI L300,MEDIUM,VAN,2022,DIESEL,MITSUBISHI,TELECOMS,25-0107,MIESCOR TELECOMS,PER WORKORDER & PMS SCHEDULE,External,2025-03-18,2025-03-19
518,TV-JP-531,NGX 7575,MITSUBISHI L300,MEDIUM,VAN,,DIESEL,MITSUBISHI,TELECOMS,25-0107,MIESCOR TELECOMS,PER WORKORDER & PMS SCHEDULE,External,2025-03-18,2025-03-19
519,TV-JP-537,NGX 7576,MITSUBISHI L300,MEDIUM,VAN,,DIESEL,MITSUBISHI,TELECOMS,25-0107,MIESCOR TELECOMS,PER WORKORDER & PMS SCHEDULE,External,2025-03-18,2025-03-19
520,TV-JP-533,NGX 7580,MITSUBISHI L300,MEDIUM,VAN,2022,DIESEL,MITSUBISHI,TELECOMS,25-0107,MIESCOR TELECOMS,PER WORKORDER & PMS SCHEDULE,External,2025-03-18,2025-03-19
521,TV-JP-532,NGX 7581,MITSUBISHI L300,MEDIUM,VAN,2022,DIESEL,MITSUBISHI,TELECOMS,25-0107,MIESCOR TELECOMS,PER WORKORDER & PMS SCHEDULE,External,2025-03-18,2025-03-19
522,TV-JP-536,NGX 7582,MITSUBISHI L300,MEDIUM,VAN,,DIESEL,MITSUBISHI,TELECOMS,25-0107,MIESCOR TELECOMS,PER WORKORDER & PMS SCHEDULE,External,2025-03-18,2025-03-19
523,N/A,NGX 7589,MITSUBISHI L300,MEDIUM,VAN,,DIESEL,MITSUBISHI,TELECOMS,25-0107,MIESCOR TELECOMS,PER WORKORDER & PMS SCHEDULE,External,2025-03-18,2025-03-19
524,TV-JP-535,NGX 7577,MITSUBISHI L300,MEDIUM,VAN,,DIESEL,MITSUBISHI,TELECOMS,25-0107,MIESCOR TELECOMS,PER WORKORDER & PMS SCHEDULE,External,2025-03-18,2025-03-19
525,TV-JP-238,AAK 4866,MITSUBISHI L300,MEDIUM,VAN,2013,DIESEL,MITSUBISHI,Miescor Logistics,25-0107,HOME OFFICE/Miescor Logistics,PER WORKORDER & PMS SCHEDULE,External,2025-03-18,2025-03-19
526,TV-JP-239,AAK 4836,MITSUBISHI L300,MEDIUM,VAN,2014,DIESEL,MITSUBISHI,Miescor Logistics,25-0107,HOME OFFICE/Miescor Logistics,PER WORKORDER & PMS SCHEDULE,External,2025-03-18,2025-03-19
527,TV-JP-268,AAP 1720,MITSUBISHI L300,MEDIUM,VAN,2014,DIESEL,MITSUBISHI,Miescor Logistics,25-0107,HOME OFFICE/Miescor Logistics,PER WORKORDER & PMS SCHEDULE,External,2025-03-18,2025-03-19
528,TV-JP-466,NEO 2192,MITSUBISHI L300,MEDIUM,VAN,0,DIESEL,MITSUBISHI,TELECOMS,25-0107,MIESCOR TELECOMS,PER WORKORDER & PMS SCHEDULE,External,2025-03-18,2025-03-19
529,TV-JP-467,NEO 2193,MITSUBISHI L300,MEDIUM,VAN,,DIESEL,MITSUBISHI,TELECOMS,25-0107,MIESCOR TELECOMS,PER WORKORDER & PMS SCHEDULE,External,2025-03-18,2025-03-19
530,JP-468,NEO 2194,MITSUBISHI L300,MEDIUM,VAN,,DIESEL,MITSUBISHI,TELECOMS,25-0107,MIESCOR TELECOMS,PER WORKORDER & PMS SCHEDULE,External,2025-03-18,2025-03-19
531,TV-JP-339,NGM 1953,MITSUBISHI L300,MEDIUM,VAN,0,DIESEL,MITSUBISHI,UAM,25-0107,MIESCOR UAM,PER WORKORDER & PMS SCHEDULE,External,2025-03-18,2025-03-19
532,TV-JP-340,NGM 1954,MITSUBISHI L300,MEDIUM,VAN,0,DIESEL,MITSUBISHI,UAM,25-0107,MIESCOR UAM,PER WORKORDER & PMS SCHEDULE,External,2025-03-18,2025-03-19
533,TV-JP-341,NGM 1952,MITSUBISHI L300,MEDIUM,VAN,0,DIESEL,MITSUBISHI,UAM,25-0107,MIESCOR UAM,PER WORKORDER & PMS SCHEDULE,External,2025-03-18,2025-03-19
534,TV-JP-342,NGM 1955,MITSUBISHI L300,MEDIUM,VAN,0,DIESEL,MITSUBISHI,UAM,25-0107,MIESCOR UAM,PER WORKORDER & PMS SCHEDULE,External,2025-03-18,2025-03-19
535,TV-JP-343,NGM 1956,MITSUBISHI L300,MEDIUM,VAN,0,DIESEL,MITSUBISHI,UAM,25-0107,MIESCOR UAM,PER WORKORDER & PMS SCHEDULE,External,2025-03-18,2025-03-19
536,TV-JP-344,NGM 3536,MITSUBISHI L300,MEDIUM,VAN,0,DIESEL,MITSUBISHI,UAM,25-0107,MIESCOR UAM,PER WORKORDER & PMS SCHEDULE,External,2025-03-18,2025-03-19
537,TV-JP-345,NGM 3534,MITSUBISHI L300,MEDIUM,VAN,0,DIESEL,MITSUBISHI,UAM,25-0107,MIESCOR UAM,PER WORKORDER & PMS SCHEDULE,External,2025-03-18,2025-03-19
538,TV-JP-346,NGM 1945,MITSUBISHI L300,MEDIUM,VAN,0,DIESEL,MITSUBISHI,UAM,25-0107,MIESCOR UAM,PER WORKORDER & PMS SCHEDULE,External,2025-03-18,2025-03-19
539,TV-JP-347,NGM 1944,MITSUBISHI L300,MEDIUM,VAN,0,DIESEL,MITSUBISHI,UAM,25-0107,MIESCOR UAM,PER WORKORDER & PMS SCHEDULE,External,2025-03-18,2025-03-19
540,TV-JP-348,NGM 1943,MITSUBISHI L300,MEDIUM,VAN,0,DIESEL,MITSUBISHI,TELECOMS,25-0107,MIESCOR TELECOMS,PER WORKORDER & PMS SCHEDULE,External,2025-03-18,2025-03-19
541,TV-JP-349,NGM 1942,MITSUBISHI L300,MEDIUM,VAN,0,DIESEL,MITSUBISHI,UAM,25-0107,MIESCOR UAM,PER WORKORDER & PMS SCHEDULE,External,2025-03-18,2025-03-19
542,TV-JP-350,NGM 1946,MITSUBISHI L300,MEDIUM,VAN,0,DIESEL,MITSUBISHI,UAM,25-0107,MIESCOR UAM,PER WORKORDER & PMS SCHEDULE,External,2025-03-18,2025-03-19
543,TV-JP-351,NGM 1947,MITSUBISHI L300,MEDIUM,VAN,0,DIESEL,MITSUBISHI,UAM,25-0107,MIESCOR UAM,PER WORKORDER & PMS SCHEDULE,External,2025-03-18,2025-03-19
544,TV-JP-352,NGM 1948,MITSUBISHI L300,MEDIUM,VAN,0,DIESEL,MITSUBISHI,UAM,25-0107,MIESCOR UAM,PER WORKORDER & PMS SCHEDULE,External,2025-03-18,2025-03-19
545,TV-JP-353,NGM 1949,MITSUBISHI L300,MEDIUM,VAN,0,DIESEL,MITSUBISHI,UAM,25-0107,MIESCOR UAM,PER WORKORDER & PMS SCHEDULE,External,2025-03-18,2025-03-19
546,TV-JP-354,NGM 1957,MITSUBISHI L300,MEDIUM,VAN,0,DIESEL,MITSUBISHI,UAM,25-0107,MIESCOR UAM,PER WORKORDER & PMS SCHEDULE,External,2025-03-18,2025-03-19
547,TV-JP-355,NGM 1950,MITSUBISHI L300,MEDIUM,VAN,0,DIESEL,MITSUBISHI,UAM,25-0107,MIESCOR UAM,PER WORKORDER & PMS SCHEDULE,External,2025-03-18,2025-03-19
548,TV-JP-356,NGM 1941,MITSUBISHI L300,MEDIUM,VAN,0,DIESEL,MITSUBISHI,UAM,25-0107,MIESCOR UAM,PER WORKORDER & PMS SCHEDULE,External,2025-03-18,2025-03-19
549,TV-JP-357,NGM 1951,MITSUBISHI L300,MEDIUM,VAN,0,DIESEL,MITSUBISHI,UAM,25-0107,MIESCOR UAM,PER WORKORDER & PMS SCHEDULE,External,2025-03-18,2025-03-19
550,TV-JP-358,NGB 5269,MITSUBISHI L300,MEDIUM,VAN,0,DIESEL,MITSUBISHI,UAM,25-0107,MIESCOR UAM,PER WORKORDER & PMS SCHEDULE,External,2025-03-18,2025-03-19
551,TV-JP-359,NGB 5333,MITSUBISHI L300,MEDIUM,VAN,0,DIESEL,MITSUBISHI,TELECOMS,25-0107,MIESCOR TELECOMS,PER WORKORDER & PMS SCHEDULE,External,2025-03-18,2025-03-19
552,TV-JP-360,NGB 5334,MITSUBISHI L300,MEDIUM,VAN,0,DIESEL,MITSUBISHI,UAM,25-0107,MIESCOR UAM,PER WORKORDER & PMS SCHEDULE,External,2025-03-18,2025-03-19
553,TV-JP-361,NGB 5273,MITSUBISHI L300,MEDIUM,VAN,0,DIESEL,MITSUBISHI,UAM,25-0107,MIESCOR UAM,PER WORKORDER & PMS SCHEDULE,External,2025-03-18,2025-03-19
554,TV-JP-362,NGB 5336,MITSUBISHI L300,MEDIUM,VAN,0,DIESEL,MITSUBISHI,UAM,25-0107,MIESCOR UAM,PER WORKORDER & PMS SCHEDULE,External,2025-03-18,2025-03-19
555,TV-JP-363,NGB 7893,MITSUBISHI L300,MEDIUM,VAN,0,DIESEL,MITSUBISHI,TELECOMS,25-0107,MIESCOR TELECOMS,PER WORKORDER & PMS SCHEDULE,External,2025-03-18,2025-03-19
556,TV-JP-364,NGB 7895,MITSUBISHI L300,MEDIUM,VAN,0,DIESEL,MITSUBISHI,UAM,25-0107,MIESCOR UAM,PER WORKORDER & PMS SCHEDULE,External,2025-03-18,2025-03-19
557,TV-JP-365,NGB 7891,MITSUBISHI L300,MEDIUM,VAN,0,DIESEL,MITSUBISHI,UAM,25-0107,MIESCOR UAM,PER WORKORDER & PMS SCHEDULE,External,2025-03-18,2025-03-19
558,TV-JP-366,NGB 7892,MITSUBISHI L300,MEDIUM,VAN,0,DIESEL,MITSUBISHI,UAM,25-0107,MIESCOR UAM,PER WORKORDER & PMS SCHEDULE,External,2025-03-18,2025-03-19
559,TV-JP-367,NGB 5274,MITSUBISHI L300,MEDIUM,VAN,0,DIESEL,MITSUBISHI,UAM,25-0107,MIESCOR UAM,PER WORKORDER & PMS SCHEDULE,External,2025-03-18,2025-03-19
560,TV-JP-368,NGB 5272,MITSUBISHI L300,MEDIUM,VAN,0,DIESEL,MITSUBISHI,UAM,25-0107,MIESCOR UAM,PER WORKORDER & PMS SCHEDULE,External,2025-03-18,2025-03-19
561,TV-JP-369,DAT 1956,MITSUBISHI L300,MEDIUM,VAN,0,DIESEL,MITSUBISHI,UAM,25-0107,MIESCOR UAM,PER WORKORDER & PMS SCHEDULE,External,2025-03-18,2025-03-19
562,JP-378,DAT 1953,MITSUBISHI L300,MEDIUM,VAN,0,DIESEL,MITSUBISHI,UAM,25-0107,MIESCOR UAM,PER WORKORDER & PMS SCHEDULE,External,2025-03-18,2025-03-19
563,TV-JP-370,DAT 1954,MITSUBISHI L300,MEDIUM,VAN,0,DIESEL,MITSUBISHI,UAM,25-0107,MIESCOR UAM,PER WORKORDER & PMS SCHEDULE,External,2025-03-18,2025-03-19
564,TV-JP-371,DAT 1955,MITSUBISHI L300,MEDIUM,VAN,0,DIESEL,MITSUBISHI,UAM,25-0107,MIESCOR UAM,PER WORKORDER & PMS SCHEDULE,External,2025-03-18,2025-03-19
565,TV-JP-372,DAT 1957,MITSUBISHI L300,MEDIUM,VAN,0,DIESEL,MITSUBISHI,UAM,25-0107,MIESCOR UAM,PER WORKORDER & PMS SCHEDULE,External,2025-03-18,2025-03-19
566,TV-JP-373,DAT 1949,MITSUBISHI L300,MEDIUM,VAN,0,DIESEL,MITSUBISHI,UAM,25-0107,MIESCOR UAM,PER WORKORDER & PMS SCHEDULE,External,2025-03-18,2025-03-19
567,TV-JP-374,DAT 1952,MITSUBISHI L300,MEDIUM,VAN,0,DIESEL,MITSUBISHI,UAM,25-0107,MIESCOR UAM,PER WORKORDER & PMS SCHEDULE,External,2025-03-18,2025-03-19
568,TV-JP-375,DAT 1951,MITSUBISHI L300,MEDIUM,VAN,0,DIESEL,MITSUBISHI,TELECOMS,25-0107,MIESCOR TELECOMS,PER WORKORDER & PMS SCHEDULE,External,2025-03-18,2025-03-19
569,TV-JP-376,DAT 1958,MITSUBISHI L300,MEDIUM,VAN,0,DIESEL,MITSUBISHI,UAM,25-0107,MIESCOR UAM,PER WORKORDER & PMS SCHEDULE,External,2025-03-18,2025-03-19
570,TV-JP-377,DAT 1950,MITSUBISHI L300,MEDIUM,VAN,0,DIESEL,MITSUBISHI,UAM,25-0107,MIESCOR UAM,PER WORKORDER & PMS SCHEDULE,External,2025-03-18,2025-03-19
571,TV-JP-549,NFD 6226,SUZUKI CARRY,MEDIUM,AUV,,GAS,SUZUKI,TELECOMS,25-0107,MIESCOR TELECOMS,PER WORKORDER & PMS SCHEDULE,External,2025-03-18,2025-03-19
572,TV-JP-556,NFD 6233,SUZUKI CARRY,MEDIUM,AUV,,GAS,SUZUKI,TELECOMS,25-0107,MIESCOR TELECOMS,PER WORKORDER & PMS SCHEDULE,External,2025-03-18,2025-03-19
573,TV-JP-568,NFD 6245,SUZUKI CARRY,MEDIUM,AUV,,GAS,SUZUKI,TELECOMS,25-0107,MIESCOR TELECOMS,PER WORKORDER & PMS SCHEDULE,External,2025-03-18,2025-03-19
574,TV-JP-465,NET 4370,SUZUKI CARRY,MEDIUM,AUV,2022,GAS,SUZUKI,TELECOMS,25-0107,MIESCOR TELECOMS,PER WORKORDER & PMS SCHEDULE,External,2025-03-18,2025-03-19
575,TV-JP-463,NET 4368,SUZUKI CARRY,MEDIUM,AUV,2022,GAS,SUZUKI,TELECOMS,25-0107,MIESCOR TELECOMS,PER WORKORDER & PMS SCHEDULE,External,2025-03-18,2025-03-19
576,TV-JP-486,NEM 5640,SUZUKI CARRY,MEDIUM,AUV,2022,GAS,SUZUKI,TELECOMS,25-0107,MIESCOR TELECOMS,PER WORKORDER & PMS SCHEDULE,External,2025-03-18,2025-03-19
577,TV-JP-462,NET 4366,SUZUKI CARRY,MEDIUM,AUV,2022,GAS,SUZUKI,TELECOMS,25-0107,MIESCOR TELECOMS,PER WORKORDER & PMS SCHEDULE,External,2025-03-18,2025-03-19
578,TV-JP-456,NET 4371,SUZUKI CARRY,MEDIUM,AUV,,GAS,SUZUKI,TELECOMS,25-0107,MIESCOR TELECOMS,PER WORKORDER & PMS SCHEDULE,External,2025-03-18,2025-03-19
579,TV-JP-451,NEW 8900,SUZUKI CARRY,MEDIUM,AUV,,GAS,SUZUKI,TELECOMS,25-0107,MIESCOR TELECOMS,PER WORKORDER & PMS SCHEDULE,External,2025-03-18,2025-03-19
580,TV-JP-455,NEW 8894,SUZUKI CARRY,MEDIUM,AUV,2021,GAS,SUZUKI,TELECOMS,25-0107,MIESCOR TELECOMS,PER WORKORDER & PMS SCHEDULE,External,2025-03-18,2025-03-19
581,TV-JP-458,NEW 8896,SUZUKI CARRY,MEDIUM,AUV,0,GAS,SUZUKI,TELECOMS,25-0107,MIESCOR TELECOMS,PER WORKORDER & PMS SCHEDULE,External,2025-03-18,2025-03-19
582,TV-JP-459,NEW 8897,SUZUKI CARRY,MEDIUM,AUV,0,GAS,SUZUKI,TELECOMS,25-0107,MIESCOR TELECOMS,PER WORKORDER & PMS SCHEDULE,External,2025-03-18,2025-03-19
583,TV-JP-460,NEW 8898,SUZUKI CARRY,MEDIUM,AUV,,GAS,SUZUKI,TELECOMS,25-0107,MIESCOR TELECOMS,PER WORKORDER & PMS SCHEDULE,External,2025-03-18,2025-03-19
584,TV-JP-461,NEW 8899,SUZUKI CARRY,MEDIUM,AUV,0,GAS,SUZUKI,TELECOMS,25-0107,MIESCOR TELECOMS,PER WORKORDER & PMS SCHEDULE,External,2025-03-18,2025-03-19
585,TV-JP-469,NER 2130,SUZUKI CARRY,MEDIUM,AUV,,GAS,SUZUKI,TELECOMS,25-0107,MIESCOR TELECOMS,PER WORKORDER & PMS SCHEDULE,External,2025-03-18,2025-03-19
586,TV-JP-471,NER 2132,SUZUKI CARRY,MEDIUM,AUV,,GAS,SUZUKI,TELECOMS,25-0107,MIESCOR TELECOMS,PER WORKORDER & PMS SCHEDULE,External,2025-03-18,2025-03-19
587,TV-JP-479,NER 2139,SUZUKI CARRY,MEDIUM,AUV,2022,GAS,SUZUKI,TELECOMS,25-0107,MIESCOR TELECOMS,PER WORKORDER & PMS SCHEDULE,External,2025-03-18,2025-03-19
588,TV-PU-221,TQC 400,TOYOTA HILUX,MEDIUM,PICK UP,2012,DIESEL,TOYOTA,Miescor Logistics & Telecoms,25-0107,HOME OFFICE/Miescor Logistics,PER WORKORDER & PMS SCHEDULE,External,2025-03-18,2025-03-19
589,TV-PU-224,WKQ 230,TOYOTA HILUX,MEDIUM,PICK UP,2013,DIESEL,TOYOTA,Miescor Logistics & Telecoms,25-0107,HOME OFFICE/Miescor Logistics,PER WORKORDER & PMS SCHEDULE,External,2025-03-18,2025-03-19
590,TV-PU-225,WKQ 233,TOYOTA HILUX,MEDIUM,PICK UP,2013,DIESEL,TOYOTA,Miescor Logistics & Telecoms,25-0107,HOME OFFICE/Miescor Logistics,PER WORKORDER & PMS SCHEDULE,External,2025-03-18,2025-03-19
591,TV-PU-226,WKQ 231,TOYOTA HILUX,MEDIUM,PICK UP,2013,DIESEL,TOYOTA,Miescor Logistics & Telecoms,25-0107,HOME OFFICE/Miescor Logistics,PER WORKORDER & PMS SCHEDULE,External,2025-03-18,2025-03-19
592,TV-PU-227,WOW 928,TOYOTA HILUX,MEDIUM,PICK UP,2014,DIESEL,TOYOTA,HO,25-0107,HOME OFFICE,PER WORKORDER & PMS SCHEDULE,External,2025-03-18,2025-03-19
593,TV-PU-228,WOW 934,TOYOTA HILUX,MEDIUM,PICK UP,2014,DIESEL,TOYOTA,Miescor Logistics,25-0107,HOME OFFICE/Miescor Logistics,PER WORKORDER & PMS SCHEDULE,External,2025-03-18,2025-03-19
594,TV-JP-438,NDZ 9624,HINO UV 300,MEDIUM,PICK UP,0,DIESEL,HINO,TELECOMS,25-0107,MIESCOR TELECOMS,PER WORKORDER & PMS SCHEDULE,External,2025-03-18,2025-03-19
595,TV-JP-490,NEX 1802,HINO UV 300,MEDIUM,PICK UP,0,DIESEL,HINO,TELECOMS,25-0107,MIESCOR TELECOMS,PER WORKORDER & PMS SCHEDULE,External,2025-03-18,2025-03-19
596,TV-JP-492,NEX 2350,HINO UV 300,MEDIUM,PICK UP,0,DIESEL,HINO,TELECOMS,25-0107,MIESCOR TELECOMS,PER WORKORDER & PMS SCHEDULE,External,2025-03-18,2025-03-19
597,TV-JP-415,NDO 1216,HINO UV 300,MEDIUM,PICK UP,0,DIESEL,HINO,TELECOMS,25-0107,MIESCOR TELECOMS,PER WORKORDER & PMS SCHEDULE,External,2025-03-18,2025-03-19
598,TV-JP-414,NDO 1217,HINO UV 300,MEDIUM,PICK UP,0,DIESEL,HINO,TELECOMS,25-0107,MIESCOR TELECOMS,PER WORKORDER & PMS SCHEDULE,External,2025-03-18,2025-03-19
599,TV-JP-409,NDO 1221,HINO UV 300,MEDIUM,PICK UP,0,DIESEL,HINO,TELECOMS,25-0107,MIESCOR TELECOMS,PER WORKORDER & PMS SCHEDULE,External,2025-03-18,2025-03-19
600,TV-JP-410,NDO 1222,HINO UV 300,MEDIUM,PICK UP,0,DIESEL,HINO,TELECOMS,25-0107,MIESCOR TELECOMS,PER WORKORDER & PMS SCHEDULE,External,2025-03-18,2025-03-19
601,TV-JP-411,NDO 1223,HINO UV 300,MEDIUM,PICK UP,0,DIESEL,HINO,TELECOMS,25-0107,MIESCOR TELECOMS,PER WORKORDER & PMS SCHEDULE,External,2025-03-18,2025-03-19
602,TV-JP-546,NGX 9207,HINO UV 300,MEDIUM,PICK UP,2022,DIESEL,HINO,TELECOMS,25-0107,MIESCOR TELECOMS,PER WORKORDER & PMS SCHEDULE,External,2025-03-18,2025-03-19
603,TV-JP-538,NGX 9197,HINO UV 300,MEDIUM,PICK UP,2022,DIESEL,HINO,TELECOMS,25-0107,MIESCOR TELECOMS,PER WORKORDER & PMS SCHEDULE,External,2025-03-18,2025-03-19
604,TV-CR-070,NEI 9004,TOYOTA INNOVA,MEDIUM,AUV,2019,DIESEL,TOYOTA,HO,25-0107,HOME OFFICE,PER WORKORDER & PMS SCHEDULE,External,2025-03-18,2025-03-19
605,TV-CR-069,NEI 9005,TOYOTA INNOVA,MEDIUM,AUV,2019,DIESEL,TOYOTA,HO,25-0107,HOME OFFICE,PER WORKORDER & PMS SCHEDULE,External,2025-03-18,2025-03-19
606,TV-CR-054,AAM 6810,TOYOTA INNOVA,MEDIUM,AUV,2014,DIESEL,TOYOTA,HO,25-0107,HOME OFFICE,PER WORKORDER & PMS SCHEDULE,External,2025-03-18,2025-03-19
607,N/A,F4Q 675,NISSAN URVAN,MEDIUM,VAN,,DIESEL,NISSAN,Miescor Logistics,25-0107,HOME OFFICE/Miescor Logistics,PER WORKORDER & PMS SCHEDULE,External,2025-03-18,2025-03-19
608,TV-CR-125,NFV 6767,TOYOTA VIOS,LIGHT,SEDAN,2020,GAS,TOYOTA,UAM,25-0107,MIESCOR UAM,PER WORKORDER & PMS SCHEDULE,External,2025-03-18,2025-03-19
609,TV-CR-126,NFV 6766,TOYOTA VIOS,LIGHT,SEDAN,2020,GAS,TOYOTA,UAM,25-0107,MIESCOR UAM,PER WORKORDER & PMS SCHEDULE,External,2025-03-18,2025-03-19
610,TV-CR-083,NGM 6441,TOYOTA VIOS,LIGHT,SEDAN,2020,GAS,TOYOTA,UAM,25-0107,MIESCOR UAM,PER WORKORDER & PMS SCHEDULE,External,2025-03-18,2025-03-19
611,TV-JP-426,DAV 3305,MITSUBISHI L300,MEDIUM,VAN,0,DIESEL,MITSUBISHI,UAM,25-0107,MIESCOR UAM,PER WORKORDER & PMS SCHEDULE,External,2025-03-18,2025-03-19
612,TV-JP-427,DAV 3306,MITSUBISHI L300,MEDIUM,VAN,0,DIESEL,MITSUBISHI,UAM,25-0107,MIESCOR UAM,PER WORKORDER & PMS SCHEDULE,External,2025-03-18,2025-03-19
613,TV-JR-428,DAV 3307,MITSUBISHI L300,MEDIUM,VAN,0,DIESEL,MITSUBISHI,TELECOMS,25-0107,MIESCOR TELECOMS,PER WORKORDER & PMS SCHEDULE,External,2025-03-18,2025-03-19
614,JP-432,DAV 3311,MITSUBISHI L300,MEDIUM,VAN,0,DIESEL,MITSUBISHI,UAM,25-0107,MIESCOR UAM,PER WORKORDER & PMS SCHEDULE,External,2025-03-18,2025-03-19
615,TV-JP-431,DAV 3310,MITSUBISHI L300,MEDIUM,VAN,0,DIESEL,MITSUBISHI,UAM,25-0107,MIESCOR UAM,PER WORKORDER & PMS SCHEDULE,External,2025-03-18,2025-03-19
616,TV-JP-433,DAV 3312,MITSUBISHI L300,MEDIUM,VAN,0,DIESEL,MITSUBISHI,UAM,25-0107,MIESCOR UAM,PER WORKORDER & PMS SCHEDULE,External,2025-03-18,2025-03-19
617,TV-JP-435,DAV 3314,MITSUBISHI L300,MEDIUM,VAN,0,DIESEL,MITSUBISHI,UAM,25-0107,MIESCOR UAM,PER WORKORDER & PMS SCHEDULE,External,2025-03-18,2025-03-19
618,TV-JP-429,DAV 3308,MITSUBISHI L300,MEDIUM,VAN,0,DIESEL,MITSUBISHI,UAM,25-0107,MIESCOR UAM,PER WORKORDER & PMS SCHEDULE,External,2025-03-18,2025-03-19
619,TV-JP-416,DAV 3294,MITSUBISHI L300,MEDIUM,VAN,0,DIESEL,MITSUBISHI,UAM,25-0107,MIESCOR UAM,PER WORKORDER & PMS SCHEDULE,External,2025-03-18,2025-03-19
620,TV-JP-434,DAV 3313,MITSUBISHI L300,MEDIUM,VAN,0,DIESEL,MITSUBISHI,UAM,25-0107,MIESCOR UAM,PER WORKORDER & PMS SCHEDULE,External,2025-03-18,2025-03-19
621,TV-JP-417,DAV 3295,MITSUBISHI L300,MEDIUM,VAN,0,DIESEL,MITSUBISHI,UAM,25-0107,MIESCOR UAM,PER WORKORDER & PMS SCHEDULE,External,2025-03-18,2025-03-19
622,TV-JP-424,DAV 3302,MITSUBISHI L300,MEDIUM,VAN,0,DIESEL,MITSUBISHI,UAM,25-0107,MIESCOR UAM,PER WORKORDER & PMS SCHEDULE,External,2025-03-18,2025-03-19
623,TV-JP-425,DAV 3303,MITSUBISHI L300,MEDIUM,VAN,0,DIESEL,MITSUBISHI,UAM,25-0107,MIESCOR UAM,PER WORKORDER & PMS SCHEDULE,External,2025-03-18,2025-03-19
624,JP-436,DAV 3315,MITSUBISHI L300,MEDIUM,VAN,0,DIESEL,MITSUBISHI,UAM,25-0107,MIESCOR UAM,PER WORKORDER & PMS SCHEDULE,External,2025-03-18,2025-03-19
625,TV-JP-418,DAV 3296,MITSUBISHI L300,MEDIUM,VAN,0,DIESEL,MITSUBISHI,UAM,25-0107,MIESCOR UAM,PER WORKORDER & PMS SCHEDULE,External,2025-03-18,2025-03-19
626,TV-JP-419,DAV 3297,MITSUBISHI L300,MEDIUM,VAN,0,DIESEL,MITSUBISHI,UAM,25-0107,MIESCOR UAM,PER WORKORDER & PMS SCHEDULE,External,2025-03-18,2025-03-19
627,TV-JP-420,DAV 3298,MITSUBISHI L300,MEDIUM,VAN,0,DIESEL,MITSUBISHI,UAM,25-0107,MIESCOR UAM,PER WORKORDER & PMS SCHEDULE,External,2025-03-18,2025-03-19
628,TV-JP-430,DAV 3309,MITSUBISHI L300,MEDIUM,VAN,0,DIESEL,MITSUBISHI,UAM,25-0107,MIESCOR UAM,PER WORKORDER & PMS SCHEDULE,External,2025-03-18,2025-03-19
629,JP-421,DAV 3299,MITSUBISHI L300,MEDIUM,VAN,0,DIESEL,MITSUBISHI,UAM,25-0107,MIESCOR UAM,PER WORKORDER & PMS SCHEDULE,External,2025-03-18,2025-03-19
630,TV-JP-422,DAV 3300,MITSUBISHI L300,MEDIUM,VAN,0,DIESEL,MITSUBISHI,UAM,25-0107,MIESCOR UAM,PER WORKORDER & PMS SCHEDULE,External,2025-03-18,2025-03-19
631,TV-JP-423,DAV 3301,MITSUBISHI L300,MEDIUM,VAN,0,DIESEL,MITSUBISHI,UAM,25-0107,MIESCOR UAM,PER WORKORDER & PMS SCHEDULE,External,2025-03-18,2025-03-19
632,TV-JP-442,DAV 5039,MITSUBISHI L300,MEDIUM,VAN,0,DIESEL,MITSUBISHI,UAM,25-0107,MIESCOR UAM,PER WORKORDER & PMS SCHEDULE,External,2025-03-18,2025-03-19
633,TV-JP-447,DAV 5045,MITSUBISHI L300,MEDIUM,VAN,0,DIESEL,MITSUBISHI,UAM,25-0107,MIESCOR UAM,PER WORKORDER & PMS SCHEDULE,External,2025-03-18,2025-03-19
634,TV-JP-445,DAV 5042,MITSUBISHI L300,MEDIUM,VAN,0,DIESEL,MITSUBISHI,UAM,25-0107,MIESCOR UAM,PER WORKORDER & PMS SCHEDULE,External,2025-03-18,2025-03-19
635,TV-JP-448,DAV 5046,MITSUBISHI L300,MEDIUM,VAN,0,DIESEL,MITSUBISHI,UAM,25-0107,MIESCOR UAM,PER WORKORDER & PMS SCHEDULE,External,2025-03-18,2025-03-19
636,TV-JP-443,DAV 5040,MITSUBISHI L300,MEDIUM,VAN,0,DIESEL,MITSUBISHI,UAM,25-0107,MIESCOR UAM,PER WORKORDER & PMS SCHEDULE,External,2025-03-18,2025-03-19
637,TV-JP-444,DAV 5041,MITSUBISHI L300,MEDIUM,VAN,0,DIESEL,MITSUBISHI,UAM,25-0107,MIESCOR UAM,PER WORKORDER & PMS SCHEDULE,External,2025-03-18,2025-03-19
638,TV-JP-446,DAV 5043,MITSUBISHI L300,MEDIUM,VAN,0,DIESEL,MITSUBISHI,UAM,25-0107,MIESCOR UAM,PER WORKORDER & PMS SCHEDULE,External,2025-03-18,2025-03-19
639,TV-JP-450,DAV 5048,MITSUBISHI L300,MEDIUM,VAN,0,DIESEL,MITSUBISHI,UAM,25-0107,MIESCOR UAM,PER WORKORDER & PMS SCHEDULE,External,2025-03-18,2025-03-19
640,TV-JP-441,DAV 4658,MITSUBISHI L300,MEDIUM,VAN,0,DIESEL,MITSUBISHI,UAM,25-0107,MIESCOR UAM,PER WORKORDER & PMS SCHEDULE,External,2025-03-18,2025-03-19
641,TV-JP-449,DAV 5047,MITSUBISHI L300,MEDIUM,VAN,0,DIESEL,MITSUBISHI,UAM,25-0107,MIESCOR UAM,PER WORKORDER & PMS SCHEDULE,External,2025-03-18,2025-03-19
642,TV-JP-502,NFI 2144,TOYOTA INNOVA,MEDIUM,AUV,2021,DIESEL,TOYOTA,DUS,25-0107,MIESCOR DUS,PER WORKORDER & PMS SCHEDULE,External,2025-03-18,2025-03-19
643,TV-JP-503,NFI 2149,TOYOTA INNOVA,MEDIUM,AUV,2021,DIESEL,TOYOTA,DUS,25-0107,MIESCOR DUS,PER WORKORDER & PMS SCHEDULE,External,2025-03-18,2025-03-19
644,TV-JP-504,NFI 2150,TOYOTA INNOVA,MEDIUM,AUV,2021,DIESEL,TOYOTA,DUS,25-0107,MIESCOR DUS,PER WORKORDER & PMS SCHEDULE,External,2025-03-18,2025-03-19
645,TV-JP-505,NFI 2151,TOYOTA INNOVA,MEDIUM,AUV,2021,DIESEL,TOYOTA,DUS,25-0107,MIESCOR DUS,PER WORKORDER & PMS SCHEDULE,External,2025-03-18,2025-03-19
646,TV-JP-506,NFI 2152,TOYOTA INNOVA,MEDIUM,AUV,2021,DIESEL,TOYOTA,DUS,25-0107,MIESCOR DUS,PER WORKORDER & PMS SCHEDULE,External,2025-03-18,2025-03-19
647,TV-JP-507,NFI 2153,TOYOTA INNOVA,MEDIUM,AUV,2021,DIESEL,TOYOTA,DUS,25-0107,MIESCOR DUS,PER WORKORDER & PMS SCHEDULE,External,2025-03-18,2025-03-19
648,TV-JP-508,NFI 2154,TOYOTA INNOVA,MEDIUM,AUV,2021,DIESEL,TOYOTA,DUS,25-0107,MIESCOR DUS,PER WORKORDER & PMS SCHEDULE,External,2025-03-18,2025-03-19
649,TV-JP-509,NFI 2155,TOYOTA INNOVA,MEDIUM,AUV,2021,DIESEL,TOYOTA,DUS,25-0107,MIESCOR DUS,PER WORKORDER & PMS SCHEDULE,External,2025-03-18,2025-03-19
650,TV-JP-498,NFI 2145,TOYOTA VIOS,LIGHT,SEDAN,2021,GAS,TOYOTA,DUS,25-0107,MIESCOR DUS,PER WORKORDER & PMS SCHEDULE,External,2025-03-18,2025-03-19
651,TV-JP-499,NFI 2146,TOYOTA VIOS,LIGHT,SEDAN,2021,GAS,TOYOTA,DUS,25-0107,MIESCOR DUS,PER WORKORDER & PMS SCHEDULE,External,2025-03-18,2025-03-19
652,TV-JP-500,NFI 2147,TOYOTA VIOS,LIGHT,SEDAN,2021,GAS,TOYOTA,DUS,25-0107,MIESCOR DUS,PER WORKORDER & PMS SCHEDULE,External,2025-03-18,2025-03-19
653,TV-JP-501,NFI 2148,TOYOTA VIOS,LIGHT,SEDAN,2021,GAS,TOYOTA,DUS,25-0107,MIESCOR DUS,PER WORKORDER & PMS SCHEDULE,External,2025-03-18,2025-03-19
654,TV-JP-510,DBF 1381,MITSUBISHI L300,MEDIUM,VAN,2022,DIESEL,MITSUBISHI,DUS,25-0107,MIESCOR DUS,PER WORKORDER & PMS SCHEDULE,External,2025-03-18,2025-03-19
655,TV-JP-511,DBF 1382,MITSUBISHI L300,MEDIUM,VAN,2022,DIESEL,MITSUBISHI,DUS,25-0107,MIESCOR DUS,PER WORKORDER & PMS SCHEDULE,External,2025-03-18,2025-03-19
656,TV-JP-512,DBF 1383,MITSUBISHI L300,MEDIUM,VAN,2022,DIESEL,MITSUBISHI,DUS,25-0107,MIESCOR DUS,PER WORKORDER & PMS SCHEDULE,External,2025-03-18,2025-03-19
657,TV-JP-513,DBF 1384,MITSUBISHI L300,MEDIUM,VAN,2022,DIESEL,MITSUBISHI,DUS,25-0107,MIESCOR DUS,PER WORKORDER & PMS SCHEDULE,External,2025-03-18,2025-03-19
658,TV-JP-514,DBF 1385,MITSUBISHI L300,MEDIUM,VAN,2022,DIESEL,MITSUBISHI,DUS,25-0107,MIESCOR DUS,PER WORKORDER & PMS SCHEDULE,External,2025-03-18,2025-03-19
659,TV-JP-515,DBF 1386,MITSUBISHI L300,MEDIUM,VAN,2022,DIESEL,MITSUBISHI,DUS,25-0107,MIESCOR DUS,PER WORKORDER & PMS SCHEDULE,External,2025-03-18,2025-03-19
660,TV-JP-516,DBF 1387,MITSUBISHI L300,MEDIUM,VAN,2022,DIESEL,MITSUBISHI,DUS,25-0107,MIESCOR DUS,PER WORKORDER & PMS SCHEDULE,External,2025-03-18,2025-03-19
661,TV-JP-517,DBF 1388,MITSUBISHI L300,MEDIUM,VAN,2022,DIESEL,MITSUBISHI,DUS,25-0107,MIESCOR DUS,PER WORKORDER & PMS SCHEDULE,External,2025-03-18,2025-03-19
662,TV-JP-518,DBF 1389,MITSUBISHI L300,MEDIUM,VAN,2022,DIESEL,MITSUBISHI,DUS,25-0107,MIESCOR DUS,PER WORKORDER & PMS SCHEDULE,External,2025-03-18,2025-03-19
663,TV-JP-519,DBF 1390,MITSUBISHI L300,MEDIUM,VAN,2022,DIESEL,MITSUBISHI,DUS,25-0107,MIESCOR DUS,PER WORKORDER & PMS SCHEDULE,External,2025-03-18,2025-03-19
664,TV-JP-520,DBF 1391,MITSUBISHI L300,MEDIUM,VAN,2022,DIESEL,MITSUBISHI,DUS,25-0107,MIESCOR DUS,PER WORKORDER & PMS SCHEDULE,External,2025-03-18,2025-03-19
665,TV-JP-601,NFI 5152,TOYOTA HILUX,MEDIUM,PICK UP,2022,DIESEL,TOYOTA,DUS,25-0107,MIESCOR DUS,PER WORKORDER & PMS SCHEDULE,External,2025-03-18,2025-03-19
666,TV-JP-602,NFI 5095,TOYOTA HILUX,MEDIUM,PICK UP,2022,DIESEL,TOYOTA,DUS,25-0107,MIESCOR DUS,PER WORKORDER & PMS SCHEDULE,External,2025-03-18,2025-03-19
667,TV-JP-595,DAQ 5992,MITSUBISHI MIRAGE G4,LIGHT,SEDAN,0,GAS,MITSUBISHI,UAM,25-0107,MIESCOR UAM,PER WORKORDER & PMS SCHEDULE,External,2025-03-18,2025-03-19
668,TV-JP-594,DAQ 5938,MITSUBISHI MIRAGE G4,LIGHT,SEDAN,,GAS,MITSUBISHI,UAM,25-0107,MIESCOR UAM,PER WORKORDER & PMS SCHEDULE,External,2025-03-18,2025-03-19
669,TV-JP-593,DAQ 5945,MITSUBISHI MIRAGE G4,LIGHT,SEDAN,,GAS,MITSUBISHI,UAM,25-0107,MIESCOR UAM,PER WORKORDER & PMS SCHEDULE,External,2025-03-18,2025-03-19
670,TV-JP-599,DAR 1271,MITSUBISHI L300,MEDIUM,VAN,2022,DIESEL,MITSUBISHI,UAM,25-0107,MIESCOR UAM,PER WORKORDER & PMS SCHEDULE,External,2025-03-18,2025-03-19
671,TV-JP-600,DAR 1272,MITSUBISHI L300,MEDIUM,VAN,2022,DIESEL,MITSUBISHI,UAM,25-0107,MIESCOR UAM,PER WORKORDER & PMS SCHEDULE,External,2025-03-18,2025-03-19
672,TV-JP-596,DAR 1274,MITSUBISHI L300,MEDIUM,VAN,2022,DIESEL,MITSUBISHI,UAM,25-0107,MIESCOR UAM,PER WORKORDER & PMS SCHEDULE,External,2025-03-18,2025-03-19
673,TV-JP-597,DAR 1275,MITSUBISHI L300,MEDIUM,VAN,2022,DIESEL,MITSUBISHI,UAM,25-0107,MIESCOR UAM,PER WORKORDER & PMS SCHEDULE,External,2025-03-18,2025-03-19
674,TV-JP-598,DAR 1276,MITSUBISHI L300,MEDIUM,VAN,2022,DIESEL,MITSUBISHI,UAM,25-0107,MIESCOR UAM,PER WORKORDER & PMS SCHEDULE,External,2025-03-18,2025-03-19
675,TV-JP-489,NER 2134,SUZUKI CARRY,MEDIUM,AUV,,GAS,SUZUKI,TELECOMS,25-0107,MIESCOR TELECOMS,PER WORKORDER & PMS SCHEDULE,External,2025-03-18,2025-03-19
676,TV-JP-488,NER 2133,SUZUKI CARRY,MEDIUM,AUV,,GAS,SUZUKI,TELECOMS,25-0107,MIESCOR TELECOMS,PER WORKORDER & PMS SCHEDULE,External,2025-03-18,2025-03-19
677,TV-JP-493,NEX 2352,HINO UV 300,MEDIUM,PICK UP,0,DIESEL,HINO,TELECOMS,25-0107,MIESCOR TELECOMS,PER WORKORDER & PMS SCHEDULE,External,2025-03-18,2025-03-19
678,TV-CR-103,NGU 1037,SUZUKI APV,MEDIUM,AUV,,GAS,SUZUKI,TELECOMS,25-0107,MIESCOR TELECOMS,PER WORKORDER & PMS SCHEDULE,External,2025-03-18,2025-03-19
679,TV-CR-106,NGU 1039,SUZUKI APV,MEDIUM,AUV,,GAS,SUZUKI,TELECOMS,25-0107,MIESCOR TELECOMS,PER WORKORDER & PMS SCHEDULE,External,2025-03-18,2025-03-19
680,TV-CR-109,NGU 4889,SUZUKI APV,MEDIUM,AUV,,GAS,SUZUKI,TELECOMS,25-0107,MIESCOR TELECOMS,PER WORKORDER & PMS SCHEDULE,External,2025-03-18,2025-03-19
681,TV-CR-122,NGU 4878,SUZUKI CARRY,MEDIUM,AUV,2021,GAS,SUZUKI,TELECOMS,25-0107,MIESCOR TELECOMS,PER WORKORDER & PMS SCHEDULE,External,2025-03-18,2025-03-19
682,TV-CR-116,NGU 5452,SUZUKI APV,MEDIUM,AUV,2021,GAS,SUZUKI,TELECOMS,25-0107,MIESCOR TELECOMS,PER WORKORDER & PMS SCHEDULE,External,2025-03-18,2025-03-19
683,TV-CR-119,NGU 4881,SUZUKI CARRY,MEDIUM,AUV,2021,GAS,SUZUKI,TELECOMS,25-0107,MIESCOR TELECOMS,PER WORKORDER & PMS SCHEDULE,External,2025-03-18,2025-03-19
684,TV-CR-120,NGU 4880,SUZUKI CARRY,MEDIUM,AUV,2021,GAS,SUZUKI,TELECOMS,25-0107,MIESCOR TELECOMS,PER WORKORDER & PMS SCHEDULE,External,2025-03-18,2025-03-19
685,TV-CR-123,NGU 5453,SUZUKI CARRY,MEDIUM,AUV,2021,GAS,SUZUKI,TELECOMS,25-0107,MIESCOR TELECOMS,PER WORKORDER & PMS SCHEDULE,External,2025-03-18,2025-03-19
686,TV-PU-230,AOA 2803,TOYOTA HILUX,MEDIUM,PICK UP,2014,DIESEL,TOYOTA,Miescor Logistics & Telecoms,25-0107,HOME OFFICE/Miescor Logistics,PER WORKORDER & PMS SCHEDULE,External,2025-03-18,2025-03-19
687,TV-PU-232,ABF 2044,TOYOTA HILUX,MEDIUM,PICK UP,2016,DIESEL,TOYOTA,Miescor Logistics & Telecoms,25-0107,HOME OFFICE/Miescor Logistics,PER WORKORDER & PMS SCHEDULE,External,2025-03-18,2025-03-19
688,TV-JP-454,NEW 8893,SUZUKI CARRY,MEDIUM,AUV,0,GAS,SUZUKI,TELECOMS,25-0107,MIESCOR TELECOMS,PER WORKORDER & PMS SCHEDULE,External,2025-03-18,2025-03-19
689,TV-JP-457,NET 4367,SUZUKI CARRY,MEDIUM,AUV,,GAS,SUZUKI,TELECOMS,25-0107,MIESCOR TELECOMS,PER WORKORDER & PMS SCHEDULE,External,2025-03-18,2025-03-19
690,TV-JP-478,NER 2138,SUZUKI CARRY,MEDIUM,AUV,,GAS,SUZUKI,TELECOMS,25-0107,MIESCOR TELECOMS,PER WORKORDER & PMS SCHEDULE,External,2025-03-18,2025-03-19
691,TV-JP-477,NEM 5631,SUZUKI CARRY,MEDIUM,AUV,,GAS,SUZUKI,TELECOMS,25-0107,MIESCOR TELECOMS,PER WORKORDER & PMS SCHEDULE,External,2025-03-18,2025-03-19
692,TV-JP-482,NEM 5634,SUZUKI CARRY,MEDIUM,AUV,,GAS,SUZUKI,TELECOMS,25-0107,MIESCOR TELECOMS,PER WORKORDER & PMS SCHEDULE,External,2025-03-18,2025-03-19
693,TV-JP-484,NEM 5638,SUZUKI CARRY,MEDIUM,AUV,,GAS,SUZUKI,TELECOMS,25-0107,MIESCOR TELECOMS,PER WORKORDER & PMS SCHEDULE,External,2025-03-18,2025-03-19
694,TV-JP-576,NFD 6219,SUZUKI CARRY,MEDIUM,AUV,,GAS,SUZUKI,TELECOMS,25-0107,MIESCOR TELECOMS,PER WORKORDER & PMS SCHEDULE,External,2025-03-18,2025-03-19
695,TV-JP-574,NFD 6217,SUZUKI CARRY,MEDIUM,AUV,,GAS,SUZUKI,TELECOMS,25-0107,MIESCOR TELECOMS,PER WORKORDER & PMS SCHEDULE,External,2025-03-18,2025-03-19
696,TV-JP-563,NFD 6240,SUZUKI CARRY,MEDIUM,AUV,,GAS,SUZUKI,TELECOMS,25-0107,MIESCOR TELECOMS,PER WORKORDER & PMS SCHEDULE,External,2025-03-18,2025-03-19
697,TV-JP-555,NFD 6232,SUZUKI CARRY,MEDIUM,AUV,,GAS,SUZUKI,TELECOMS,25-0107,MIESCOR TELECOMS,PER WORKORDER & PMS SCHEDULE,External,2025-03-18,2025-03-19
698,TV-JP-569,NFD 6212,SUZUKI CARRY,MEDIUM,AUV,,GAS,SUZUKI,TELECOMS,25-0107,MIESCOR TELECOMS,PER WORKORDER & PMS SCHEDULE,External,2025-03-18,2025-03-19
699,TV-JP-575,NFD 6218,SUZUKI CARRY,MEDIUM,AUV,,GAS,SUZUKI,TELECOMS,25-0107,MIESCOR TELECOMS,PER WORKORDER & PMS SCHEDULE,External,2025-03-18,2025-03-19
700,TV-JP-554,NFD 6231,SUZUKI CARRY,MEDIUM,AUV,,GAS,SUZUKI,TELECOMS,25-0107,MIESCOR TELECOMS,PER WORKORDER & PMS SCHEDULE,External,2025-03-18,2025-03-19
701,TV-JP-572,NFD 6215,SUZUKI CARRY,MEDIUM,AUV,,GAS,SUZUKI,TELECOMS,25-0107,MIESCOR TELECOMS,PER WORKORDER & PMS SCHEDULE,External,2025-03-18,2025-03-19
702,TV-JP-579,NFD 6222,SUZUKI CARRY,MEDIUM,AUV,,GAS,SUZUKI,TELECOMS,25-0107,MIESCOR TELECOMS,PER WORKORDER & PMS SCHEDULE,External,2025-03-18,2025-03-19
703,TV-JP-437,NDZ 9629,HINO UV 300,MEDIUM,PICK UP,0,DIESEL,HINO,TELECOMS,25-0107,MIESCOR TELECOMS,PER WORKORDER & PMS SCHEDULE,External,2025-03-18,2025-03-19
704,TV-JP-439,NDZ 9628,HINO UV 300,MEDIUM,PICK UP,0,DIESEL,HINO,TELECOMS,25-0107,MIESCOR TELECOMS,PER WORKORDER & PMS SCHEDULE,External,2025-03-18,2025-03-19
705,TV-JP-440,NDZ 9622,HINO UV 300,MEDIUM,PICK UP,0,DIESEL,HINO,TELECOMS,25-0107,MIESCOR TELECOMS,PER WORKORDER & PMS SCHEDULE,External,2025-03-18,2025-03-19
706,TV-JP-491,NEX 2351,HINO UV 300,MEDIUM,PICK UP,2021,DIESEL,HINO,TELECOMS,25-0107,MIESCOR TELECOMS,PER WORKORDER & PMS SCHEDULE,External,2025-03-18,2025-03-19
707,TV-JP-406,NDO 1214,HINO UV 300,MEDIUM,PICK UP,0,DIESEL,HINO,TELECOMS,25-0107,MIESCOR TELECOMS,PER WORKORDER & PMS SCHEDULE,External,2025-03-18,2025-03-19
708,TV-JP-407,NDO 1215,HINO UV 300,MEDIUM,PICK UP,0,DIESEL,HINO,TELECOMS,25-0107,MIESCOR TELECOMS,PER WORKORDER & PMS SCHEDULE,External,2025-03-18,2025-03-19
709,TV-JP-408,NDO 1220,HINO UV 300,MEDIUM,PICK UP,0,DIESEL,HINO,TELECOMS,25-0107,MIESCOR TELECOMS,PER WORKORDER & PMS SCHEDULE,External,2025-03-18,2025-03-19
710,TV-JP-412,NDO 1219,HINO UV 300,MEDIUM,PICK UP,0,DIESEL,HINO,TELECOMS,25-0107,MIESCOR TELECOMS,PER WORKORDER & PMS SCHEDULE,External,2025-03-18,2025-03-19
711,TV-JP-413,NDO 1218,HINO UV 300,MEDIUM,PICK UP,0,DIESEL,HINO,TELECOMS,25-0107,MIESCOR TELECOMS,PER WORKORDER & PMS SCHEDULE,External,2025-03-18,2025-03-19
712,TV-JP-547,NGX 9208,HINO UV 300,MEDIUM,PICK UP,2022,DIESEL,HINO,TELECOMS,25-0107,MIESCOR TELECOMS,PER WORKORDER & PMS SCHEDULE,External,2025-03-18,2025-03-19
713,TV-JP-542,NGX 9203,HINO UV 300,MEDIUM,PICK UP,2022,DIESEL,HINO,TELECOMS,25-0107,MIESCOR TELECOMS,PER WORKORDER & PMS SCHEDULE,External,2025-03-18,2025-03-19
714,TV-JP-540,NGX 9201,HINO UV 300,MEDIUM,PICK UP,2022,DIESEL,HINO,TELECOMS,25-0107,MIESCOR TELECOMS,PER WORKORDER & PMS SCHEDULE,External,2025-03-18,2025-03-19
715,TV-JP-545,NGX 9206,HINO UV 300,MEDIUM,PICK UP,2022,DIESEL,HINO,TELECOMS,25-0107,MIESCOR TELECOMS,PER WORKORDER & PMS SCHEDULE,External,2025-03-18,2025-03-19
716,TV-JP-548,NGX 9209,HINO UV 300,MEDIUM,PICK UP,2022,DIESEL,HINO,TELECOMS,25-0107,MIESCOR TELECOMS,PER WORKORDER & PMS SCHEDULE,External,2025-03-18,2025-03-19
717,TV-JP-539,NGX 9200,HINO UV 300,MEDIUM,PICK UP,2022,DIESEL,HINO,TELECOMS,25-0107,MIESCOR TELECOMS,PER WORKORDER & PMS SCHEDULE,External,2025-03-18,2025-03-19
718,TV-JP-541,NGX 9202,HINO UV 300,MEDIUM,PICK UP,2022,DIESEL,HINO,TELECOMS,25-0107,MIESCOR TELECOMS,PER WORKORDER & PMS SCHEDULE,External,2025-03-18,2025-03-19
719,TV-JP-543,NGX 9204,HINO UV 300,MEDIUM,PICK UP,2022,DIESEL,HINO,TELECOMS,25-0107,MIESCOR TELECOMS,PER WORKORDER & PMS SCHEDULE,External,2025-03-18,2025-03-19
720,TV-JP-544,NGX 9205,HINO UV 300,MEDIUM,PICK UP,2022,DIESEL,HINO,TELECOMS,25-0107,MIESCOR TELECOMS,PER WORKORDER & PMS SCHEDULE,External,2025-03-18,2025-03-19
721,N/A,DBG 3881,MITSUBISHI CANTER,MEDIUM,PICK UP,,DIESEL,MITSUBISHI,TELECOMS,25-0107,MIESCOR TELECOMS,PER WORKORDER & PMS SCHEDULE,External,2025-03-18,2025-03-19
722,N/A,DBG 3902,MITSUBISHI CANTER,MEDIUM,PICK UP,,DIESEL,MITSUBISHI,TELECOMS,25-0107,MIESCOR TELECOMS,PER WORKORDER & PMS SCHEDULE,External,2025-03-18,2025-03-19
723,N/A,DBG 3882,MITSUBISHI CANTER,MEDIUM,PICK UP,,DIESEL,MITSUBISHI,TELECOMS,25-0107,MIESCOR TELECOMS,PER WORKORDER & PMS SCHEDULE,External,2025-03-18,2025-03-19
724,TV-JP-534,NGX 7579,MITSUBISHI L300,MEDIUM,VAN,,DIESEL,MITSUBISHI,TELECOMS,25-0107,MIESCOR TELECOMS,PER WORKORDER & PMS SCHEDULE,External,2025-03-18,2025-03-19
725,TV-JP-585,DAQ 8822,MITSUBISHI L300,MEDIUM,VAN,2022,DIESEL,MITSUBISHI,TELECOMS,25-0107,MIESCOR TELECOMS,PER WORKORDER & PMS SCHEDULE,External,2025-03-18,2025-03-19
726,TV-JP-586,DAQ 8825,MITSUBISHI L300,MEDIUM,VAN,2022,DIESEL,MITSUBISHI,TELECOMS,25-0107,MIESCOR TELECOMS,PER WORKORDER & PMS SCHEDULE,External,2025-03-18,2025-03-19
727,TV-JP-587,DAQ 8827,MITSUBISHI L300,MEDIUM,VAN,2022,DIESEL,MITSUBISHI,TELECOMS,25-0107,MIESCOR TELECOMS,PER WORKORDER & PMS SCHEDULE,External,2025-03-18,2025-03-19
728,TV-JP-588,DAQ 8826,MITSUBISHI L300,MEDIUM,VAN,2022,DIESEL,MITSUBISHI,TELECOMS,25-0107,MIESCOR TELECOMS,PER WORKORDER & PMS SCHEDULE,External,2025-03-18,2025-03-19
729,TV-JP-589,DAQ 8823,MITSUBISHI L300,MEDIUM,VAN,2022,DIESEL,MITSUBISHI,TELECOMS,25-0107,MIESCOR TELECOMS,PER WORKORDER & PMS SCHEDULE,External,2025-03-18,2025-03-19
730,TV-JP-590,DAQ 8824,MITSUBISHI L300,MEDIUM,VAN,2022,DIESEL,MITSUBISHI,TELECOMS,25-0107,MIESCOR TELECOMS,PER WORKORDER & PMS SCHEDULE,External,2025-03-18,2025-03-19
731,TV-JP-573,NFD 6216,SUZUKI CARRY,MEDIUM,AUV,,GAS,SUZUKI,TELECOMS,25-0107,MIESCOR TELECOMS,PER WORKORDER & PMS SCHEDULE,External,2025-03-18,2025-03-19
732,TV-JP-562,NFD 6239,SUZUKI CARRY,MEDIUM,AUV,,GAS,SUZUKI,TELECOMS,25-0107,MIESCOR TELECOMS,PER WORKORDER & PMS SCHEDULE,External,2025-03-18,2025-03-19
733,TV-JP-553,NFD 6230,SUZUKI CARRY,MEDIUM,AUV,,GAS,SUZUKI,TELECOMS,25-0107,MIESCOR TELECOMS,PER WORKORDER & PMS SCHEDULE,External,2025-03-18,2025-03-19
734,TV-JP-559,NFD 6236,SUZUKI CARRY,MEDIUM,AUV,,GAS,SUZUKI,TELECOMS,25-0107,MIESCOR TELECOMS,PER WORKORDER & PMS SCHEDULE,External,2025-03-18,2025-03-19
735,TV-JP-564,NFD 6241,SUZUKI CARRY,MEDIUM,AUV,,GAS,SUZUKI,TELECOMS,25-0107,MIESCOR TELECOMS,PER WORKORDER & PMS SCHEDULE,External,2025-03-18,2025-03-19
736,TV-JP-557,NFD 6234,SUZUKI CARRY,MEDIUM,AUV,,GAS,SUZUKI,TELECOMS,25-0107,MIESCOR TELECOMS,PER WORKORDER & PMS SCHEDULE,External,2025-03-18,2025-03-19
737,TV-JP-565,NFD 6242,SUZUKI CARRY,MEDIUM,AUV,,GAS,SUZUKI,TELECOMS,25-0107,MIESCOR TELECOMS,PER WORKORDER & PMS SCHEDULE,External,2025-03-18,2025-03-19
738,TV-JP-566,NFD 6243,SUZUKI CARRY,MEDIUM,AUV,,GAS,SUZUKI,TELECOMS,25-0107,MIESCOR TELECOMS,PER WORKORDER & PMS SCHEDULE,External,2025-03-18,2025-03-19
739,TV-JP-551,NFD 6228,SUZUKI CARRY,MEDIUM,AUV,,GAS,SUZUKI,TELECOMS,25-0107,MIESCOR TELECOMS,PER WORKORDER & PMS SCHEDULE,External,2025-03-18,2025-03-19
740,TV-JP-578,NFD 6221,SUZUKI CARRY,MEDIUM,AUV,,GAS,SUZUKI,TELECOMS,25-0107,MIESCOR TELECOMS,PER WORKORDER & PMS SCHEDULE,External,2025-03-18,2025-03-19
741,TV-JP-570,NFD 6213,SUZUKI CARRY,MEDIUM,AUV,,GAS,SUZUKI,TELECOMS,25-0107,MIESCOR TELECOMS,PER WORKORDER & PMS SCHEDULE,External,2025-03-18,2025-03-19
742,TV-JP-571,NFD 6214,SUZUKI CARRY,MEDIUM,AUV,,GAS,SUZUKI,TELECOMS,25-0107,MIESCOR TELECOMS,PER WORKORDER & PMS SCHEDULE,External,2025-03-18,2025-03-19
743,TV-JP-567,NFD 6244,SUZUKI CARRY,MEDIUM,AUV,,GAS,SUZUKI,TELECOMS,25-0107,MIESCOR TELECOMS,PER WORKORDER & PMS SCHEDULE,External,2025-03-18,2025-03-19
744,TV-JP-580,NFD 6223,SUZUKI CARRY,MEDIUM,AUV,,GAS,SUZUKI,TELECOMS,25-0107,MIESCOR TELECOMS,PER WORKORDER & PMS SCHEDULE,External,2025-03-18,2025-03-19
745,TV-JP-558,NFD 6235,SUZUKI CARRY,MEDIUM,AUV,,GAS,SUZUKI,TELECOMS,25-0107,MIESCOR TELECOMS,PER WORKORDER & PMS SCHEDULE,External,2025-03-18,2025-03-19
746,TV-JP-552,NFD 6229,SUZUKI CARRY,MEDIUM,AUV,,GAS,SUZUKI,TELECOMS,25-0107,MIESCOR TELECOMS,PER WORKORDER & PMS SCHEDULE,External,2025-03-18,2025-03-19
747,TV-JP-577,NFD 6220,SUZUKI CARRY,MEDIUM,AUV,,GAS,SUZUKI,TELECOMS,25-0107,MIESCOR TELECOMS,PER WORKORDER & PMS SCHEDULE,External,2025-03-18,2025-03-19
748,TV-JP-550,NFD 6227,SUZUKI CARRY,MEDIUM,AUV,,GAS,SUZUKI,TELECOMS,25-0107,MIESCOR TELECOMS,PER WORKORDER & PMS SCHEDULE,External,2025-03-18,2025-03-19
749,TV-JP-605,NHB 5240,SUZUKI CARRY,MEDIUM,AUV,,GAS,SUZUKI,TELECOMS,25-0107,MIESCOR TELECOMS,PER WORKORDER & PMS SCHEDULE,External,2025-03-18,2025-03-19
750,TV-JP-625,NHB 5264,SUZUKI CARRY,MEDIUM,AUV,,GAS,SUZUKI,TELECOMS,25-0107,MIESCOR TELECOMS,PER WORKORDER & PMS SCHEDULE,External,2025-03-18,2025-03-19
751,TV-JP-611,NHB 5246,SUZUKI CARRY,MEDIUM,AUV,,GAS,SUZUKI,TELECOMS,25-0107,MIESCOR TELECOMS,PER WORKORDER & PMS SCHEDULE,External,2025-03-18,2025-03-19
752,TV-JP-606,NHB 5241,SUZUKI CARRY,MEDIUM,AUV,,GAS,SUZUKI,TELECOMS,25-0107,MIESCOR TELECOMS,PER WORKORDER & PMS SCHEDULE,External,2025-03-18,2025-03-19
753,TV-JP-607,NHB 5242,SUZUKI CARRY,MEDIUM,AUV,,GAS,SUZUKI,TELECOMS,25-0107,MIESCOR TELECOMS,PER WORKORDER & PMS SCHEDULE,External,2025-03-18,2025-03-19
754,TV-JP-624,NHB 5263,SUZUKI CARRY,MEDIUM,AUV,,GAS,SUZUKI,TELECOMS,25-0107,MIESCOR TELECOMS,PER WORKORDER & PMS SCHEDULE,External,2025-03-18,2025-03-19
755,TV-JP-626,NHB 5265,SUZUKI CARRY,MEDIUM,AUV,,GAS,SUZUKI,TELECOMS,25-0107,MIESCOR TELECOMS,PER WORKORDER & PMS SCHEDULE,External,2025-03-18,2025-03-19
756,TV-JP-627,NHB 5266,SUZUKI CARRY,MEDIUM,AUV,,GAS,SUZUKI,TELECOMS,25-0107,MIESCOR TELECOMS,PER WORKORDER & PMS SCHEDULE,External,2025-03-18,2025-03-19
757,TV-JP-628,NHB 5267,SUZUKI CARRY,MEDIUM,AUV,,GAS,SUZUKI,TELECOMS,25-0107,MIESCOR TELECOMS,PER WORKORDER & PMS SCHEDULE,External,2025-03-18,2025-03-19
758,TV-JP-629,NHB 5268,SUZUKI CARRY,MEDIUM,AUV,,GAS,SUZUKI,TELECOMS,25-0107,MIESCOR TELECOMS,PER WORKORDER & PMS SCHEDULE,External,2025-03-18,2025-03-19
759,TV-JP-630,NHB 5269,SUZUKI CARRY,MEDIUM,AUV,,GAS,SUZUKI,TELECOMS,25-0107,MIESCOR TELECOMS,PER WORKORDER & PMS SCHEDULE,External,2025-03-18,2025-03-19
760,TV-JP-631,NHB 5270,SUZUKI CARRY,MEDIUM,AUV,,GAS,SUZUKI,TELECOMS,25-0107,MIESCOR TELECOMS,PER WORKORDER & PMS SCHEDULE,External,2025-03-18,2025-03-19
761,TV-JP-623,NHB 5262,SUZUKI CARRY,MEDIUM,AUV,,GAS,SUZUKI,TELECOMS,25-0107,MIESCOR TELECOMS,PER WORKORDER & PMS SCHEDULE,External,2025-03-18,2025-03-19
762,TV-JP-622,NHB 5261,SUZUKI CARRY,MEDIUM,AUV,,GAS,SUZUKI,TELECOMS,25-0107,MIESCOR TELECOMS,PER WORKORDER & PMS SCHEDULE,External,2025-03-18,2025-03-19
763,TV-JP-612,NHB 5249,SUZUKI CARRY,MEDIUM,AUV,,GAS,SUZUKI,TELECOMS,25-0107,MIESCOR TELECOMS,PER WORKORDER & PMS SCHEDULE,External,2025-03-18,2025-03-19
764,TV-JP-619,NHB 5258,SUZUKI CARRY,MEDIUM,AUV,,GAS,SUZUKI,TELECOMS,25-0107,MIESCOR TELECOMS,PER WORKORDER & PMS SCHEDULE,External,2025-03-18,2025-03-19
765,TV-JP-620,NHB 5259,SUZUKI CARRY,MEDIUM,AUV,,GAS,SUZUKI,TELECOMS,25-0107,MIESCOR TELECOMS,PER WORKORDER & PMS SCHEDULE,External,2025-03-18,2025-03-19
766,TV-JP-621,NHB 5260,SUZUKI CARRY,MEDIUM,AUV,,GAS,SUZUKI,TELECOMS,25-0107,MIESCOR TELECOMS,PER WORKORDER & PMS SCHEDULE,External,2025-03-18,2025-03-19
767,TV-JP-614,NHB 5251,SUZUKI CARRY,MEDIUM,AUV,,GAS,SUZUKI,TELECOMS,25-0107,MIESCOR TELECOMS,PER WORKORDER & PMS SCHEDULE,External,2025-03-18,2025-03-19
768,TV-JP-616,NHB 5254,SUZUKI CARRY,MEDIUM,AUV,,GAS,SUZUKI,TELECOMS,25-0107,MIESCOR TELECOMS,PER WORKORDER & PMS SCHEDULE,External,2025-03-18,2025-03-19
769,TV-JP-613,NHB 5250,SUZUKI CARRY,MEDIUM,AUV,,GAS,SUZUKI,TELECOMS,25-0107,MIESCOR TELECOMS,PER WORKORDER & PMS SCHEDULE,External,2025-03-18,2025-03-19
770,TV-JP-615,NHB 5253,SUZUKI CARRY,MEDIUM,AUV,,GAS,SUZUKI,TELECOMS,25-0107,MIESCOR TELECOMS,PER WORKORDER & PMS SCHEDULE,External,2025-03-18,2025-03-19
771,TV-JP-618,NHB 5257,SUZUKI CARRY,MEDIUM,AUV,,GAS,SUZUKI,TELECOMS,25-0107,MIESCOR TELECOMS,PER WORKORDER & PMS SCHEDULE,External,2025-03-18,2025-03-19
772,TV-JP-617,NHB 5256,SUZUKI CARRY,MEDIUM,AUV,,GAS,SUZUKI,TELECOMS,25-0107,MIESCOR TELECOMS,PER WORKORDER & PMS SCHEDULE,External,2025-03-18,2025-03-19
773,TV-JP-609,NHB 5244,SUZUKI CARRY,MEDIUM,AUV,,GAS,SUZUKI,TELECOMS,25-0107,MIESCOR TELECOMS,PER WORKORDER & PMS SCHEDULE,External,2025-03-18,2025-03-19
774,TV-JP-608,NHB 5243,SUZUKI CARRY,MEDIUM,AUV,,GAS,SUZUKI,TELECOMS,25-0107,MIESCOR TELECOMS,PER WORKORDER & PMS SCHEDULE,External,2025-03-18,2025-03-19
775,TV-JP-610,NHB 5245,SUZUKI CARRY,MEDIUM,AUV,,GAS,SUZUKI,TELECOMS,25-0107,MIESCOR TELECOMS,PER WORKORDER & PMS SCHEDULE,External,2025-03-18,2025-03-19
776,TV-CR-052,WVI 154,TOYOTA HI-ACE GRANDIA,MEDIUM,VAN,,DIESEL,TOYOTA,HO,25-0107,HOME OFFICE,PER WORKORDER & PMS SCHEDULE,External,2025-03-18,2025-03-19
777,TV-CR-063,KBB 9303,MITSUBISHI ADVENTURE,MEDIUM,SUV,,DIESEL,MITSUBISHI,Miescor Logistics,25-0107,HOME OFFICE/Miescor Logistics,PER WORKORDER & PMS SCHEDULE,External,2025-03-18,2025-03-19
778,TV-PU-229,AAX 9169,TOYOTA HILUX,MEDIUM,PICK UP,2014,DIESEL,TOYOTA,Miescor Logistics,25-0107,HOME OFFICE/Miescor Logistics,PER WORKORDER & PMS SCHEDULE,External,2025-03-18,2025-03-19
779,TV-CR-064,AAX 9182,TOYOTA HI-ACE GRANDIA,MEDIUM,VAN,,DIESEL,TOYOTA,HO,25-0107,HOME OFFICE,PER WORKORDER & PMS SCHEDULE,External,2025-03-18,2025-03-19
780,TV-CR-127,NEW 8203,NISSAN URVAN,MEDIUM,VAN,,DIESEL,NISSAN,HO,25-0107,HOME OFFICE,PER WORKORDER & PMS SCHEDULE,External,2025-03-18,2025-03-19
781,TV-CR-128,NEV 2925,NISSAN URVAN,MEDIUM,VAN,,DIESEL,NISSAN,HO,25-0107,HOME OFFICE,PER WORKORDER & PMS SCHEDULE,External,2025-03-18,2025-03-19
782,TV-JP-592,NFH 9937,TOYOTA INNOVA,MEDIUM,AUV,,DIESEL,TOYOTA,HO,25-0107,HOME OFFICE,PER WORKORDER & PMS SCHEDULE,External,2025-03-18,2025-03-19
783,TV-JP-591,NIB 3893,NISSAN TERRA,MEDIUM,PICK UP,,DIESEL,NISSAN,HO,25-0107,HOME OFFICE,PER WORKORDER & PMS SCHEDULE,External,2025-03-18,2025-03-19
784,TV-PU-188,UTX 522,MITSUBISHI L300,MEDIUM,VAN,1977,DIESEL,MITSUBISHI,Miescor Logistics,25-0107,HOME OFFICE/Miescor Logistics,PER WORKORDER & PMS SCHEDULE,External,2025-03-18,2025-03-19
785,TV-PU-198,ZHJ 419,MITSUBISHI STRADA,MEDIUM,PICK UP,2007,DIESEL,MITSUBISHI,Miescor Logistics,25-0107,HOME OFFICE/Miescor Logistics,PER WORKORDER & PMS SCHEDULE,External,2025-03-18,2025-03-19
786,TV-PU-212,VDJ 407,MITSUBISHI STRADA,MEDIUM,PICK UP,2007,DIESEL,MITSUBISHI,Miescor Logistics,25-0107,HOME OFFICE/Miescor Logistics,PER WORKORDER & PMS SCHEDULE,External,2025-03-18,2025-03-19
787,TV-PU-233,ZRE 356,TOYOTA HILUX,MEDIUM,PICK UP,2008,DIESEL,TOYOTA,Miescor Logistics,25-0107,HOME OFFICE/Miescor Logistics,PER WORKORDER & PMS SCHEDULE,External,2025-03-18,2025-03-19
788,TV-PU-234,NCW 3575,TOYOTA HILUX,MEDIUM,PICK UP,2018,DIESEL,TOYOTA,Miescor Logistics,25-0107,HOME OFFICE/Miescor Logistics,PER WORKORDER & PMS SCHEDULE,External,2025-03-18,2025-03-19
789,TV-CR-046,ZBP 477,TOYOTA VIOS,LIGHT,SEDAN,,GAS,TOYOTA,Miescor Logistics,25-0107,HOME OFFICE/Miescor Logistics,PER WORKORDER & PMS SCHEDULE,External,2025-03-18,2025-03-19
790,TV-CR-047,ZBC 140,TOYOTA VIOS,LIGHT,SEDAN,,GAS,TOYOTA,Miescor Logistics,25-0107,HOME OFFICE/Miescor Logistics,PER WORKORDER & PMS SCHEDULE,External,2025-03-18,2025-03-19
791,TV-CR-049,ZAR 681,TOYOTA VIOS,LIGHT,SEDAN,,GAS,TOYOTA,Miescor Logistics,25-0107,HOME OFFICE/Miescor Logistics,PER WORKORDER & PMS SCHEDULE,External,2025-03-18,2025-03-19
792,TV-CR-051,ZAR 240,TOYOTA VIOS,LIGHT,SEDAN,,GAS,TOYOTA,Miescor Logistics,25-0107,HOME OFFICE/Miescor Logistics,PER WORKORDER & PMS SCHEDULE,External,2025-03-18,2025-03-19
793,TV-CR-062,KBY 9301,MITSUBISHI ADVENTURE,MEDIUM,SUV,,DIESEL,MITSUBISHI,Miescor Logistics,25-0107,HOME OFFICE/Miescor Logistics,PER WORKORDER & PMS SCHEDULE,External,2025-03-18,2025-03-19
794,TV-JP-495,NEH 3188,HYUNDAI H-100 2.5 CRDI G,MEDIUM,VAN,2018,DIESEL,HYUNDAI,Miescor Logistics,25-0107,HOME OFFICE/Miescor Logistics,PER WORKORDER & PMS SCHEDULE,External,2025-03-18,2025-03-19
795,TV-JP-497,NEC 3939,HYUNDAI H-100 2.6 GL 5M,MEDIUM,VAN,0,DIESEL,HYUNDAI,Miescor Logistics,25-0107,HOME OFFICE/Miescor Logistics,PER WORKORDER & PMS SCHEDULE,External,2025-03-18,2025-03-19
796,TV-JP-521,DAP 1690,MITSUBISHI STRADA,MEDIUM,PICK UP,2022,DIESEL,MITSUBISHI,Miescor Logistics,25-0107,HOME OFFICE/Miescor Logistics,PER WORKORDER & PMS SCHEDULE,External,2025-03-18,2025-03-19
797,TV-JP-522,DAP 1689,MITSUBISHI STRADA,MEDIUM,PICK UP,2022,DIESEL,MITSUBISHI,Miescor Logistics,25-0107,HOME OFFICE/Miescor Logistics,PER WORKORDER & PMS SCHEDULE,External,2025-03-18,2025-03-19
798,TV-JP-523,DAP 2689,MITSUBISHI STRADA,MEDIUM,PICK UP,2022,DIESEL,MITSUBISHI,Miescor Logistics,25-0107,HOME OFFICE/Miescor Logistics,PER WORKORDER & PMS SCHEDULE,External,2025-03-18,2025-03-19
799,TV-JP-524,DAP 2690,MITSUBISHI STRADA,MEDIUM,PICK UP,2022,DIESEL,MITSUBISHI,Miescor Logistics,25-0107,HOME OFFICE/Miescor Logistics,PER WORKORDER & PMS SCHEDULE,External,2025-03-18,2025-03-19
800,TV-JP-525,DAP 3679,MITSUBISHI L300,MEDIUM,VAN,2021,DIESEL,MITSUBISHI,Miescor Logistics,25-0107,HOME OFFICE/Miescor Logistics,PER WORKORDER & PMS SCHEDULE,External,2025-03-18,2025-03-19
801,TV-JP-526,NWI 173,TOYOTA HILUX,MEDIUM,PICK UP,2009,DIESEL,TOYOTA,Miescor Logistics,25-0107,HOME OFFICE/Miescor Logistics,PER WORKORDER & PMS SCHEDULE,External,2025-03-18,2025-03-19
802,TV-JP-528,DAP 9389,MITSUBISHI L300,MEDIUM,VAN,2022,DIESEL,MITSUBISHI,Miescor Logistics,25-0107,HOME OFFICE/Miescor Logistics,PER WORKORDER & PMS SCHEDULE,External,2025-03-18,2025-03-19
803,TV-JP-583,NFH 7554,SUZUKI CARRY,MEDIUM,AUV,2022,GAS,SUZUKI,Miescor Logistics,25-0107,HOME OFFICE/Miescor Logistics,PER WORKORDER & PMS SCHEDULE,External,2025-03-18,2025-03-19
804,TV-JP-584,NFH 7553,SUZUKI CARRY,MEDIUM,AUV,2022,GAS,SUZUKI,Miescor Logistics,25-0107,HOME OFFICE/Miescor Logistics,PER WORKORDER & PMS SCHEDULE,External,2025-03-18,2025-03-19
805,TV-JP-603,NFE 8877,TOYOTA HILUX,MEDIUM,PICK UP,,DIESEL,TOYOTA,Miescor Logistics,25-0107,HOME OFFICE/Miescor Logistics,PER WORKORDER & PMS SCHEDULE,External,2025-03-18,2025-03-19
806,TV-JP-604,NFE 8876,TOYOTA HILUX,MEDIUM,PICK UP,,DIESEL,TOYOTA,Miescor Logistics,25-0107,HOME OFFICE/Miescor Logistics,PER WORKORDER & PMS SCHEDULE,External,2025-03-18,2025-03-19
807,N/A,AAX 9181,TOYOTA HI-ACE COMMUTER,MEDIUM,VAN,2014,DIESEL,TOYOTA,BAYAD CENTER,25-0108,BAYAD CENTER,PER APPROVED PROPOSAL,External,2025-03-18,2025-03-19
808,N/A,NUQ 154,ISUZU CROSSWIND,MEDIUM,SUV,2010,DIESEL,ISUZU,BAYAD CENTER,25-0108,BAYAD CENTER,PER APPROVED PROPOSAL,External,2025-03-18,2025-03-19
809,N/A,NGN 5755,TOYOTA HI-ACE COMMUTER,MEDIUM,VAN,2021,DIESEL,TOYOTA,BAYAD CENTER,25-0108,BAYAD CENTER,PER APPROVED PROPOSAL,External,2025-03-18,2025-03-19
810,N/A,TAO 906,ISUZU CROSSWIND,MEDIUM,SUV,2011,DIESEL,ISUZU,BAYAD CENTER,25-0108,BAYAD CENTER,PER APPROVED PROPOSAL,External,2025-03-18,2025-03-19
811,N/A,NGN 5757,TOYOTA HI-ACE COMMUTER,MEDIUM,VAN,2021,DIESEL,TOYOTA,BAYAD CENTER,25-0108,BAYAD CENTER,PER APPROVED PROPOSAL,External,2025-03-18,2025-03-19
812,N/A,164 NQB,HONDA BEAT 125,LIGHT,MOTORCYCLE,2020,GAS,HONDA,BAYAD CENTER,25-0108,BAYAD CENTER,PER APPROVED PROPOSAL,External,2025-03-18,2025-03-19
813,N/A,301189,HONDA WAVE CX 100,LIGHT,MOTORCYCLE,2015,GAS,HONDA,BAYAD CENTER,25-0108,BAYAD CENTER,PER APPROVED PROPOSAL,External,2025-03-18,2025-03-19
814,N/A,165 NQB,HONDA BEAT 125,LIGHT,MOTORCYCLE,2020,GAS,HONDA,BAYAD CENTER,25-0108,BAYAD CENTER,PER APPROVED PROPOSAL,External,2025-03-18,2025-03-19
815,N/A,NC-35156,HONDA WAVE CX 100,LIGHT,MOTORCYCLE,2014,GAS,HONDA,BAYAD CENTER,25-0108,BAYAD CENTER,PER APPROVED PROPOSAL,External,2025-03-18,2025-03-19
816,N/A,NEW,HONDA CLICK 125,LIGHT,MOTORCYCLE,2023,GAS,HONDA,BAYAD CENTER,25-0108,BAYAD CENTER,PER APPROVED PROPOSAL,External,2025-03-18,2025-03-19
817,N/A,WOV 204,TOYOTA INNOVA,MEDIUM,AUV,2013,DIESEL,TOYOTA,MSERV,25-0108,MSERV,PER APPROVED PROPOSAL,External,2025-03-18,2025-03-19
818,N/A,AAX 1243,TOYOTA HI-ACE COMMUTER,MEDIUM,VAN,2015,DIESEL,TOYOTA,MSERV,25-0108,MSERV,PER APPROVED PROPOSAL,External,2025-03-18,2025-03-19
819,N/A,AAX 9180,TOYOTA HILUX,MEDIUM,PICK UP,2014,DIESEL,TOYOTA,MSERV,25-0108,MSERV,PER APPROVED PROPOSAL,External,2025-03-18,2025-03-19
820,N/A,AAR 3028,TOYOTA HILUX,MEDIUM,PICK UP,2014,DIESEL,TOYOTA,MSERV,25-0108,MSERV,PER APPROVED PROPOSAL,External,2025-03-18,2025-03-19
821,N/A,AAR 3030,TOYOTA HILUX,MEDIUM,PICK UP,2014,DIESEL,TOYOTA,MSERV,25-0108,MSERV,PER APPROVED PROPOSAL,External,2025-03-18,2025-03-19
822,N/A,AAH 7035,TOYOTA INNOVA,MEDIUM,AUV,2014,DIESEL,TOYOTA,MSERV,25-0108,MSERV,PER APPROVED PROPOSAL,External,2025-03-18,2025-03-19
823,N/A,TAI 945,TOYOTA INNOVA,MEDIUM,AUV,2011,DIESEL,TOYOTA,MSERV,25-0108,MSERV,PER APPROVED PROPOSAL,External,2025-03-18,2025-03-19
824,N/A,NDC 3512,TOYOTA HILUX,MEDIUM,PICK UP,2016,DIESEL,TOYOTA,MSERV,25-0108,MSERV,PER APPROVED PROPOSAL,External,2025-03-18,2025-03-19
825,N/A,NBU 7446,TOYOTA HILUX,MEDIUM,PICK UP,2017,DIESEL,TOYOTA,MSERV,25-0108,MSERV,PER APPROVED PROPOSAL,External,2025-03-18,2025-03-19
826,N/A,NBU 7444,TOYOTA HILUX,MEDIUM,PICK UP,2017,DIESEL,TOYOTA,MSERV,25-0108,MSERV,PER APPROVED PROPOSAL,External,2025-03-18,2025-03-19
827,N/A,NBU 7445,TOYOTA HILUX,MEDIUM,PICK UP,2017,DIESEL,TOYOTA,MSERV,25-0108,MSERV,PER APPROVED PROPOSAL,External,2025-03-18,2025-03-19
828,N/A,NBU 7442,TOYOTA AVANZA,MEDIUM,AUV,2017,GAS,TOYOTA,MSERV,25-0108,MSERV,PER APPROVED PROPOSAL,External,2025-03-18,2025-03-19
829,N/A,NBU 7441,TOYOTA AVANZA,MEDIUM,AUV,2017,GAS,TOYOTA,MSERV,25-0108,MSERV,PER APPROVED PROPOSAL,External,2025-03-18,2025-03-19
830,N/A,NCH 5682,MITSUBISHI L300,MEDIUM,VAN,2016,DIESEL,MITSUBISHI,MSERV,25-0108,MSERV,PER APPROVED PROPOSAL,External,2025-03-18,2025-03-19
831,N/A,NCH 5680,MITSUBISHI L300,MEDIUM,VAN,2016,DIESEL,MITSUBISHI,MSERV,25-0108,MSERV,PER APPROVED PROPOSAL,External,2025-03-18,2025-03-19
832,N/A,NCH 5681,MITSUBISHI L300,MEDIUM,VAN,2016,DIESEL,MITSUBISHI,MSERV,25-0108,MSERV,PER APPROVED PROPOSAL,External,2025-03-18,2025-03-19
833,N/A,NBZ 4721,MITSUBISHI L300,MEDIUM,VAN,2017,DIESEL,MITSUBISHI,MSERV,25-0108,MSERV,PER APPROVED PROPOSAL,External,2025-03-18,2025-03-19
834,N/A,AAM 7547,TOYOTA HILUX,MEDIUM,PICK UP,2014,DIESEL,TOYOTA,MSERV,25-0108,MSERV,PER APPROVED PROPOSAL,External,2025-03-18,2025-03-19
835,N/A,ABR 6067,TOYOTA INNOVA,MEDIUM,AUV,2016,DIESEL,TOYOTA,MSERV,25-0108,MSERV,PER APPROVED PROPOSAL,External,2025-03-18,2025-03-19
836,N/A,AIA 7936,TOYOTA INNOVA,MEDIUM,AUV,2015,DIESEL,TOYOTA,MSERV,25-0108,MSERV,PER APPROVED PROPOSAL,External,2025-03-18,2025-03-19
837,N/A,AKA 4279,TOYOTA AVANZA,MEDIUM,AUV,2015,GAS,TOYOTA,MSERV,25-0108,MSERV,PER APPROVED PROPOSAL,External,2025-03-18,2025-03-19
838,N/A,NDT 8602,TOYOTA AVANZA,MEDIUM,AUV,2016,GAS,TOYOTA,MSERV,25-0108,MSERV,PER APPROVED PROPOSAL,External,2025-03-18,2025-03-19
839,N/A,ABR 6059,MITSUBISHI L300,MEDIUM,VAN,2015,DIESEL,MITSUBISHI,MSERV,25-0108,MSERV,PER APPROVED PROPOSAL,External,2025-03-18,2025-03-19
840,N/A,ABE 7690,TOYOTA AVANZA,MEDIUM,AUV,2016,GAS,TOYOTA,MSERV,25-0108,MSERV,PER APPROVED PROPOSAL,External,2025-03-18,2025-03-19
841,N/A,ABF 9984,TOYOTA INNOVA,MEDIUM,AUV,2015,DIESEL,TOYOTA,MSERV,25-0108,MSERV,PER APPROVED PROPOSAL,External,2025-03-18,2025-03-19
842,N/A,NDX 8612,TOYOTA AVANZA,MEDIUM,AUV,2016,GAS,TOYOTA,MSERV,25-0108,MSERV,PER APPROVED PROPOSAL,External,2025-03-18,2025-03-19
843,N/A,NDY 8824,TOYOTA AVANZA,MEDIUM,AUV,2016,GAS,TOYOTA,MSERV,25-0108,MSERV,PER APPROVED PROPOSAL,External,2025-03-18,2025-03-19
844,N/A,NCE 6437,TOYOTA HI-ACE COMMUTER,MEDIUM,VAN,2016,DIESEL,TOYOTA,MSERV,25-0108,MSERV,PER APPROVED PROPOSAL,External,2025-03-18,2025-03-19
845,N/A,NCE 6381,TOYOTA AVANZA,MEDIUM,AUV,2016,GAS,TOYOTA,MSERV,25-0108,MSERV,PER APPROVED PROPOSAL,External,2025-03-18,2025-03-19
846,N/A,AIA 8944,TOYOTA INNOVA,MEDIUM,AUV,2015,DIESEL,TOYOTA,MSERV,25-0108,MSERV,PER APPROVED PROPOSAL,External,2025-03-18,2025-03-19
847,N/A,NAE 6686,TOYOTA INNOVA,MEDIUM,AUV,2017,DIESEL,TOYOTA,MSERV,25-0108,MSERV,PER APPROVED PROPOSAL,External,2025-03-18,2025-03-19
848,N/A,ABE 7689,TOYOTA AVANZA,MEDIUM,AUV,2016,GAS,TOYOTA,MSERV,25-0108,MSERV,PER APPROVED PROPOSAL,External,2025-03-18,2025-03-19
849,N/A,ALA 1444,TOYOTA INNOVA,MEDIUM,AUV,2015,DIESEL,TOYOTA,MSERV,25-0108,MSERV,PER APPROVED PROPOSAL,External,2025-03-18,2025-03-19
850,N/A,NDW 5761,TOYOTA AVANZA,MEDIUM,AUV,2016,GAS,TOYOTA,MSERV,25-0108,MSERV,PER APPROVED PROPOSAL,External,2025-03-18,2025-03-19
851,N/A,NDE 2310,TOYOTA INNOVA,MEDIUM,AUV,2017,DIESEL,TOYOTA,MSERV,25-0108,MSERV,PER APPROVED PROPOSAL,External,2025-03-18,2025-03-19
852,N/A,NDB 4819,TOYOTA INNOVA,MEDIUM,AUV,2016,DIESEL,TOYOTA,MSERV,25-0108,MSERV,PER APPROVED PROPOSAL,External,2025-03-18,2025-03-19
853,N/A,NDB 4464,TOYOTA AVANZA,MEDIUM,AUV,2016,GAS,TOYOTA,MSERV,25-0108,MSERV,PER APPROVED PROPOSAL,External,2025-03-18,2025-03-19
854,N/A,NDB 4463,TOYOTA AVANZA,MEDIUM,AUV,2016,GAS,TOYOTA,MSERV,25-0108,MSERV,PER APPROVED PROPOSAL,External,2025-03-18,2025-03-19
855,N/A,NDY 8827,TOYOTA AVANZA,MEDIUM,AUV,2016,GAS,TOYOTA,MSERV,25-0108,MSERV,PER APPROVED PROPOSAL,External,2025-03-18,2025-03-19
856,N/A,NDB 3131,TOYOTA INNOVA,MEDIUM,AUV,2016,DIESEL,TOYOTA,MSERV,25-0108,MSERV,PER APPROVED PROPOSAL,External,2025-03-18,2025-03-19
857,N/A,ABR 6060,MITSUBISHI L300,MEDIUM,VAN,2015,DIESEL,MITSUBISHI,MSERV,25-0108,MSERV,PER APPROVED PROPOSAL,External,2025-03-18,2025-03-19
858,N/A,ABR 6080,TOYOTA AVANZA,MEDIUM,AUV,2016,GAS,TOYOTA,MSERV,25-0108,MSERV,PER APPROVED PROPOSAL,External,2025-03-18,2025-03-19
859,N/A,AIA 8948,TOYOTA INNOVA,MEDIUM,AUV,2016,DIESEL,TOYOTA,MSERV,25-0108,MSERV,PER APPROVED PROPOSAL,External,2025-03-18,2025-03-19
860,N/A,NCE 6428,TOYOTA HILUX,MEDIUM,PICK UP,2016,DIESEL,TOYOTA,MSERV,25-0108,MSERV,PER APPROVED PROPOSAL,External,2025-03-18,2025-03-19
861,N/A,NCG 2195,TOYOTA AVANZA,MEDIUM,AUV,2016,GAS,TOYOTA,MSERV,25-0108,MSERV,PER APPROVED PROPOSAL,External,2025-03-18,2025-03-19
862,N/A,NCE 6490,TOYOTA INNOVA,MEDIUM,AUV,2016,DIESEL,TOYOTA,MSERV,25-0108,MSERV,PER APPROVED PROPOSAL,External,2025-03-18,2025-03-19
863,N/A,NCG 7164,TOYOTA INNOVA,MEDIUM,AUV,2016,DIESEL,TOYOTA,MSERV,25-0108,MSERV,PER APPROVED PROPOSAL,External,2025-03-18,2025-03-19
864,N/A,ABE 7686,TOYOTA AVANZA,MEDIUM,AUV,2016,GAS,TOYOTA,MSERV,25-0108,MSERV,PER APPROVED PROPOSAL,External,2025-03-18,2025-03-19
865,N/A,NCE 8018,TOYOTA INNOVA,MEDIUM,AUV,2016,DIESEL,TOYOTA,MSERV,25-0108,MSERV,PER APPROVED PROPOSAL,External,2025-03-18,2025-03-19
866,N/A,NCF 3023,TOYOTA AVANZA,MEDIUM,AUV,2016,GAS,TOYOTA,MSERV,25-0108,MSERV,PER APPROVED PROPOSAL,External,2025-03-18,2025-03-19
867,N/A,NCZ 1847,TOYOTA AVANZA,MEDIUM,AUV,2016,GAS,TOYOTA,MSERV,25-0108,MSERV,PER APPROVED PROPOSAL,External,2025-03-18,2025-03-19
868,N/A,NCF 2675,TOYOTA AVANZA,MEDIUM,AUV,2016,GAS,TOYOTA,MSERV,25-0108,MSERV,PER APPROVED PROPOSAL,External,2025-03-18,2025-03-19
869,N/A,NCE 6493,TOYOTA AVANZA,MEDIUM,AUV,2016,GAS,TOYOTA,MSERV,25-0108,MSERV,PER APPROVED PROPOSAL,External,2025-03-18,2025-03-19
870,N/A,NCG 7163,TOYOTA INNOVA,MEDIUM,AUV,2016,DIESEL,TOYOTA,MSERV,25-0108,MSERV,PER APPROVED PROPOSAL,External,2025-03-18,2025-03-19
871,N/A,NCD 4877,TOYOTA INNOVA,MEDIUM,AUV,2017,DIESEL,TOYOTA,MSERV,25-0108,MSERV,PER APPROVED PROPOSAL,External,2025-03-18,2025-03-19
872,N/A,NDX 8608,TOYOTA AVANZA,MEDIUM,AUV,2016,GAS,TOYOTA,MSERV,25-0108,MSERV,PER APPROVED PROPOSAL,External,2025-03-18,2025-03-19
873,N/A,NDW 9722,TOYOTA AVANZA,MEDIUM,AUV,2016,GAS,TOYOTA,MSERV,25-0108,MSERV,PER APPROVED PROPOSAL,External,2025-03-18,2025-03-19
874,N/A,NDW 5759,TOYOTA AVANZA,MEDIUM,AUV,2016,GAS,TOYOTA,MSERV,25-0108,MSERV,PER APPROVED PROPOSAL,External,2025-03-18,2025-03-19
875,N/A,NDW 5758,TOYOTA AVANZA,MEDIUM,AUV,2016,GAS,TOYOTA,MSERV,25-0108,MSERV,PER APPROVED PROPOSAL,External,2025-03-18,2025-03-19
876,N/A,NDW 5756,TOYOTA AVANZA,MEDIUM,AUV,2016,GAS,TOYOTA,MSERV,25-0108,MSERV,PER APPROVED PROPOSAL,External,2025-03-18,2025-03-19
877,N/A,NDW 5760,TOYOTA AVANZA,MEDIUM,AUV,2016,GAS,TOYOTA,MSERV,25-0108,MSERV,PER APPROVED PROPOSAL,External,2025-03-18,2025-03-19
878,N/A,NDW 5757,TOYOTA AVANZA,MEDIUM,AUV,2016,GAS,TOYOTA,MSERV,25-0108,MSERV,PER APPROVED PROPOSAL,External,2025-03-18,2025-03-19
879,N/A,NFH 5168,TOYOTA VIOS,LIGHT,SEDAN,2022,GAS,TOYOTA,MSERV,25-0108,MSERV,PER APPROVED PROPOSAL,External,2025-03-18,2025-03-19
880,N/A,AEA 5140,TOYOTA HI-ACE COMMUTER,MEDIUM,VAN,2015,DIESEL,TOYOTA,MSERV,25-0108,MSERV,PER APPROVED PROPOSAL,External,2025-03-18,2025-03-19
881,N/A,MN 7599,HYUNDAI STAREX,MEDIUM,VAN,,DIESEL,HYUNDAI,MERALCO BOLTS,25-0108,MERALCO BOLTS,PER APPROVED PROPOSAL,External,2025-03-18,2025-03-19
882,N/A,UQO 154,TOYOTA FORTUNER,MEDIUM,SUV,,DIESEL,TOYOTA,PHRI,25-0108,PHRI,PER APPROVED PROPOSAL,External,2025-03-18,2025-03-19
883,N/A,NCH 1152,FORD EVEREST,MEDIUM,SUV,,DIESEL,FORD,MGEN/GBP,25-0108,MGEN/GBP,PER APPROVED PROPOSAL,External,2025-03-18,2025-03-19
884,N/A,NAG 2934,FORD EVEREST,MEDIUM,SUV,,DIESEL,FORD,MGEN/GBP,25-0108,MGEN/GBP,PER APPROVED PROPOSAL,External,2025-03-18,2025-03-19
885,N/A,NAD 9332,FORD EVEREST,MEDIUM,SUV,,DIESEL,FORD,MGEN/GBP,25-0108,MGEN/GBP,PER APPROVED PROPOSAL,External,2025-03-18,2025-03-19
886,N/A,NYQ 279,TOYOTA HILUX,MEDIUM,PICK UP,,DIESEL,TOYOTA,MRAIL INC,25-0108,MRAIL INC,PER APPROVED PROPOSAL,External,2025-03-18,2025-03-19
887,N/A,CBD 1933,FUSO CANTER,MEDIUM,PICK UP,,DIESEL,FUSO,PFBSI,25-0108,PFBSI,PER APPROVED PROPOSAL,External,2025-03-18,2025-03-19
888,N/A,HOC 666,FUSO CANTER,MEDIUM,PICK UP,,DIESEL,FUSO,PFBSI,25-0108,PFBSI,PER APPROVED PROPOSAL,External,2025-03-18,2025-03-19
889,N/A,WHI 907,TOYOTA FORTUNER,MEDIUM,SUV,,DIESEL,TOYOTA,PFBSI,25-0108,PFBSI,PER APPROVED PROPOSAL,External,2025-03-18,2025-03-19
890,N/A,NDE 3419,FORD EVEREST,MEDIUM,SUV,,DIESEL,FORD,PFBSI,25-0108,PFBSI,PER APPROVED PROPOSAL,External,2025-03-18,2025-03-19
891,N/A,NIL 3671,TOYOTA HILUX,MEDIUM,PICK UP,,DIESEL,TOYOTA,PFBSI,25-0108,PFBSI,PER APPROVED PROPOSAL,External,2025-03-18,2025-03-19
892,N/A,NBA 5899,ISUZU CROSSWIND,MEDIUM,SUV,,DIESEL,ISUZU,CFS,25-0108,CFS,PER APPROVED PROPOSAL,External,2025-03-18,2025-03-19
893,N/A,NEF 8854,TOYOTA HI-ACE COMMUTER,MEDIUM,VAN,,DIESEL,TOYOTA,CFS,25-0108,CFS,PER APPROVED PROPOSAL,External,2025-03-18,2025-03-19
894,N/A,NDD 7977,TOYOTA INNOVA,MEDIUM,AUV,,DIESEL,TOYOTA,TEXICON GROUP,25-0108,TEXICON GROUP,PER APPROVED PROPOSAL,External,2025-03-18,2025-03-19
895,N/A,UNI 582,TOYOTA HILUX,MEDIUM,PICK UP,,DIESEL,TOYOTA,TEXICON GROUP,25-0108,TEXICON GROUP,PER APPROVED PROPOSAL,External,2025-03-18,2025-03-19
896,N/A,NGT 9095,TOYOTA HILUX,MEDIUM,PICK UP,,DIESEL,TOYOTA,RADIUS TELECOMS,25-0108,RADIUS TELECOMS,PER APPROVED PROPOSAL,External,2025-03-18,2025-03-19
897,N/A,NET 7418,TOYOTA INNOVA,MEDIUM,AUV,2021,DIESEL,TOYOTA,RADIUS TELECOMS,25-0108,RADIUS TELECOMS,PER APPROVED PROPOSAL,External,2025-03-18,2025-03-19
898,N/A,NET 7423,TOYOTA INNOVA,MEDIUM,AUV,2021,DIESEL,TOYOTA,RADIUS TELECOMS,25-0108,RADIUS TELECOMS,PER APPROVED PROPOSAL,External,2025-03-18,2025-03-19
899,N/A,NEF 7803,TOYOTA HILUX,MEDIUM,PICK UP,2021,DIESEL,TOYOTA,RADIUS TELECOMS,25-0108,RADIUS TELECOMS,PER APPROVED PROPOSAL,External,2025-03-18,2025-03-19
900,N/A,NFC 1352,TOYOTA HILUX,MEDIUM,PICK UP,2021,DIESEL,TOYOTA,RADIUS TELECOMS,25-0108,RADIUS TELECOMS,PER APPROVED PROPOSAL,External,2025-03-18,2025-03-19
901,N/A,NFC 4777,TOYOTA HILUX,MEDIUM,PICK UP,2021,DIESEL,TOYOTA,RADIUS TELECOMS,25-0108,RADIUS TELECOMS,PER APPROVED PROPOSAL,External,2025-03-18,2025-03-19
902,N/A,NGT 9091,TOYOTA HILUX,MEDIUM,PICK UP,2021,DIESEL,TOYOTA,RADIUS TELECOMS,25-0108,RADIUS TELECOMS,PER APPROVED PROPOSAL,External,2025-03-18,2025-03-19
903,N/A,NET 7421,TOYOTA INNOVA,MEDIUM,AUV,2021,DIESEL,TOYOTA,RADIUS TELECOMS,25-0108,RADIUS TELECOMS,PER APPROVED PROPOSAL,External,2025-03-18,2025-03-19
904,N/A,NEO 1061,SUZUKI CARRY,MEDIUM,AUV,2022,GAS,SUZUKI,RADIUS TELECOMS,25-0108,RADIUS TELECOMS,PER APPROVED PROPOSAL,External,2025-03-18,2025-03-19
905,N/A,NEL 8161,SUZUKI APV,MEDIUM,AUV,2021,GAS,SUZUKI,RADIUS TELECOMS,25-0108,RADIUS TELECOMS,PER APPROVED PROPOSAL,External,2025-03-18,2025-03-19
906,N/A,NDQ 5042,HONDA BRIO,LIGHT,SEDAN,2019,GAS,HONDA,RADIUS TELECOMS,25-0108,RADIUS TELECOMS,PER APPROVED PROPOSAL,External,2025-03-18,2025-03-19
907,N/A,NET 7422,TOYOTA INNOVA,MEDIUM,AUV,2021,DIESEL,TOYOTA,RADIUS TELECOMS,25-0108,RADIUS TELECOMS,PER APPROVED PROPOSAL,External,2025-03-18,2025-03-19
908,N/A,NEO 1062,SUZUKI CARRY,MEDIUM,AUV,2022,GAS,SUZUKI,RADIUS TELECOMS,25-0108,RADIUS TELECOMS,PER APPROVED PROPOSAL,External,2025-03-18,2025-03-19
909,N/A,NGF 7463,NISSAN ALMERA,LIGHT,SEDAN,2019,GAS,NISSAN,RADIUS TELECOMS,25-0108,RADIUS TELECOMS,PER APPROVED PROPOSAL,External,2025-03-18,2025-03-19
910,N/A,NGT 9093,TOYOTA HILUX,MEDIUM,PICK UP,2021,DIESEL,TOYOTA,RADIUS TELECOMS,25-0108,RADIUS TELECOMS,PER APPROVED PROPOSAL,External,2025-03-18,2025-03-19
911,N/A,NEO 1063,SUZUKI CARRY,MEDIUM,AUV,2022,GAS,SUZUKI,RADIUS TELECOMS,25-0108,RADIUS TELECOMS,PER APPROVED PROPOSAL,External,2025-03-18,2025-03-19
912,N/A,NFV 8364,TOYOTA INNOVA,MEDIUM,AUV,2020,DIESEL,TOYOTA,RADIUS TELECOMS,25-0108,RADIUS TELECOMS,PER APPROVED PROPOSAL,External,2025-03-18,2025-03-19
913,N/A,NFC 1354,TOYOTA HILUX,MEDIUM,PICK UP,2021,DIESEL,TOYOTA,RADIUS TELECOMS,25-0108,RADIUS TELECOMS,PER APPROVED PROPOSAL,External,2025-03-18,2025-03-19
914,N/A,NFC 4774,TOYOTA HILUX,MEDIUM,PICK UP,2021,DIESEL,TOYOTA,RADIUS TELECOMS,25-0108,RADIUS TELECOMS,PER APPROVED PROPOSAL,External,2025-03-18,2025-03-19
915,N/A,NEO 1064,SUZUKI CARRY,MEDIUM,AUV,2022,GAS,SUZUKI,RADIUS TELECOMS,25-0108,RADIUS TELECOMS,PER APPROVED PROPOSAL,External,2025-03-18,2025-03-19
916,N/A,NFV 8365,TOYOTA INNOVA,MEDIUM,AUV,2020,DIESEL,TOYOTA,RADIUS TELECOMS,25-0108,RADIUS TELECOMS,PER APPROVED PROPOSAL,External,2025-03-18,2025-03-19
917,N/A,NET 7415,TOYOTA INNOVA,MEDIUM,AUV,2021,DIESEL,TOYOTA,RADIUS TELECOMS,25-0108,RADIUS TELECOMS,PER APPROVED PROPOSAL,External,2025-03-18,2025-03-19
918,N/A,NFC 4775,TOYOTA HILUX,MEDIUM,PICK UP,2021,DIESEL,TOYOTA,RADIUS TELECOMS,25-0108,RADIUS TELECOMS,PER APPROVED PROPOSAL,External,2025-03-18,2025-03-19
919,N/A,NEO 1055,SUZUKI CARRY,MEDIUM,AUV,2022,GAS,SUZUKI,RADIUS TELECOMS,25-0108,RADIUS TELECOMS,PER APPROVED PROPOSAL,External,2025-03-18,2025-03-19
920,N/A,AHA 5146,NISSAN SYLPHY,LIGHT,SEDAN,2015,GAS,NISSAN,RADIUS TELECOMS,25-0108,RADIUS TELECOMS,PER APPROVED PROPOSAL,External,2025-03-18,2025-03-19
921,N/A,NFV 8366,TOYOTA INNOVA,MEDIUM,AUV,2020,DIESEL,TOYOTA,RADIUS TELECOMS,25-0108,RADIUS TELECOMS,PER APPROVED PROPOSAL,External,2025-03-18,2025-03-19
922,N/A,NET 7416,TOYOTA INNOVA,MEDIUM,AUV,2021,DIESEL,TOYOTA,RADIUS TELECOMS,25-0108,RADIUS TELECOMS,PER APPROVED PROPOSAL,External,2025-03-18,2025-03-19
923,N/A,NFC 4776,TOYOTA HILUX,MEDIUM,PICK UP,2021,DIESEL,TOYOTA,RADIUS TELECOMS,25-0108,RADIUS TELECOMS,PER APPROVED PROPOSAL,External,2025-03-18,2025-03-19
924,N/A,NEO 1056,SUZUKI CARRY,MEDIUM,AUV,2022,GAS,SUZUKI,RADIUS TELECOMS,25-0108,RADIUS TELECOMS,PER APPROVED PROPOSAL,External,2025-03-18,2025-03-19
925,N/A,NGT 9097,TOYOTA HILUX,MEDIUM,PICK UP,2021,DIESEL,TOYOTA,RADIUS TELECOMS,25-0108,RADIUS TELECOMS,PER APPROVED PROPOSAL,External,2025-03-18,2025-03-19
926,N/A,GAV 9246,SUZUKI CARRY,MEDIUM,AUV,2022,GAS,SUZUKI,RADIUS TELECOMS,25-0108,RADIUS TELECOMS,PER APPROVED PROPOSAL,External,2025-03-18,2025-03-19
927,N/A,NET 7417,TOYOTA INNOVA,MEDIUM,AUV,2021,DIESEL,TOYOTA,RADIUS TELECOMS,25-0108,RADIUS TELECOMS,PER APPROVED PROPOSAL,External,2025-03-18,2025-03-19
928,N/A,NEO 1057,SUZUKI CARRY,MEDIUM,AUV,2022,GAS,SUZUKI,RADIUS TELECOMS,25-0108,RADIUS TELECOMS,PER APPROVED PROPOSAL,External,2025-03-18,2025-03-19
929,N/A,NEO 1058,SUZUKI CARRY,MEDIUM,AUV,2022,GAS,SUZUKI,RADIUS TELECOMS,25-0108,RADIUS TELECOMS,PER APPROVED PROPOSAL,External,2025-03-18,2025-03-19
930,N/A,NEL 8018,SUZUKI APV,MEDIUM,AUV,2021,GAS,SUZUKI,RADIUS TELECOMS,25-0108,RADIUS TELECOMS,PER APPROVED PROPOSAL,External,2025-03-18,2025-03-19
931,N/A,NFV 8559,TOYOTA INNOVA,MEDIUM,AUV,2020,DIESEL,TOYOTA,RADIUS TELECOMS,25-0108,RADIUS TELECOMS,PER APPROVED PROPOSAL,External,2025-03-18,2025-03-19
932,N/A,NGT 9089,TOYOTA HILUX,MEDIUM,PICK UP,2021,DIESEL,TOYOTA,RADIUS TELECOMS,25-0108,RADIUS TELECOMS,PER APPROVED PROPOSAL,External,2025-03-18,2025-03-19
933,N/A,NET 7419,TOYOTA INNOVA,MEDIUM,AUV,2021,DIESEL,TOYOTA,RADIUS TELECOMS,25-0108,RADIUS TELECOMS,PER APPROVED PROPOSAL,External,2025-03-18,2025-03-19
934,N/A,NEO 1059,SUZUKI CARRY,MEDIUM,AUV,2022,GAS,SUZUKI,RADIUS TELECOMS,25-0108,RADIUS TELECOMS,PER APPROVED PROPOSAL,External,2025-03-18,2025-03-19
935,N/A,NEL 8159,SUZUKI APV,MEDIUM,AUV,2021,GAS,SUZUKI,RADIUS TELECOMS,25-0108,RADIUS TELECOMS,PER APPROVED PROPOSAL,External,2025-03-18,2025-03-19
936,N/A,NEO 1060,SUZUKI CARRY,MEDIUM,AUV,2022,GAS,SUZUKI,RADIUS TELECOMS,25-0108,RADIUS TELECOMS,PER APPROVED PROPOSAL,External,2025-03-18,2025-03-19
937,N/A,NIE 1394,SUZUKI CARRY,MEDIUM,AUV,2022,GAS,SUZUKI,RADIUS TELECOMS,25-0108,RADIUS TELECOMS,PER APPROVED PROPOSAL,External,2025-03-18,2025-03-19
938,N/A,NIE 2005,SUZUKI CARRY,MEDIUM,AUV,2022,GAS,SUZUKI,RADIUS TELECOMS,25-0108,RADIUS TELECOMS,PER APPROVED PROPOSAL,External,2025-03-18,2025-03-19
939,N/A,NIE 2006,SUZUKI CARRY,MEDIUM,AUV,2022,GAS,SUZUKI,RADIUS TELECOMS,25-0108,RADIUS TELECOMS,PER APPROVED PROPOSAL,External,2025-03-18,2025-03-19
940,N/A,NDF 7700,SUZUKI CARRY,MEDIUM,AUV,2022,GAS,SUZUKI,RADIUS TELECOMS,25-0108,RADIUS TELECOMS,PER APPROVED PROPOSAL,External,2025-03-18,2025-03-19
941,N/A,PCO 581,CHEVROLET CAPTIVA,MEDIUM,SUV,2007,DIESEL,CHEVROLET,BLUE LEAF ENERGY,25-0108,BLUE LEAF ENERGY,PER APPROVED PROPOSAL,External,2025-03-18,2025-03-19
