1,1102,MERALCO REPAIR & MAINT AT B&G & BSC BLDG,103-PJ-DO01-13-0001
2,1102,RADIUS CLERICAL & ENCODING SERVICES,103-PJ-DO01-13-0002
3,1102,MIESCOR JANITORIAL SERVICES,103-PJ-DO01-13-0003
4,1102,MERALCO SAN PABLO FACILITIES,103-PJ-DO01-13-0004
5,1102,MERALCO EXEC OFFC & BSC JANITORIAL SERV,103-PJ-DO01-13-0005
6,1102,MERALCO STA ROSA FLEET,103-PJ-DO01-13-0006
7,1102,MERALCO SAN PABLO FLEET,103-PJ-DO01-13-0007
8,1102,MERALCO  THEATER OPERATION  & MAINT,103-PJ-DO01-13-0008
9,1102,MERALCO STA ROSA FACILITIES,103-PJ-DO01-13-0009
10,1102,MERALCO  DASMARINAS FACILITIES,103-PJ-DO01-13-0010
11,1102,MERALCO ORTIGAS FLEET,103-PJ-DO01-13-0011
12,1102,MERALCO ALABANG FELET,103-PJ-DO01-13-0012
13,1102,MERALCO MANILA CENTRAL FLEET,103-PJ-DO01-13-0013
14,1102,MERALCO RIZAL FLEET,103-PJ-DO01-13-0014
15,1102,MERALCO SAN JOAQUIN FLEET,103-PJ-DO01-13-0015
16,1102,MERALCO MANILA FACILITIES,103-PJ-DO01-13-0016
17,1102,MERALCO RIZAL FACILITIES,103-PJ-DO01-13-0017
18,1102,MERALCO SAN JOAQUIN FACILITIES,103-PJ-DO01-13-0018
19,1102,MERALCO ALABANG TWE,103-PJ-DO01-13-0019
20,1102,MERALCO MANILA TWE,103-PJ-DO01-13-0020
21,1102,MERALCO RIZAL TWE,103-PJ-DO01-13-0021
22,1102,MERALCO SAN JOAQUIN TWE,103-PJ-DO01-13-0022
23,1102,MERALCO VALENZUELA FACILITIES,103-PJ-DO01-13-0023
24,1102,MERALCO PLARIDEL FACILITIES,103-PJ-DO01-13-0024
25,1102,MERALCO BALINTAWAK FACILITIES,103-PJ-DO01-13-0025
26,1102,MERALCO VALENZUELA FLEET,103-PJ-DO01-13-0026
27,1102,MERALCO PLARIDEL FLEET,103-PJ-DO01-13-0027
28,1102,MERALCO BALINTAWAK FLEET,103-PJ-DO01-13-0028
29,1102,MERASLCO VALENZUELA TWE,103-PJ-DO01-13-0029
30,1102,MERALCO PLARIDEL TWE,103-PJ-DO01-13-0030
31,1102,MERALCO BALINTAWAK TWE,103-PJ-DO01-13-0031
32,1102,MERALCO DASMARINAS FLEET,103-PJ-DO01-13-0032
33,1102,MERALCO STA ROSA TWE,103-PJ-DO01-13-0033
34,1102,MERALCO SAN PABLO TWE,103-PJ-DO01-13-0034
35,1102,MERALCO ALABANG FACILITIES,103-PJ-DO01-13-0035
36,1102,FFT ADMIN,103-PJ-DO01-13-0036
37,1102,MERALCO PLARIDELM JANT'L & GROUND MAINT,103-PJ-DO01-13-0037
38,1102,MERALCO YARD & CONTROL HOUSE MAINT,103-PJ-DO01-13-0038
39,1102,MBI JANITORIAL SERVICES,103-PJ-DO01-13-0039
40,1102,MERALCO SUBSTATION AIRCON MAINTENANCE,103-PJ-DO01-13-0040
41,1102,MERALCO CORPORATE METER,103-PJ-DO01-13-0041
42,1102,MIESCOR CAR RENTAL,103-PJ-DO01-13-0042
43,1102,MERALCO METER REPAIR,103-PJ-DO01-13-0043
44,1102,MERALCO CAR LEASING,103-PJ-DO01-13-0044
45,1102,MERALCO SHALLOW WELLS W/ PUMP MAINT,103-PJ-DO01-13-0045
46,1102,RADIUS CAR RENTAL,103-PJ-DO01-13-0046
47,1102,MERALCO BALINTAWAK STORES,103-PJ-DO01-13-0047
48,1102,MIESCOR CLERICAL AND MESSENGERIAL,103-PJ-DO01-13-0048
49,1102,MBI MESSENGERIAL DERVICES,103-PJ-DO01-13-0049
50,1102,MERALCO ORTIGAS STORES,103-PJ-DO01-13-0050
51,1102,MERALCO VALENZUELA STORES,103-PJ-DO01-13-0051
52,1102,MERALCO PLARIDEL STORES,103-PJ-DO01-13-0052
53,1102,MERALCO SAN JOAQUIN STORES,103-PJ-DO01-13-0053
54,1102,MERALCO MANILA STORES,103-PJ-DO01-13-0054
55,1102,MERALCO RIZAL STORES,103-PJ-DO01-13-0055
56,1102,MERALCO ALABANG STORES,103-PJ-DO01-13-0056
57,1102,MERALCO KAMIAS STORES,103-PJ-DO01-13-0057
58,1102,MERALCO STA ROSA STORES,103-PJ-DO01-13-0058
59,1102,MERALCO CAVITE STORES,103-PJ-DO01-13-0059
60,1102,MERALCO SAN PABLO STORES,103-PJ-DO01-13-0060
61,1102,MERALCO LUCENA STORES,103-PJ-DO01-13-0061
62,1102,MERTALCO BATANGAS STORES,103-PJ-DO01-13-0062
63,1102,MESALA MESSENGERIAL SERVICES,103-PJ-DO01-13-0063
64,1102,RADIUS TELECOM LINEMAN SERVICES,103-PJ-DO01-13-0064
65,1102,THE HSIN WAREHOUSING SERVICES,103-PJ-DO01-13-0065
66,1102,MERALCO REALTY CLERICAL & ENCODING SERV,103-PJ-DO01-13-0066
67,1102,MOTORPOOL,103-PJ-DO01-13-0067
68,1102,MERALCO TAX & TARIFF TECH & CLERICAL,103-PJ-DO01-13-0068
69,1102,MERALCO LEGAL-CLERICAL SERVICES,103-PJ-DO01-13-0069
70,1102,MERALCO ENCODING SERVICES-SAN PABLO,103-PJ-DO01-13-0070
71,1102,MERALCO SAN JOAQUIN METERING SERV,103-PJ-DO01-13-0071
72,1102,MOTORPOOL-KATIPUNAN,103-PJ-DO01-13-0072
73,1102,MERALCO DESIGN ENCODING SERV,103-PJ-DO01-13-0073
74,1102,MERALCO MATERIALS PROCESSING MGMT,103-PJ-DO01-13-0074
75,1102,MERALCO JANITORIAL-AREA2,103-PJ-DO01-13-0075
76,1102,MERALCO CASH ACCTG CLERICAL SERV,103-PJ-DO01-13-0076
77,1102,MERALCO ENCODING SERVICES-CRMO,103-PJ-DO01-13-0077
78,1102,MERALCO MANILA METERING SERVICES,103-PJ-DO01-13-0078
79,1102,REPUBLIC SURETY CAR RENTAL,103-PJ-DO01-13-0079
80,1102,MERALCO CLERICAL SERV-PROPERTY ACCTNG,103-PJ-DO01-13-0080
81,1102,RADIUS JANITORIAL SERVICES,103-PJ-DO01-13-0081
82,1102,MERALCO RIZAL METERING SERVICES,103-PJ-DO01-13-0082
83,1102,MERALCO RENTAL OF ONE HYUNDAI STAREX,103-PJ-DO01-13-0083
84,1102,MERALCO POWERGEN MESSENGERIAL,103-PJ-DO01-13-0084
85,1102,MERALCO ENCODING SERV VALENZUELA SECT,103-PJ-DO01-13-0085
86,1102,MERALCO BALINTAWAK JANITORIAL SERV,103-PJ-DO01-13-0086
87,1102,MERALCO VALENZUELA JANITORIAL SERV,103-PJ-DO01-13-0087
88,1102,MERALCO FITNESS CENTER MAINT,103-PJ-DO01-13-0088
89,1102,MERALCO POWERGEN CAR RENTAL,103-PJ-DO01-13-0089
90,1102,MERALCO TRAINING FACILITIES ADMIN SERV,103-PJ-DO01-13-0090
91,1102,MBI CAR RENTAL,103-PJ-DO01-13-0091
92,1102,OHGSD SPECIAL PROJECTS,103-PJ-DO01-13-0092
93,1102,MERALCO POWERGEN JANITORIAL SERV,103-PJ-DO01-13-0093
94,1102,MIESCOR TRADING,103-PJ-DO01-13-0094
95,1102,MERALCO MEDDS ENCODING SERV,103-PJ-DO01-13-0095
96,1102,MERALCO ENERGY CAR RENTAL,103-PJ-DO01-13-0096
97,1102,PLDT-DAGUPAN,103-PJ-DO01-13-0097
98,1102,REDONDO PENINSULA JANITORIAL SERV,103-PJ-DO01-13-0098
99,1102,MERALCO MALABON JANITORIAL SERV,103-PJ-DO01-13-0099
100,1102,MERALCO BALIUAG JANITORIAL SERV,103-PJ-DO01-13-0100
101,1102,MERALCO VALENZUELA ENCODING SERV,103-PJ-DO01-13-0101
102,1102,MERALCO DASMARINAS JANITORIAL SERV,103-PJ-DO01-13-0102
103,1102,MERALCO SAN PABLO JANITORIAL SERV,103-PJ-DO01-13-0103
104,1102,MERALCO PLARIDEL ENODING SERV,103-PJ-DO01-13-0104
105,1102,MERALCO STA ROSA JANITORIAL SERV,103-PJ-DO01-13-0105
106,1102,MERALCO CENTRAL BUSS AREA ENCODING SER,103-PJ-DO01-13-0106
107,1102,PLDT-RCB RECTIFIER ROOM,103-PJ-DO01-13-0107
108,1102,ABC 5 ANTIPOLO TRANSMITTER ROLL OUT,103-PJ-DO01-13-0108
109,1102,MERALCO VALENZUELA METERING SERV,103-PJ-DO01-13-0109
110,1102,MWCI SIRUNA WAREHOUSING SERV,103-PJ-DO01-13-0110
111,1102,ABC TV-5 BATANGAS CIVILWORKS,103-PJ-DO01-13-0111
112,1102,MWCI TAGUIG WATER SYSTEM OPERATION,103-PJ-DO01-13-0112
113,1102,MWCI 21ST PUMPING STATION OPERATION,103-PJ-DO01-13-0113
114,1102,LAS PINAS BUSINESS CENTER ACU INST,103-PJ-DO01-13-0114
115,1102,MERALCO SAN JOAQUIN ENCODING SERV,103-PJ-DO01-13-0115
116,1102,PLDT JUPITER FTTH & CEN ROOM,103-PJ-DO01-13-0116
117,1102,REDONDO UTILITY SERVICES -RBC,103-PJ-DO01-13-0117
118,1102,MWCI SAN JUAN WAREHOUSING  SERV,103-PJ-DO01-13-0118
119,1102,TV5 Q4-NET 1  MEDIASCAPE OFFICE,103-PJ-DO01-13-0119
120,1102,RADIUS TELECOM TELEMARKETING SERV,103-PJ-DO01-13-0120
121,1102,MERALCO REHAB OFSTORES-MANILA SECTOR,103-PJ-DO01-13-0121
122,1102,RADIUS MESSENGERIAL SERVICES,103-PJ-DO01-13-0122
123,1102,MIESCOR MESSENGERIAL SERVICES,103-PJ-DO01-13-0123
124,1102,"REPLACEMENT OF 5TR ACU, 220V",103-PJ-DO01-13-0124
125,1102,REDONDO MESSENGERIALSERVICES,103-PJ-DO01-13-0125
126,1102,MERALCO REHABILITATION OF TELECOM TOWER,103-PJ-DO01-13-0126
127,1102,MERALCO TSB (AREA 2) MAINT SERVICES,103-PJ-DO01-13-0127
128,1102,MERALCO JANITORIAL SERVICES RIZAL SECTOR,103-PJ-DO01-13-0128
129,1102,MECO JANITORIAL SERV BALINTAWAK SECT,103-PJ-DO01-13-0129
130,1102,MECO JANITORIAL SERVICES SAN JOAQUIN SEC,103-PJ-DO01-13-0130
131,1102,MECOJANITORIAL SERV MANILA SECTOR,103-PJ-DO01-13-0131
132,1102,MECO FINANCIAL BUDGETING ENCODING SERV,103-PJ-DO01-13-0132
133,1102,MERALCO BALINTAWAK METERING,103-PJ-DO01-13-0133
134,1102,MERALCO ENERGY MESSENGERIALSERV,103-PJ-DO01-13-0134
135,1102,RENOVATION OF MESALA,103-PJ-DO01-13-0135
136,1102,ENCLOSUREOF 75KW GENSET-FAIRVIEW,103-PJ-DO01-13-0136
137,1102,MERALCO MGT OF OPERATION & MAINT STRIP,103-PJ-DO01-13-0137
138,1102,MERALCO RENOV OF ALABANG FACILITIES,103-PJ-DO01-13-0138
139,1102,ABC TV 5 ELECTRICALPOWER UPGRADE,103-PJ-DO01-13-0139
140,1102,BATANGAS B CTR RETILING WORKS,103-PJ-DO01-13-0140
141,1102,PLDT SUPPLY &INSTALLATION OF3X7 TR,103-PJ-DO01-13-0141
142,1102,MERALCO CALOOCAN SUPPLY & INST ACU,103-PJ-DO01-13-0142
143,1102,MERALCO PASIG SUPPLY &INST ACU,103-PJ-DO01-13-0143
144,1102,MERALCO ROOSEVELT SUPPLY &INST ACU,103-PJ-DO01-13-0144
145,1102,MERALCO MANILA SUPPLY & INST ACU,103-PJ-DO01-13-0145
146,1102,MERALCO MAKATI SUPPLY & INST ACU,103-PJ-DO01-13-0146
147,1102,MERALCO KAMUNING SUPPLY & INST ACU,103-PJ-DO01-13-0147
148,1102,MERALCO PARANAQUE SUPPLY & INST ACU,103-PJ-DO01-13-0148
149,1102,MERALCO MARIKINA SUPPLY &INST ACU,103-PJ-DO01-13-0149
150,1102,MERALCO LUCENA SUPPLY & INST ACU,103-PJ-DO01-13-0150
151,1102,MERALCO STA ROSA SUPPLY &INST ACU,103-PJ-DO01-13-0151
152,1102,MERALCO STA CRUZ SUPPLY &INST ACU,103-PJ-DO01-13-0152
153,1102,MERALCO ALABANG SUPPLY & INST ACU,103-PJ-DO01-13-0153
154,1102,MERALCO ORTIGAS SUPPLY & INST ACU,103-PJ-DO01-13-0154
155,1102,MECO VALENZUELA EXPANSION OF FACILITIES,103-PJ-DO01-13-0155
156,1102,PLDT REPAIR OF PG1  HANGAR SKYLIGHT,103-PJ-DO01-13-0156
157,1102,ALABANG RENOVATION OF ADB'S RESIDENCE,103-PJ-DO01-13-0157
158,1102,MIESCOR SUPPLY & INST OF 2 UNITS OF ACU,103-PJ-DO01-13-0158
159,1102,MECO REHAB OFWATER SUPPLY AT CAINTA,103-PJ-DO01-13-0159
160,1102,MECO REHAB OF FIRE PROTECTION AT DASMA,103-PJ-DO01-13-0160
161,1102,MECO SUPPLY AND INST OF ACU-MECO/SUBS,103-PJ-DO01-13-0161
162,1102,MERALCO REHAB OF CALAMBA STAFF HOUSE,103-PJ-DO01-13-0162
163,1102,MECO SUPPLY & INST OF ACU AT HEADQRTER,103-PJ-DO01-13-0163
164,1102,MERALCO BALAGTAS SUPPLY & INST OF ACU,103-PJ-DO01-13-0164
165,1102,MECO COMMONWEALTH SUPPLY & INS ACU,103-PJ-DO01-13-0165
166,1102,MERALCO MALOLOS SUPPLY & INST OF ACU,103-PJ-DO01-13-0166
167,1102,MERALCO BALINTAWAK SUPPLY & INST ACU,103-PJ-DO01-13-0167
168,1102,MERALCO MALABON MULTI PURPOSE AREA,103-PJ-DO01-13-0168
169,1102,MECO BALINTAWAK RENOV OF CONFERENCE,103-PJ-DO01-13-0169
170,1102,MERALCO STA ROSA ADMIN REHAB,103-PJ-DO01-13-0170
171,1102,MERALCO STA MARIA SUPPLY & INST OF ACU,103-PJ-DO01-13-0171
172,1102,MERALCO VALENZUELA SUPPLY & INST OF ACU,103-PJ-DO01-13-0172
173,1102,MERALCO BALINTAWAK SUPPLY& INST OF ACU,103-PJ-DO01-13-0173
174,1102,MERALCO TUTUBAN SUPPLY  INST OF ACU,103-PJ-DO01-13-0174
175,1102,MERALCO REPAIR OF CLADDING & LOGO,103-PJ-DO01-13-0175
176,1102,MERALCO STA ROSA SUPPLY OF ACU & ELECT,103-PJ-DO01-13-0176
177,1102,MERALCO MASINAG SUPPLY &INST OF GENSET,103-PJ-DO01-13-0177
178,1102,MERALCO CAINTA SUPPLY &INST OF GENSET,103-PJ-DO01-13-0178
179,1102,MERALCO DASMARINAS TWE,103-PJ-DO01-13-0179
180,1102,Meralco Lopez Bldg Janitorial Services,103-PJ-DO01-13-0180
181,1102,Meralco Ground Maint & Elevator Operator,103-PJ-DO01-13-0181
182,1102,Meralco TSB Janitorial Services,103-PJ-DO01-13-0182
183,1102,Meralco area 1 & 3 Maintenance Services,103-PJ-DO01-13-0183
184,1102,Meralco Warehousing Outsourcing,103-PJ-DO01-13-0184
185,1102,Construction of STP-Meralco Origas,103-PJ-DO01-13-0185
186,1102,PLDT - Chiller shutdown of NSOB Project,103-PJ-DO01-13-0186
187,1102,Refit of SPI Tech Inc - Paraaque,103-PJ-DO01-13-0187
188,1102,PLDT - Lucena Core Equipment Room,103-PJ-DO01-13-0188
189,1102,TV-5 Base Plate Installation Novaliches,103-PJ-DO01-13-0189
190,1102,SPI Global Civil Works - 2/F,103-PJ-DO01-13-0190
191,1102,TV 5 - Proposed Transmission Engg Office,103-PJ-DO01-13-0191
192,1102,OHGSD,103-PJ-DO01-13-0192
193,1102,CRD,103-PJ-DO01-13-0193
194,1102,MWCI desludging truck driver,103-PJ-DO01-14-0001
195,1102,7473 Rehab Ctrl house & Guradhouse,103-PJ-DO01-14-0002
196,1102,Supply&Labor of 4u 2TR Cassete type ACU,103-PJ-DO01-14-0003
197,1102,Clearing of CHB Partition at The Strip,103-PJ-DO01-14-0004
198,1102,Meralco Learning & Dev't Clerical,103-PJ-DO01-14-0005
199,1102,Renov&work Espana BC,103-PJ-DO01-14-0006
200,1102,Supply A/C MBI Subs Fil Alabang,103-PJ-DO01-14-0007
201,1102,7442 Tanay Genset,103-PJ-DO01-14-0008
202,1102,Renov. of CFS Office at BSC Bldg.,103-PJ-DO01-14-0009
203,1102,7470 SUPPLY& INSTL 1HP ACU,103-PJ-DO01-14-0010
204,1102,RES- MPOWER Messengerial Services,103-PJ-DO01-14-0011
205,1102,Rizal Clerical Services Project,103-PJ-DO01-14-0012
206,1102,Central Inspection Project,103-PJ-DO01-14-0013
207,1102,Manila Clerical Services Project,103-PJ-DO01-14-0014
208,1102,7372 PLDT NAC,103-PJ-DO01-14-0015
209,1102,7422 SUPPLY ACU SAN JOAQUIN,103-PJ-DO01-14-0016
210,1102,7384 PLDT STA MESA,103-PJ-DO01-14-0017
211,1102,Meralco CRS Clerical Services,103-PJ-DO01-14-0018
212,1102,Meralco Electric Distribution,103-PJ-DO01-14-0019
213,1102,Radius Office Renovation (2F/3F) at BSC,103-PJ-DO01-14-0020
214,1102,MERALCO CUSTOMER SERVICE PROJECT,103-PJ-DO01-14-0021
215,1102,MSERV Extension Office at The Strip,103-PJ-DO01-14-0022
216,1102,MBI Auto-Mechanic,103-PJ-DO01-14-0023
217,1102,MERALCO Investment & Debt Management,103-PJ-DO01-14-0024
218,1102,7400 CEDC FRONT GATE & PERIMETER FENCE,103-PJ-DO01-14-0025
219,1102,Meralco Info. & Logistics System,103-PJ-DO01-14-0026
220,1102,NLEX VENTILATION & AIR-CONDITION SERVICE,103-PJ-DO01-14-0027
221,1102,Republic Surety Office Renovation at RBC,103-PJ-DO01-14-0027
222,1102,Meralco Business Transformation (OTM),103-PJ-DO01-14-0028
223,1102,NLEX VENTILATION & AIR-CONDITION SERVICE,103-PJ-DO01-14-0029
224,1102,SUPPLY OF 2HP WACU AND THERMOHYGROMETER,103-PJ-DO01-14-0030
225,1102,SHANGRILA INSTALLATION OF BOILER,103-PJ-DO01-14-0031
226,1102,7408 PLDT SOUTH TRIANGLE 3TR PACU,103-PJ-DO01-14-0032
227,1102,7395 PLDT 3TR PACU SUPPLY & INSTALLATION,103-PJ-DO01-14-0033
228,1102,7377 PROPOSED EE/ME AT PLDT EVOTECH 2,103-PJ-DO01-14-0034
229,1102,SUPPLY& INSTL OF ACU @ ORTIGAS MERALCO,103-PJ-DO01-14-0035
230,1102,RADIUS TECHNOLOGY PROJECT,103-PJ-DO01-14-0036
231,1102,SUPPLY OF ACU AT MBI,103-PJ-DO01-14-0037
232,1102,MERALCO KAYBIGA SUBSTATION,103-PJ-DO01-14-0038
233,1102,SHANGRILA REHAB OF CHI SPA,103-PJ-DO01-14-0039
234,1102,MBI SUPPLY 2.0HP ACU,103-PJ-DO01-14-0040
235,1102,CARDINAL RENOVATION OF SAN LORENZO RUIZ,103-PJ-DO01-14-0041
236,1102,Plaridel Metering Services,103-PJ-DO01-14-0042
237,1102,SHANRILA REHAB OPEN CARPARK,103-PJ-DO01-14-0043
238,1102,CEDC WAREHOUSE STOCKYARD,103-PJ-DO01-14-0044
239,1102,MERALCO REHAB OF RADIO ROOM,103-PJ-DO01-14-0045
240,1102,Change Order 1 MSERV Ext. at The Strip,103-PJ-DO01-14-0046
241,1102,MSERV eBike Charging Station,103-PJ-DO01-14-0047
242,1102,MBI FLEET MANAGEMENT,103-PJ-DO01-14-0048
243,1102,Philippine Economic Zone Authority(PEZA),103-PJ-DO01-14-0049
244,1102,MIESCOR FEMD ADMIN SERVICES,103-PJ-DO01-14-0050
245,1102,MBI SUPPLY OF ACU 2HP,103-PJ-DO01-14-0051
246,1102,INSTL'N OF ACU MR. R.RAYMUNDO,103-PJ-DO01-14-0052
247,1102,ACU @ MERALCO VALENCIA SUBSTATION,103-PJ-DO01-14-0053
248,1102,SUPPLY& INST'LN OF ACU BAYAD CTR TAYTAY,103-PJ-DO01-14-0054
249,1102,PLDT ACU SUPPLY & INSTL'NB @ NOVA,103-PJ-DO01-14-0055
250,1102,Meralco Professional Serivces at SIO,103-PJ-DO01-14-0056
251,1102,PLDT Suupply & Inst'n of ACU @ Diliman,103-PJ-DO01-14-0057
252,1102,CLEANING OF ACU @ BAYAD CTR,103-PJ-DO01-14-0058
253,1102,REPAIR & MAINTENANCE OF ACU@GMA CAVITE,103-PJ-DO01-14-0059
254,1102,Bayad Center Exhibit Booth,103-PJ-DO01-14-0060
255,1102,MERALCO BALINTWAK FAC CONSTRUCTION,103-PJ-DO01-14-0061
256,1102,MERALCOHILLCREST REHAB. SUBSTATION,103-PJ-DO01-14-0062
257,1102,MERALCO REWINDING OF SPARTAN AUGER,103-PJ-DO01-14-0063
258,1102,MSERV CHILLER PLANT ROOM,103-PJ-DO01-14-0064
259,1102,MSERV E-bike Station Concrete Flooring,103-PJ-DO01-14-0065
260,1102,MIESCOR SUPPLY & INSTL'N OF 2.0 HP ACU,103-PJ-DO01-14-0066
261,1102,Angelicum Supply & Instl'n of Fire &Pump,103-PJ-DO01-14-0067
262,1102,MIESCOR GEN. CLEANING 15 ACU,103-PJ-DO01-14-0068
263,1102,PLDT BINONDO 10TR ACU,103-PJ-DO01-14-0069
264,1102,Meralco LTC PHASE 1 (Civil Works),103-PJ-DO01-14-0070
265,1102,MERALCO REROOFING@ ALABANG SECTOR,103-PJ-DO01-14-0071
266,1102,BAYAD CTR 2.5HP SUPPLY & INSTLN,103-PJ-DO01-14-0072
267,1102,BAYAD CENTER 3TR CEILING@BSC,103-PJ-DO01-14-0073
268,1102,PLDT WORLD TRADE SUP & INSTLN OF 2.0ACU,103-PJ-DO01-14-0074
269,1102,MERALCO REHAB OF BALAGTAS BC,103-PJ-DO01-14-0075
270,1102,MERALCO  SUPPLY & INSTLN 25UT OF 3TR,103-PJ-DO01-14-0076
271,1102,PLDT GREENHILLS 2 UT OF 10TR,103-PJ-DO01-14-0077
272,1102,Retiling @Meralco Malabon BC,103-PJ-DO01-14-0078
273,1102,Constrn of Concrete fence@Meco StaRosa,103-PJ-DO01-14-0079
274,1102,Supply & Instln of Genset@Meco SanPablo,103-PJ-DO01-14-0080
275,1102,SAN JOAQUIN SECTOR JANITORIAL SERVICES,103-PJ-DO01-14-0081
276,1102,Rehab of Bldg Fac. @ Meco Batangas,103-PJ-DO01-14-0082
277,1102,MANILA SECTOR JANITORIAL SERVICES,103-PJ-DO01-14-0083
278,1102,RIZAL SECTOR JANITORIAL SERVICES,103-PJ-DO01-14-0084
279,1102,PLDT RENOV OF GUEST HOUSE @ BATANGAS,103-PJ-DO01-14-0085
280,1102,SUPPLY&INSTLN OF 4UT 7.5TR@PLDT BATANGAS,103-PJ-DO01-14-0086
281,1102,MSERV Biometric and Glass Panel Door,103-PJ-DO01-14-0087
282,1102,INSTLN OF PVC PIPE AT LAUNDRY RM@SHANGRI,103-PJ-DO01-14-0088
283,1102,Meralco retiling @ Rosario BC,103-PJ-DO01-14-0089
284,1102,Constrn of Meralco Lineman Camp@Antipolo,103-PJ-DO01-14-0090
285,1102,MERALCO RENOV GUARD HOUSE@CALAMBA BC,103-PJ-DO01-14-0091
286,1102,MECO CONSTRN OF ALABANG WAREHOUSE,103-PJ-DO01-14-0092
287,1102,REHAB OF CANTEEN @ MECO LUCENA BC,103-PJ-DO01-14-0093
288,1102,MPOWER Office Renovation at BSC Bldg.,103-PJ-DO01-14-0094
289,1102,Meralco Makati,103-PJ-DO01-14-0095
290,1102,Meralco Cainta Construction of Storage,103-PJ-DO01-14-0096
291,1102,Renovation at Meralco Business Center,103-PJ-DO01-14-0097
292,1102,Ceiling restoration at Edsa Shang,103-PJ-DO01-14-0098
293,1102,Stainless Steel Handrail at TV5 Lobby,103-PJ-DO01-14-0099
294,1102,Meralco Marikina BC Rehab Works,103-PJ-DO01-14-0100
295,1102,Meralco Sta. Rosa Sector Renovation,103-PJ-DO01-14-0101
296,1102,Meralco Sta.Rosa EO Retiling of CR,103-PJ-DO01-14-0102
297,1102,Meralco San Pedro BC Renovation,103-PJ-DO01-14-0103
298,1102,Meralco DRF Balintawak Sector ACU,103-PJ-DO01-14-0104
299,1102,Plaridel Sector-Const'n of Prop. Return,103-PJ-DO01-14-0105
300,1102,Meralco Parañaque BC Sup and Ins of ACU,103-PJ-DO01-14-0106
301,1102,Meralco Rosario BC Rehab of ACU,103-PJ-DO01-14-0107
302,1102,Meralco San Miguel PO Sup and Ins of ACU,103-PJ-DO01-14-0108
303,1102,Meralco Novaliches BC Sup and Ins of ACU,103-PJ-DO01-14-0109
304,1102,Meralco Mandaluyong BC Sup and Ins ACU,103-PJ-DO01-14-0110
305,1102,Meralco Plaridel PO Sup and Ins of ACU,103-PJ-DO01-14-0111
306,1102,Meralco Balagtas BC Rehab of ACU,103-PJ-DO01-14-0112
307,1102,Meralco Cainta/Masinag Rehab of ACU,103-PJ-DO01-14-0113
308,1102,Meralco Pasig BC Rehab of Bldg and Fac,103-PJ-DO01-14-0114
309,1102,Meralco Kamuning BC-Sup and Instn of ACU,103-PJ-DO01-14-0115
310,1102,Meralco Cainta BC Sup & Inst'n of ACU,103-PJ-DO01-14-0116
311,1102,Meralco Makati BC - Sup & Inst'n of ACU,103-PJ-DO01-14-0117
312,1102,Meralco Lucena BC S&I of Air Curtain,103-PJ-DO01-14-0118
313,1102,Republic surety Cleaning of ACU,103-PJ-DO01-14-0119
314,1102,Meralco Marikina BC S&I of ACU's,103-PJ-DO01-14-0120
315,1102,Meralco Ortigas Proposed LTC Phase 1B,103-PJ-DO01-14-0121
316,1102,Meralco Ortigas Proposed LTC Phase 2A,103-PJ-DO01-14-0122
317,1102,Meralco Renov of System Control Center,103-PJ-DO01-14-0123
318,1102,MRRAIL Office Renovation,103-PJ-DO01-14-0124
319,1102,Meralco San Pedro BC Rehab of ACU's,103-PJ-DO01-14-0125
320,1102,MWCI ACU PMS PROJECT,103-PJ-DO01-14-0126
321,1102,Alabang Country Club - Rehab of lamps,103-PJ-DO01-14-0127
322,1102,PLDT Batangas Rehab of APCN2 Glass panel,103-PJ-DO01-14-0128
323,1102,Alabang Sector Janitorial services,103-PJ-DO01-14-0129
324,1102,Dasmarinas Sector-Janitorial services,103-PJ-DO01-14-0130
325,1102,St.a Rosa Sector Janitorial Services SDS,103-PJ-DO01-14-0131
326,1102,San Pablo Sector--Janitorial Services,103-PJ-DO01-14-0132
327,1102,Alabang BC-Encoding Services for HMB,103-PJ-DO01-14-0133
328,1102,Calamba BC- Encoding Services for HMB,103-PJ-DO01-14-0134
329,1102,Sn.Pablo/Sta.Cruz Aux.-Encoding Serv.HMB,103-PJ-DO01-14-0135
330,1102,San Pedro BC- Encoding Services for HMB,103-PJ-DO01-14-0136
331,1102,Edsa Shangri-la Replacement wooden tiles,103-PJ-DO01-14-0137
332,1102,Edsa Shangri-la Rep. Wooden Tiles @ SSB,103-PJ-DO01-14-0138
333,1102,"MERALCO-Supply, Install & Com. of aircon",103-PJ-DO01-14-0139
334,1102,MERALCO Project Brown Encoding Services,103-PJ-DO01-15-0001
335,1102,MIESCORRAIL PROJECT,103-PJ-DO01-15-0002
336,1102,"MERALCO-Supply, Install & Com. of aircon",103-PJ-DO01-15-0003
337,1102,Meralco Service Driver,103-PJ-DO01-15-0004
338,1102,PLDT Bulacan- Supply. & Inst. 2x2HP WACU,103-PJ-DO01-15-0005
339,1102,Renovation of LRMC Office,103-PJ-DO01-15-0006
340,1102,CFS Office Renovation at Prestige Bldg.,103-PJ-DO01-15-0007
341,1102,Sup&Inst ACU at CEZ Office-Rosario Cvite,103-PJ-DO01-15-0008
342,1102,San Pablo Sector--Supply&Inst. of Aircon,103-PJ-DO01-15-0009
343,1102,Dasma Cavite Sector-Sup&Inst.of Aircon,103-PJ-DO01-15-0010
344,1102,PLDT Taytay - Replacements of Sump Pumps,103-PJ-DO01-15-0011
345,1102,MSERV Warehouse Repainting,103-PJ-DO01-15-0012
346,1102,LRMC-Additional; Renovation of Restrooms,103-PJ-DO01-15-0013
347,1102,Edsa Shangri-la Electrical Panel Door,103-PJ-DO01-15-0014
348,1102,FMO ROCKWELL-LED Lights *AteneodeManila,103-PJ-DO01-15-0015
349,1102,FMO ROCKWELL-LED Bulbs/Daylight *ateneo,103-PJ-DO01-15-0016
350,1102,PLDT- EE /ME Works at 24/7 BLDG TAGUIG,103-PJ-DO01-15-0017
351,1102,PLDT-Rep. Sump Pumps at North Marikina,103-PJ-DO01-15-0018
352,1102,ABS-CBN Maint. of Elect. Subs.@Main BLDG,103-PJ-DO01-15-0019
353,1102,ABS-CBN Maint.of Elect. Subs.@ELJCC BLDG,103-PJ-DO01-15-0020
354,1102,Edsa Shangri-la Relocation FCU IT Server,103-PJ-DO01-15-0021
355,1102,Edsa Shangri-la Leakage of LaundrySystem,103-PJ-DO01-15-0022
356,1102,Taguig Aux. BC- Supply & Install Aircon,103-PJ-DO01-15-0023
357,1102,Taguig Aux. BC- Sup&Inst. Ventillation,103-PJ-DO01-15-0024
358,1102,Meralco-Deepwell Drilling Serv.Inst.Pipe,103-PJ-DO01-15-0025
359,1102,Meralco-LTC Antipolo(Const. of New Bldg),103-PJ-DO01-15-0026
360,1102,MBI:Taguig Aux-Civil&Architectural Works,103-PJ-DO01-15-0027
361,1102,Meralco-Val.BC. Rep. of tiles at mens CR,103-PJ-DO01-15-0028
362,1102,Meralco-San Joaquin Repair/Rehab of Subs,103-PJ-DO01-15-0029
363,1102,MSERV-Renovation Warehouse Office,103-PJ-DO01-15-0030
364,1102,Bayad Ctr. Installation of Vinyl Tiles,103-PJ-DO01-15-0031
365,1102,PLDT-Rehab.of PACU at Nasugbu BCLS,103-PJ-DO01-15-0032
366,1102,PLDT-Pacific Global 1Hangar Water System,103-PJ-DO01-15-0033
367,1102,Meco.Balintawak Renov.of Canteen Kitchen,103-PJ-DO01-15-0034
368,1102,"Enchanted Kingdom Inc.-Genset 1, 2, & 3",103-PJ-DO01-15-0035
369,1102,Utility Personnel for LRMC,103-PJ-DO01-15-0036
370,1102,PLDT-Rep.of Compressor @ Malate Mla.,103-PJ-DO01-15-0037
371,1102,Meralco-SnJoaquin Cvil Works for SubsFac,103-PJ-DO01-15-0038
372,1102,Meralco-Skylight Roofing @ New Paranaque,103-PJ-DO01-15-0039
373,1102,Meralco-Const. of Canal @ New Parañaque,103-PJ-DO01-15-0040
374,1102,Condo Unit Fit-out Works-Panay Ave. QC,103-PJ-DO01-15-0041
375,1102,"Meralco,Ortigas-Sup.,Inst.&Comm. Aircon",103-PJ-DO01-15-0042
376,1102,SMART-ACU Installation @ Las Piñas Site,103-PJ-DO01-15-0043
377,1102,Meralco Ortigas-Const./Expnsion New Bldg,103-PJ-DO01-15-0044
378,1102,Bayad Center-Preventive&Maint. of Aircon,103-PJ-DO01-15-0045
379,1102,DesignCost-Santolan AdminBldg LRTA L1&L2,103-PJ-DO01-15-0046
380,1102,Renovation of CEDC BSC Building office,103-PJ-DO01-15-0047
381,1102,Sup&Inst.SubmersibleMotor&Rep.PanelCntrl,103-PJ-DO01-15-0048
382,1102,Balintawak Sector Encoding Services,103-PJ-DO01-15-0049
383,1102,MPower-Sup.of OfficeFurniture&Equipment,103-PJ-DO01-15-0050
384,1102,Meralco PMO Administrative Support,103-PJ-DO01-15-0051
385,1102,Meralco-Renovation of CR @ Rosario BC,103-PJ-DO01-15-0052
386,1102,Meralco-Rep.Fire Detection & Alarm Panel,103-PJ-DO01-15-0053
387,1102,CEDC-Service Vehicle w/ Driver,103-PJ-DO01-15-0054
388,1102,Miescor GF - HR S&I ACU's,103-PJ-DO01-15-0055
389,1102,PLDT Nasugbu BCLS - S&I of 10TR ACU's,103-PJ-DO01-15-0056
390,1102,Rep.Rehab.Renov.BldgFac.Caloocan Aux.BC,103-PJ-DO01-15-0057
391,1102,Sup&Inst Graphicote Glass @ Smart Tower,103-PJ-DO01-15-0058
392,1102,LRMC-Office Renovation,103-PJ-DO01-15-0059
393,1102,LRMC-Demarcation Works @ depot LRT1,103-PJ-DO01-15-0060
394,1102,Renov. 9th flr.conference Rm.Lopez Bldg.,103-PJ-DO01-15-0061
395,1102,SKYCABLE CORP. Design cost,103-PJ-DO01-15-0062
396,1102,Miescor-Sup&Inst.ACU 4thflr Finance Dept,103-PJ-DO01-15-0063
397,1102,"Supply,Inst.&Comm. ACU at Calamba BC",103-PJ-DO01-15-0064
398,1102,"Supply,Inst.&Comm. ACU at Dasmariñas BC",103-PJ-DO01-15-0065
399,1102,"Supply,Inst.&Comm. ACU at Bacoor BC",103-PJ-DO01-15-0066
400,1102,Edsa Shangri-La- Stainless Trench Drain,103-PJ-DO01-15-0067
401,1102,Edsa Shangri-La StainlessTrnch Pots&Pans,103-PJ-DO01-15-0068
402,1102,Meralco-Hauling,103-PJ-DO01-15-0069
403,1102,SMART-Nationwide Installation of ACU,103-PJ-DO01-15-0070
404,1102,"Repair,Rehab,&Repaintingof STAK@Plaridel",103-PJ-DO01-15-0071
405,1102,Rehab of Centralized ACU @ Valenzuela BC,103-PJ-DO01-15-0072
406,1102,Sup.Inst.&Comm. 3TR ACU@ Valenzuela BC,103-PJ-DO01-15-0073
407,1102,LRMC- Service Driver,103-PJ-DO01-15-0074
408,1102,"Sup,Inst.&Comm.ACU at Balintawak Sector",103-PJ-DO01-15-0075
409,1102,Rehab of Sariaya Repeater Comm.Tower,103-PJ-DO01-15-0076
410,1102,Rehab of Bagbaguin substation Comm.Tower,103-PJ-DO01-15-0077
411,1102,Rehab&Retrofitting Bitungol Comm.Tower,103-PJ-DO01-15-0078
412,1102,MPOWER-Additional OFE Requirements,103-PJ-DO01-15-0079
413,1102,LRMC-Utility Personnel for 5 Personnel,103-PJ-DO01-15-0080
414,1102,PLDT-Elevated Fuel Storage Tank,103-PJ-DO01-15-0081
415,1102,"MOC-Sup,Inst.&Comm. 40units 3TR ACU",103-PJ-DO01-15-0082
416,1102,Meralco-Rehab.Works at Marikina subs.,103-PJ-DO01-15-0083
417,1102,"Meralco-Rehab,Renov Bldg Fac. at Kamias",103-PJ-DO01-15-0084
418,1102,Upgrade Emergency Power Supply @ TSB,103-PJ-DO01-15-0085
419,1102,"Meralco-Rep,Rehab & Renov at mandaluyong",103-PJ-DO01-15-0086
420,1102,PLDT-Sup&Inst.ACU @ Ocean Park,103-PJ-DO01-15-0087
421,1102,Meralco-Rehabilitation Works @TMC2 Subs,103-PJ-DO01-15-0088
422,1102,Meralco-Rehab Works @ Pamplona Subst.,103-PJ-DO01-15-0089
423,1102,Meralco-Water&Rustproofing @ Sn Pedro BC,103-PJ-DO01-15-0090
424,1102,PLDT-Rep. of Sump Pump @ Camarin,103-PJ-DO01-15-0091
425,1102,LRMC-Add'nl Utilities Demarcation Works,103-PJ-DO01-15-0092
426,1102,Edsa Shangri-La ST Drain @ Paparazi,103-PJ-DO01-15-0093
427,1102,MERALCO - Rehab of Novaliches BC,103-PJ-DO01-15-0094
428,1102,MERALCO - Cons of Lineman's Fac Pagbilao,103-PJ-DO01-15-0095
429,1102,MERALCO - Con of Line Mats Yard Pagbilao,103-PJ-DO01-15-0096
430,1102,MERALCO - Modernization of TSO,103-PJ-DO01-15-0097
431,1102,Meralco-Ins of Fire Suppression Plaridel,103-PJ-DO01-15-0098
432,1102,Megaworld Corp-Prev.Maint.ACU @ Makati,103-PJ-DO01-15-0099
433,1102,LRMC-Sup&Inst. Window Blinds @ LRT1,103-PJ-DO01-15-0100
434,1102,SMART-ACP Pque Repair at Parañaque,103-PJ-DO01-15-0101
435,1102,Smart E-Money-Civil/Elect @ 9F Cybergate,103-PJ-DO01-15-0102
436,1102,Meralco-Retiling Works @ Bacoor BC,103-PJ-DO01-15-0103
437,1102,SMART-Exec.Office@Voyager Civil Works,103-PJ-DO01-15-0104
438,1102,LRMC- Contract for the LRT1 Depot Clinic,103-PJ-DO01-15-0105
439,1102,Meralco-Sup&Inst Fire Pump@Dasma Sector,103-PJ-DO01-15-0106
440,1102,SKY Cable- Electrical Upgrade New Sucat,103-PJ-DO01-15-0107
441,1102,SKY Cable-Electrical Upgrade Alabang Hub,103-PJ-DO01-15-0108
442,1102,MERALCO - Cons Cistern Tank @ Sta Rosa,103-PJ-DO01-15-0109
443,1102,LRMC-OCC Office Improvements,103-PJ-DO01-15-0110
444,1102,SMART-Technolab Automation Civil&Elect.,103-PJ-DO01-15-0111
445,1102,Meralco- Rehab of CR @ Plaridel Sector,103-PJ-DO01-15-0112
446,1102,Meralco-MCC Const.@New BAcoor City Hall,103-PJ-DO01-15-0113
447,1102,"CEDC-Satellite Office at BSC, Meralco",103-PJ-DO01-15-0114
448,1102,Meralco- Rehab Works at Tagaytay Subs.,103-PJ-DO01-15-0115
449,1102,Meralco- Supply Pump Motor @ Balintawak,103-PJ-DO01-15-0116
450,1102,Meralco-Sup&Inst. Roofing @ LTC Antipolo,103-PJ-DO01-15-0117
451,1102,Meralco-Renov.Staff House @ San Pedro BC,103-PJ-DO01-15-0118
452,1102,Meralco-Rehabilitation Works @ Malate BC,103-PJ-DO01-15-0119
453,1102,Meralco-S&I Toilet Doors&Partition@Lopez,103-PJ-DO01-15-0120
454,1102,Meralco-Sup&Inst ACU at Kamuning BC,103-PJ-DO01-15-0121
455,1102,Meralco-Sup&Inst ACU @Pasig Sect.BC,103-PJ-DO01-15-0122
456,1102,Meralco-Sup&Inst. ACU at STS Building,103-PJ-DO01-15-0123
457,1102,Meralco-Sup&Inst. ACU at Angono BC,103-PJ-DO01-15-0124
458,1102,Meralco-Sup&Inst ACU at Tutuban BC,103-PJ-DO01-15-0125
459,1102,Meralco-Kiosk Paseo de Sta Rosa Laguna,103-PJ-DO01-15-0126
460,1102,Meralco-Rehabilitation Works @Malolos BC,103-PJ-DO01-15-0127
461,1102,"MBI - 1.5HP Window Type Aircon ""Carrier""",103-PJ-DO01-15-0128
462,1102,"Meralco- Sup,Inst&Comm ACUs @ Malolos BC",103-PJ-DO01-15-0129
463,1102,"Meralco-Sup,Inst&Comm ACU@Plaridel Sect.",103-PJ-DO01-15-0130
464,1102,Meralco-3TR ACU @ Market Market KIOSK,103-PJ-DO01-15-0131
465,1102,Meralco-Rep&Maint Portable Generator@BSC,103-PJ-DO01-15-0132
466,1102,SKYCABLE-Elect.Work@Central CATV Inc,103-PJ-DO01-15-0133
467,1102,Meralco-Const.of LTC Modernization @ MOC,103-PJ-DO01-15-0134
468,1102,Manila Water-Sup&Inst 2hp Carrier,103-PJ-DO01-15-0135
469,1102,Meralco-Additional Const. of LTC @ MOC,103-PJ-DO01-15-0136
470,1102,"Meralco-Rep,Rehab all CR @ Sta. Cruz ABC",103-PJ-DO01-15-0137
471,1102,Meralco-Rehabilitation Works Batangas BC,103-PJ-DO01-15-0138
472,1102,Meralco-Helipad Safety Area @ Ortigas,103-PJ-DO01-15-0139
473,1102,Meralco-S&I Security Building at MOC,103-PJ-DO01-15-0140
474,1102,SMART - Appslab Room Enhancement,103-PJ-DO01-15-0141
475,1102,Meralco - Office Admin Services,103-PJ-DO01-15-0142
476,1102,One Serendra-Rep.of Cobblestone Walkway,103-PJ-DO01-15-0143
477,1102,MLI-Admin Support services @Dasma Sector,103-PJ-DO01-16-0001
478,1102,MLI-Admin Support Serv.@Sta.Rosa Sector,103-PJ-DO01-16-0002
479,1102,Meralco-Admin Services@Stock Mngt.Office,103-PJ-DO01-16-0003
480,1102,Manila Water-Mechanical Works,103-PJ-DO01-16-0004
481,1102,Transport Serv.w/driver for Atimonan,103-PJ-DO01-16-0005
482,1102,"Radius-S&I Cubicles/Elect.@12F,Rockwell",103-PJ-DO01-16-0006
483,1102,VOYAGER-Fintech Reconfiguration Rm@SMART,103-PJ-DO01-16-0007
484,1102,Parañaque Sector-AdminSupport for SDS,103-PJ-DO01-16-0008
485,1102,PLDT-Relocation of PACU @ BCLS Rectifier,103-PJ-DO01-16-0009
486,1102,Transport Serv.w/driver RedondoPeninsula,103-PJ-DO01-16-0010
487,1102,Powergen-1 Service Driver,103-PJ-DO01-16-0011
488,1102,VOYAGER-Electrical Works in Anson Bldg,103-PJ-DO01-16-0012
489,1102,SMART-Demolition&Const.Tempo@Shangrila,103-PJ-DO01-16-0013
490,1102,ICTSI Office Refurbishment Level1 Phase1,103-PJ-DO01-16-0014
491,1102,Meralco-Janitorial Services@Antipolo LTC,103-PJ-DO01-16-0015
492,1102,AMAIA-Sup&Inst.of MEPFS at Cistern,103-PJ-DO01-16-0016
493,1102,PLDT-Sup&Inst 12000L Fuel Storage@BCLS,103-PJ-DO01-16-0017
494,1102,Meralco-Rep&Maint KitchenHoodFSS@ortigas,103-PJ-DO01-16-0018
495,1102,Sun Cellular-Const.ofTempo Space-ROB Mla,103-PJ-DO01-16-0019
496,1102,Manila Water- Contrctd Warehousng Servs.,103-PJ-DO01-16-0020
497,1102,Meralco-Perimeter fence @ LTC Antipolo,103-PJ-DO01-16-0021
498,1102,Meralco-Grandstand@Global LTC Antipolo,103-PJ-DO01-16-0022
499,1102,Avida-Repainting walls&ceilings@New Mla.,103-PJ-DO01-16-0023
500,1102,Meralco-Rep.ceiling&wall sound@Ortigas,103-PJ-DO01-16-0024
501,1102,AVIDA-Builder Work@Avida Settings Lipa,103-PJ-DO01-16-0025
502,1102,MSERVE-Sup&Inst Biometrc Glass Pnel Door,103-PJ-DO01-16-0026
503,1102,Manila Water- Sup&Inst 1hp @Corp.Office,103-PJ-DO01-16-0027
504,1102,Radius-Cabinets&Civil Works@12F Rockwell,103-PJ-DO01-16-0028
505,1102,Meralco - Control House @ Meycauayan Sub,103-PJ-DO01-16-0029
506,1102,Meralco - Diliman Subs Control House,103-PJ-DO01-16-0030
507,1102,Meralco - Control House @ Malibay Subs,103-PJ-DO01-16-0031
508,1102,Meralco-Rep.Old/Def.Fire Alrm@Powerhouse,103-PJ-DO01-16-0032
509,1102,MERALCO-Rehab ctrl house@Sta.MariaSubs,103-PJ-DO01-16-0033
510,1102,Meralco-S&I vrt garden plnts LTC ortigas,103-PJ-DO01-16-0034
511,1102,MSPECTRUM-Shrinkpack Solar PV System,103-PJ-DO01-16-0035
512,1102,Meralco-R&M Submersible Pump @Pala-Pala,103-PJ-DO01-16-0036
513,1102,Meralco-Const.of Situation Rm @ SCC,103-PJ-DO01-16-0037
514,1102,ATI- Re-piping of Sewer Line @ PTB II 2n,103-PJ-DO01-16-0038
515,1102,AVIDA- ATCN T1 (BUILDERS WORK),103-PJ-DO01-16-0039
516,1102,PLDT Binangonan- Repainting Works,103-PJ-DO01-16-0040
517,1102,Miescor-S&I 2TR ceiling Cssette type ACU,103-PJ-DO01-16-0041
518,1102,MERALCO- S&I of Glass Writing Board,103-PJ-DO01-16-0042
519,1102,Manila Water- Sup.&Inst. of ACU,103-PJ-DO01-16-0043
520,1102,RADIUS- Table&Chairs @ BSC Office,103-PJ-DO01-16-0044
521,1102,MLI-Janitorial Services Atimonan/Ortigas,103-PJ-DO01-16-0045
522,1102,Mesala-Manpower Services,103-PJ-DO01-16-0046
523,1102,Meralco- Repl. of Dilapitated AHU @Lopez,103-PJ-DO01-16-0047
524,1102,Meralco-Civil Works Reqs/Rehab Imus subs,103-PJ-DO01-16-0048
525,1102,PLDT-Rep.of Sub.Pump @ Garnet STP,103-PJ-DO01-16-0049
526,1102,Miescor-Rep&Inst'n 2TR ACU@5F ICT Dept.,103-PJ-DO01-16-0050
527,1102,Miescor-S&I ACU@5F Legal Dept,103-PJ-DO01-16-0051
528,1102,JLL-Compressor Repllacement 5TR@Makati,103-PJ-DO01-16-0052
529,1102,Meralco-Renov of Radio Room @ Dasma,103-PJ-DO01-16-0053
530,1102,Meralco-Rehabilitation Abubot Repeater,103-PJ-DO01-16-0054
531,1102,Other Client-Transport Services,103-PJ-DO01-16-0055
532,1102,Meralco-Renov of Radio Room @ Pasig,103-PJ-DO01-16-0056
533,1102,Meralco-Renov of Radio Room @ Valenzuela,103-PJ-DO01-16-0057
534,1102,Meralco-Sup&Install of Container Van,103-PJ-DO01-16-0058
535,1102,ATI-Rehab of Warehouse 1 Roofing,103-PJ-DO01-16-0059
536,1102,Meralco- Renov of 2/F Conf. Alabang BC,103-PJ-DO01-16-0060
537,1102,Meralco-S&I of Inverter ACU @ Valenzuela,103-PJ-DO01-16-0061
538,1102,San Joaquin STL Encoding Services,103-PJ-DO01-16-0062
539,1102,Meralco- Various Ratings of ACU @ Rizal,103-PJ-DO01-16-0063
540,1102,Vehicle Lease- Other Services,103-PJ-DO01-16-0064
541,1102,Meralco- Project Brown Support Services,103-PJ-DO01-16-0065
542,1102,Meralco- Encoder @Network Asset Planning,103-PJ-DO01-16-0066
543,1102,Meralco- Admin Support Services @ SBDO,103-PJ-DO01-16-0067
544,1102,Megaworld- Replacement of 55pcs ACU DP,103-PJ-DO01-16-0068
545,1102,Meralco- Ventilation & Heater @ Pasig,103-PJ-DO01-16-0069
546,1102,SCG- Outsourced Maintenance Services,103-PJ-DO01-16-0070
547,1102,SCG-Outsourced Maintenance Services(10D),103-PJ-DO01-16-0071
548,1102,Supply & Installation of ACU@Kamuning BC,103-PJ-DO01-16-0072
549,1102,Replacement of Windows of 2nd to 5th,103-PJ-DO01-16-0073
550,1102,MERALCO-Flooring&Repainting@Manila Sec.,103-PJ-DO01-16-0074
551,1102,MERALCO-Refurbishment of Pque BC,103-PJ-DO01-16-0075
552,1102,Meralco-Sup&Install of ACU @ Plaridel,103-PJ-DO01-16-0076
553,1102,Repair-Alignment of Steel Gate@Tutuban,103-PJ-DO01-16-0077
554,1102,Meralco-Renov. Old Balintawak Admin,103-PJ-DO01-16-0078
555,1102,One Meralco-Renov.PLM Annex Bldg.,103-PJ-DO01-16-0079
556,1102,MERALCO-Construction of Secondary Bridge,103-PJ-DO01-16-0080
557,1102,MSPECTRUM-Arcadia Manpower,103-PJ-DO01-16-0081
558,1102,Meralco-Refurbishment of Generator Sets,103-PJ-DO01-16-0082
559,1102,MERALCO-LTC Renovation - Phase 3,103-PJ-DO01-16-0083
560,1102,MERALCO-Renovation of LTC - Phase 3B,103-PJ-DO01-16-0084
561,1102,Construction of Cistern Tank @ Rizal,103-PJ-DO01-16-0085
562,1102,Meralco-Manila Stores,103-PJ-DO01-17-0001
563,1102,Meralco-Rizal stores,103-PJ-DO01-17-0002
564,1102,Meralco-San Joaquin stores,103-PJ-DO01-17-0003
565,1102,Meralco-Ortigas stores,103-PJ-DO01-17-0004
566,1102,Meralco-Kamias stores,103-PJ-DO01-17-0005
567,1102,Manila Water Warehouse,103-PJ-DO01-17-0006
568,1102,Meralco-Parañaque stores,103-PJ-DO01-17-0007
569,1102,Meralco-Cavite stores,103-PJ-DO01-17-0008
570,1102,Meralco-San pablo stores,103-PJ-DO01-17-0009
571,1102,Meralco-Sta rosa stores,103-PJ-DO01-17-0010
572,1102,Meralco-Batangas stores,103-PJ-DO01-17-0011
573,1102,Meralco-Lucena stores,103-PJ-DO01-17-0012
574,1102,Meralco-Materials Processing Mgmt,103-PJ-DO01-17-0013
575,1102,Miescor Trading,103-PJ-DO01-17-0014
576,1102,Meralco-Hauling,103-PJ-DO01-17-0015
577,1102,MERALCO PLARIDEL FACILITIES,103-PJ-DO01-17-0016
578,1102,MERALCO VALENZUELA FACILITIES,103-PJ-DO01-17-0017
579,1102,MERALCO BALINTAWAK FACILITIES,103-PJ-DO01-17-0018
580,1102,NLEX VENTILATION & AIRCONDITION SERVICES,103-PJ-DO01-17-0019
581,1102,MERALCO SAN JOAQUIN FACILITIES,103-PJ-DO01-17-0020
582,1102,MERALCO RIZAL FACILITIES,103-PJ-DO01-17-0021
583,1102,MERALCO MANILA FACILITIES,103-PJ-DO01-17-0022
584,1102,MERALCO AREA  1 & 3 MAINTENANCE SERVICES,103-PJ-DO01-17-0023
585,1102,MERALCO TSB AREA 2 MAINTENANCE SERVICES,103-PJ-DO01-17-0024
586,1102,MERALCO REPAIR & MAINT AT B&G & BSC BLDG,103-PJ-DO01-17-0025
587,1102,MERALCO THEATER OPERATION  & MAINTENANCE,103-PJ-DO01-17-0026
588,1102,MERALCO YARD & CONTROL HOUSE MAINTENANCE,103-PJ-DO01-17-0027
589,1102,MERALCO SHALLOW WELLS W/ PUMP MAINTENANC,103-PJ-DO01-17-0028
590,1102,MERALCO SUBSTATION AIRCON MAINTENANCE,103-PJ-DO01-17-0029
591,1102,BAYAD CENTER ACU PMS,103-PJ-DO01-17-0030
592,1102,MWCI ACU PMS PROJECT,103-PJ-DO01-17-0031
593,1102,MERALCO DASMA FACILITIES,103-PJ-DO01-17-0032
594,1102,MERALCO PARAñAQUE FACILITIES,103-PJ-DO01-17-0033
595,1102,MERALCO STA. ROSA FACILITIES,103-PJ-DO01-17-0034
596,1102,MERALCO SAN PABLO FACILITIES,103-PJ-DO01-17-0035
597,1102,Meralco- Manila Central Fleet,103-PJ-DO01-17-0036
598,1102,Meralco- Rizal Fleet,103-PJ-DO01-17-0037
599,1102,Meralco- San Joaquin Fleet,103-PJ-DO01-17-0038
600,1102,Meralco- Ortigas Fleet,103-PJ-DO01-17-0039
601,1102,Meralco- Plaridel Fleet,103-PJ-DO01-17-0040
602,1102,Meralco- Valenzuela Fleet,103-PJ-DO01-17-0041
603,1102,Meralco- Balintawak Fleet,103-PJ-DO01-17-0042
604,1102,Meralco- Sta. Rosa Fleet,103-PJ-DO01-17-0043
605,1102,Meralco- San Pablo Fleet,103-PJ-DO01-17-0044
606,1102,Meralco- Dasmarinas Fleet,103-PJ-DO01-17-0045
607,1102,Meralco- Alabang Fleet,103-PJ-DO01-17-0046
608,1102,Meralco- Manila Central TWE,103-PJ-DO01-17-0047
609,1102,Meralco- Rizal TWE,103-PJ-DO01-17-0048
610,1102,Meralco- San Joaquin TWE,103-PJ-DO01-17-0049
611,1102,Meralco- Plaridel TWE,103-PJ-DO01-17-0050
612,1102,Meralco- Valenzuela TWE,103-PJ-DO01-17-0051
613,1102,Meralco- Balintawak TWE,103-PJ-DO01-17-0052
614,1102,Meralco- Sta. Rosa TWE,103-PJ-DO01-17-0053
615,1102,Meralco- San Pablo TWE,103-PJ-DO01-17-0054
616,1102,Meralco- Dasmarinas TWE,103-PJ-DO01-17-0055
617,1102,Meralco- Alabang TWE,103-PJ-DO01-17-0056
618,1102,MLI-ADMIN SUPPORT SERV.@STA.ROSA SECTOR,103-PJ-DO01-17-0057
619,1102,STA. ROSA SECTOR JANITORIAL SERVICES SDS,103-PJ-DO01-17-0058
620,1102,MERALCO STA ROSA JANITORIAL SERV,103-PJ-DO01-17-0059
621,1102,CALAMBA BC- ENCODING SERVICES FOR HMB,103-PJ-DO01-17-0060
622,1102,SAN PEDRO BC- ENCODING SERVICES FOR HMB,103-PJ-DO01-17-0061
623,1102,ALABANG BC-ENCODING SERVICES FOR HMB,103-PJ-DO01-17-0062
624,1102,MERALCO ENCODING SERVICES-SAN PABLO,103-PJ-DO01-17-0063
625,1102,SAN PABLO SECTOR--JANITORIAL SERVICES,103-PJ-DO01-17-0064
626,1102,MERALCO SAN PABLO JANITORIAL SERV,103-PJ-DO01-17-0065
627,1102,SN.PABLO/STA.CRUZ AUX.-ENCODING SERV.HMB,103-PJ-DO01-17-0066
628,1102,MLI-ADMIN SUPPORT SERVICES @DASMA SECTOR,103-PJ-DO01-17-0067
629,1102,DASMARINAS SECTOR-JANITORIAL SERVICES,103-PJ-DO01-17-0068
630,1102,MERALCO DASMARINAS JANITORIAL SERV,103-PJ-DO01-17-0069
631,1102,MLI-ADMIN SUPPORT SERV.@PARAÑAQUE SETOR,103-PJ-DO01-17-0070
632,1102,ALABANG SECTOR JANITORIAL SERVICES,103-PJ-DO01-17-0071
633,1102,MERALCO PLARIDEL ENODING SERV,103-PJ-DO01-17-0072
634,1102,MERALCO PLARIDELM JANT'L & GROUND MAINT,103-PJ-DO01-17-0073
635,1102,MERALCO BALIUAG JANITORIAL SERV,103-PJ-DO01-17-0074
636,1102,PLARIDEL METERING SERVICES,103-PJ-DO01-17-0075
637,1102,MERALCO VALENZUELA ENCODING SERV,103-PJ-DO01-17-0076
638,1102,MERALCO VALENZUELA JANITORIAL SERV,103-PJ-DO01-17-0077
639,1102,MERALCO MALABON JANITORIAL SERV,103-PJ-DO01-17-0078
640,1102,MERALCO VALENZUELA METERING SERV,103-PJ-DO01-17-0079
641,1102,BALINTAWAK SECTOR ENCODING SERVICES,103-PJ-DO01-17-0080
642,1102,MERALCO BALINTAWAK JANITORIAL SERV,103-PJ-DO01-17-0081
643,1102,MECO JANITORIAL SERV BALINTAWAK SECT,103-PJ-DO01-17-0082
644,1102,MERALCO BALINTAWAK METERING,103-PJ-DO01-17-0083
645,1102,MANILA CLERICAL SERVICES PROJECT,103-PJ-DO01-17-0084
646,1102,MANILA SECTOR JANITORIAL SERVICES,103-PJ-DO01-17-0085
647,1102,MECOJANITORIAL SERV MANILA SECTOR,103-PJ-DO01-17-0086
648,1102,MERALCO MANILA METERING SERVICES,103-PJ-DO01-17-0087
649,1102,MERALCO SAN JOAQUIN ENCODING SERV,103-PJ-DO01-17-0088
650,1102,SAN JOAQUIN SECTOR JANITORIAL SERVICES,103-PJ-DO01-17-0089
651,1102,MECO JANITORIAL SERVICES SAN JOAQUIN SEC,103-PJ-DO01-17-0090
652,1102,MERALCO SAN JOAQUIN METERING SERV,103-PJ-DO01-17-0091
653,1102,MERALCO CENTRAL BUSS AREA ENCODING SER,103-PJ-DO01-17-0092
654,1102,RIZAL CLERICAL SERVICES PROJECT,103-PJ-DO01-17-0093
655,1102,RIZAL SECTOR JANITORIAL SERVICES,103-PJ-DO01-17-0094
656,1102,MERALCO JANITORIAL SERVICES RIZAL SECTOR,103-PJ-DO01-17-0095
657,1102,MERALCO RIZAL METERING SERVICES,103-PJ-DO01-17-0096
658,1102,MERALCO CORPORATE METER,103-PJ-DO01-17-0097
659,1102,MERALCO METER REPAIR,103-PJ-DO01-17-0098
660,1102,RADIUS TELECOM LINEMAN SERVICES,103-PJ-DO01-17-0099
661,1102,MERALCO FITNESS CENTER MAINT,103-PJ-DO01-17-0100
662,1102,MERALCO TRAINING FACILITIES ADMIN SERV,103-PJ-DO01-17-0101
663,1102,MERALCO MGT OF OPERATION & MAINT STRIP,103-PJ-DO01-17-0102
664,1102,RADIUS CLERICAL & ENCODING SERVICES,103-PJ-DO01-17-0103
665,1102,MIESCOR CLERICAL AND MESSENGERIAL,103-PJ-DO01-17-0104
666,1102,MERALCO TAX & TARIFF TECH & CLERICAL,103-PJ-DO01-17-0105
667,1102,MERALCO LEGAL-CLERICAL SERVICES,103-PJ-DO01-17-0106
668,1102,MERALCO CASH ACCTG CLERICAL SERV,103-PJ-DO01-17-0107
669,1102,MERALCO ENCODING SERVICES-CRMO,103-PJ-DO01-17-0108
670,1102,MERALCO CLERICAL SERV-PROPERTY ACCTNG,103-PJ-DO01-17-0109
671,1102,MERALCO MEDDS ENCODING SERV,103-PJ-DO01-17-0110
672,1102,RADIUS TELECOM TELEMARKETING SERV,103-PJ-DO01-17-0111
673,1102,MECO FINANCIAL BUDGETING ENCODING SERV,103-PJ-DO01-17-0112
674,1102,MECO LEARNING & DEV'T CLERICAL/ENCODING,103-PJ-DO01-17-0113
675,1102,MERALCO INVESTMENT & DEBT MANAGEMENT,103-PJ-DO01-17-0114
676,1102,MERALCO INFO. & LOGISTICS SYSTEM,103-PJ-DO01-17-0115
677,1102,MERALCO PROJECT BROWN ENCODING SERVICES,103-PJ-DO01-17-0116
678,1102,MERALCO - OFFICE ADMIN SERVICES,103-PJ-DO01-17-0117
679,1102,MERALCO PMO ADMINISTRATIVE SUPPORT,103-PJ-DO01-17-0118
680,1102,MERALCO-ADMIN SERVICES@STOCK MNGT.OFFICE,103-PJ-DO01-17-0119
681,1102,MESALA-MANPOWER SERVICES,103-PJ-DO01-17-0120
682,1102,MIESCOR JANITORIAL SERVICES,103-PJ-DO01-17-0121
683,1102,MERALCO EXEC OFFC & BSC JANITORIAL SERV,103-PJ-DO01-17-0122
684,1102,MERALCO JANITORIAL-AREA2,103-PJ-DO01-17-0123
685,1102,RADIUS JANITORIAL SERVICES,103-PJ-DO01-17-0124
686,1102,MERALCO POWERGEN MESSENGERIAL,103-PJ-DO01-17-0125
687,1102,MERALCO POWERGEN JANITORIAL SERV,103-PJ-DO01-17-0126
688,1102,REDONDO PENINSULA JANITORIAL SERV,103-PJ-DO01-17-0127
689,1102,RADIUS MESSENGERIAL SERVICES,103-PJ-DO01-17-0128
690,1102,MIESCOR MESSENGERIAL SERVICES,103-PJ-DO01-17-0129
691,1102,REDONDO MESSENGERIALSERVICES,103-PJ-DO01-17-0130
692,1102,MERALCO  LOPEZ BLDG JANITORIAL SERVICES,103-PJ-DO01-17-0131
693,1102,MERALCO TSB JANITORIAL SERVICES,103-PJ-DO01-17-0132
694,1102,MESSENGERIAL SVCS FOR RES AT BSC,103-PJ-DO01-17-0133
695,1102,MERALCO-JANITORIAL SERVICES@ANTIPOLO LTC,103-PJ-DO01-17-0134
696,1102,MLI-JANITORIAL SERVICES ATIMONAN AND ORT,103-PJ-DO01-17-0135
697,1102,MTESI- Repair & Assemble of GENSET,103-PJ-DO01-17-0136
698,1102,Meralco- Dev't of Pagbilao Forward Post,103-PJ-DO01-17-0137
699,1102,MERALCO MAINT OF ACU AT MEP CAVITE,103-PJ-DO01-17-0138
700,1102,Meralco-Sup&Inst. 7.5TR ACU@Pasig BC,103-PJ-DO01-17-0139
701,1102,Meralco Ground Maint & Elevator Operator,103-PJ-DO01-17-0140
702,1102,CENTRAL INSPECTION PROJECT,103-PJ-DO01-17-0141
703,1102,MIESCOR FEMD ADMIN SERVICES,103-PJ-DO01-17-0142
704,1102,THE HSIN STOCKYARD SERVICES,103-PJ-DO01-17-0143
705,1102,MERALCO DESIGN ENCODING SERV,103-PJ-DO01-17-0144
706,1102,Utility Personnel for LRMC,103-PJ-DO01-17-0145
707,1102,Meralco Car Leasing,103-PJ-DO01-17-0146
708,1102,Miescor Car Rental,103-PJ-DO01-17-0147
709,1102,MBI Car Rental,103-PJ-DO01-17-0148
710,1102,Republic Surety Car Rental,103-PJ-DO01-17-0149
711,1102,Radius Car Rental,103-PJ-DO01-17-0150
712,1102,Meralco Energy Car Rental,103-PJ-DO01-17-0151
713,1102,Powergen Car Rental,103-PJ-DO01-17-0152
714,1102,Powergen Service Drivers,103-PJ-DO01-17-0153
715,1102,Powergen - Atimonan Transport Services,103-PJ-DO01-17-0154
716,1102,Powergen - Redondo Transport Services,103-PJ-DO01-17-0155
717,1102,CEDC Service Driver,103-PJ-DO01-17-0156
718,1102,MWCI Desludging Truck Drivers,103-PJ-DO01-17-0157
719,1102,Motor Pool,103-PJ-DO01-17-0158
720,1102,Motor Pool Katipunan,103-PJ-DO01-17-0159
721,1102,LRMC-Utility Personnel for 5 Personnel,103-PJ-DO01-17-0160
722,1102,Philippine Economic Zone Authority(PEZA),103-PJ-DO01-17-0161
723,1102,San Joaquin Sub-Transmission Lines (STL),103-PJ-DO01-17-0162
724,1102,MIESCOR - Powertech Project,103-PJ-DO01-17-0163
725,1102,MIESCOR - S&I ACU @ HO 5F CBD & EO,103-PJ-DO01-17-0164
726,1102,Meralco-Rep of Electro-Mech@Plaridel Sec,103-PJ-DO01-17-0165
727,1102,"MWCI-ACU(Siruna,Pasig,San Juan,Makati)",103-PJ-DO01-17-0166
728,1102,TOWNSQUARE-S&I 35units ACU@ BSP 4F&5F,103-PJ-DO01-17-0167
729,1102,Meralco-Cor&Prev Maint IG 100 FSS@lopez,103-PJ-DO01-17-0168
730,1102,"PLDT-Waste Mat'l @angono,Morong,&Tanay",103-PJ-DO01-17-0169
731,1102,MGen-Interior Fit-Out @ Rockwell BC,103-PJ-DO01-17-0170
732,1102,AVIDA-Supply&Intallation of ACU,103-PJ-DO01-17-0171
733,1102,Customer Frontline Solutions,103-PJ-DO01-17-0172
734,1102,RADIUS-Electrical Mtrls for 'Hotseat',103-PJ-DO01-17-0173
735,1102,MSPECTRUM-Labor 3 months @UP Los Baños,103-PJ-DO01-17-0174
736,1102,MSPECTRUM-Labor for 1&1/2 months @ Biñan,103-PJ-DO01-17-0175
737,1102,MWCI-Prev.Maint ACU @ East Zone Area,103-PJ-DO01-17-0176
738,1102,PLDT-ME&EE at 2F&3F DFON RM La Union CLS,103-PJ-DO01-17-0177
739,1102,PLDT-2x10TR PACU@2 1/2 Flr DFON Rm MGO,103-PJ-DO01-17-0178
740,1102,RADIUS-Rehab(Sales/Finance)@12F RBC,103-PJ-DO01-17-0179
741,1102,Various Clients-Supply & Install ACU,103-PJ-DO01-17-0180
742,1102,LRMC-Supply&Install Digital kwhr meter,103-PJ-DO01-17-0181
743,1102,ATI-In-Out Gate@Engg&Modified MMD Office,103-PJ-DO01-17-0182
744,1102,ATI-Maint.Gantry's@Reefer Area Block CEE,103-PJ-DO01-17-0183
745,1102,SCG WAREHOUSE,103-PJ-DO01-17-0184
746,1102,PLDT-EE upgrading Genset Rm @ Angono,103-PJ-DO01-17-0185
747,1102,PLDT-DieselFuelStorageTank@Various Sites,103-PJ-DO01-17-0186
748,1102,MIESCOR-S&I 1.5HP ACU@Engineering Dept.,103-PJ-DO01-17-0187
749,1102,RADIUS-Rehab Office P2@12F Rockwell BC,103-PJ-DO01-17-0188
750,1102,CEDC-Construction of Bldg Extension,103-PJ-DO01-17-0189
751,1102,MIESCOR- 20TR water cooled packaged unit,103-PJ-DO01-17-0190
752,1102,Meralco-S&I Glass Partition at EDDO,103-PJ-DO01-17-0191
753,1102,Meralco-ODC Radio Room at Plaridel Sect.,103-PJ-DO01-17-0192
754,1102,Meralco-ODC Radio Room at Manila Sect.,103-PJ-DO01-17-0193
755,1102,PSC-7 Eleven Foodstore STI Regalado,103-PJ-DO01-17-0194
756,1102,MIESCOR-Installation ACU at Magdugo Subs,103-PJ-DO01-17-0195
757,1102,MIESCOR-Installation ACU @ Bukidnon Subs,103-PJ-DO01-17-0196
758,1102,Meralco-Const.gate & fence at Pagbilao,103-PJ-DO01-17-0197
759,1102,SKYCABLE-Rewiring & Elect.@ Mandaluyong,103-PJ-DO01-17-0198
760,1102,Manila Water-Rep.t ACU@Cubao & N.Domingo,103-PJ-DO01-17-0199
761,1102,MIESCOR- PLDT Transport Rental,103-PJ-DO01-17-0200
762,1102,Sapphire Bloc-PMS of ACU Ortigas Pasig,103-PJ-DO01-17-0201
763,1102,MIESCOR-Installation ACU at Colon Cebu,103-PJ-DO01-17-0202
764,1102,ATI -Upgrade BCT High Mast Tower,103-PJ-DO01-17-0203
765,1102,ATI -Renovation CR @PTB Grnd Flr.PIER 15,103-PJ-DO01-17-0204
766,1102,Meralco-Repair/Rehab of Kamagong Subs,103-PJ-DO01-17-0205
767,1102,ATI -Repair RTG Turning Pads at CY-01,103-PJ-DO01-17-0206
768,1102,ATI-Repair Water Proofing at Head Office,103-PJ-DO01-17-0207
769,1102,Ayala Land--S&I Tiles Walkway 1 Serendra,103-PJ-DO01-17-0208
770,1102,Meralco-Water &/or Rustproofing @ 3 Subs,103-PJ-DO01-17-0209
771,1102,Meralco-Retrofit Banoy Repeater Tower,103-PJ-DO01-17-0210
772,1102,Meralco-Retrofit Lucena Repeater Tower,103-PJ-DO01-17-0211
773,1102,Meralco-Retrofit Sta Rosa Repeater Tower,103-PJ-DO01-17-0212
774,1102,Meralco-Rehab works @ batangas Subs.,103-PJ-DO01-17-0213
775,1102,MBI-Utility Services,103-PJ-DO01-17-0214
776,1102,Meralco-S&I /Rep Glass Wall @ Makati BC,103-PJ-DO01-17-0215
777,1102,ATI-BCT Server Room @ BCT Batangas,103-PJ-DO01-17-0216
778,1102,Meralco-Install Add'nl Capacitor@LISP,103-PJ-DO01-17-0217
779,1102,Meralco-Perimeter fence @Valenzuela Sect,103-PJ-DO01-17-0218
780,1102,BPI-PMS ACU for Various BPI & BFB Branch,103-PJ-DO01-17-0219
781,1102,Radius-Telecom Car Rental,103-PJ-DO01-17-0220
782,1102,Vantage Energy-Office Renovation,103-PJ-DO01-17-0221
783,1102,MLI Office Renovation at Katipunan,103-PJ-DO01-17-0222
784,1102,Bayad Center-Office Renovation@BSC Bldg,103-PJ-DO01-17-0223
785,1102,SMART-Carpark Widening@PITEL STA.ANA,103-PJ-DO01-17-0224
786,1102,Meralco-Renovation of CR at Kamuning BC,103-PJ-DO01-17-0225
787,1102,Meralco-Rehab of Various Fac @ FPIP Subs,103-PJ-DO01-17-0226
788,1102,Meralco-Construction @ Kamias Yard,103-PJ-DO01-17-0227
789,1102,Schneider-Masterpact M w/NW @ Miescor,103-PJ-DO01-17-0228
790,1102,ATI-Relocation of Genset at PIER 9,103-PJ-DO01-17-0229
791,1102,Meralco-Maintenance of ACU & Mechanical,103-PJ-DO01-17-0230
792,1102,Meralco-Rep.Entance Door @ Batangas BC,103-PJ-DO01-17-0231
793,1102,Maynilad-Bldg Repair & Maint. Services,103-PJ-DO01-17-0232
794,1102,Meralco-Refurbishment BC at Balagtas,103-PJ-DO01-17-0233
795,1102,Meralco-Manila Stores,103-PJ-DO01-18-0001
796,1102,Meralco-Rizal Stores,103-PJ-DO01-18-0002
797,1102,Meralco-San Joaquin stores,103-PJ-DO01-18-0003
798,1102,Meralco-Ortigas Stores,103-PJ-DO01-18-0004
799,1102,Meralco-Kamias Stores,103-PJ-DO01-18-0005
800,1102,Manila Water- Contracted Warehousing Ser,103-PJ-DO01-18-0006
801,1102,Meralco-Alabang Stores,103-PJ-DO01-18-0007
802,1102,Meralco-Cavite Stores,103-PJ-DO01-18-0008
803,1102,Meralco-San Pablo Stores,103-PJ-DO01-18-0009
804,1102,Meralco-Sta. Rosa Stores,103-PJ-DO01-18-0010
805,1102,Meralco-Batangas Stores,103-PJ-DO01-18-0011
806,1102,Meralco-Lucena stores,103-PJ-DO01-18-0012
807,1102,SCG-Warehouse 1 & 2 Material Handling Op,103-PJ-DO01-18-0013
808,1102,Miescor Trading,103-PJ-DO01-18-0014
809,1102,Meralco-Hauling,103-PJ-DO01-18-0015
810,1102,Meralco-Plaridel facilities,103-PJ-DO01-18-0016
811,1102,Meralco-Valenzuela facilities,103-PJ-DO01-18-0017
812,1102,Meralco-Balintawak facilities,103-PJ-DO01-18-0018
813,1102,Asian Terminal's Inc-One year Monthly Ma,103-PJ-DO01-18-0019
814,1102,Meralco-San Joaquin facilities,103-PJ-DO01-18-0020
815,1102,Meralco-Rizal facilities,103-PJ-DO01-18-0021
816,1102,Meralco-Manila facilities,103-PJ-DO01-18-0022
817,1102,Meralco-Area 1 & 3 Maintenance Services,103-PJ-DO01-18-0023
818,1102,Meralco-TSB Maintenance,103-PJ-DO01-18-0024
819,1102,Meralco-Theater Operations,103-PJ-DO01-18-0025
820,1102,Meralco-Dasmariñas facilities,103-PJ-DO01-18-0026
821,1102,Meralco-Alabang facilities,103-PJ-DO01-18-0027
822,1102,Meralco-Sta Rosa facilities,103-PJ-DO01-18-0028
823,1102,Meralco-San Pablo facilities,103-PJ-DO01-18-0029
824,1102,Meralco-Repair & Maint. B&G & BSC,103-PJ-DO01-18-0030
825,1102,Maynilad-Bldg Repair & Maint. Services,103-PJ-DO01-18-0031
826,1102,Robinsons-Tech Maint Services,103-PJ-DO01-18-0032
827,1102,Meralco- San Pablo Fleet,103-PJ-DO01-18-0033
828,1102,Meralco- Dasmarinas Fleet,103-PJ-DO01-18-0034
829,1102,Meralco- Alabang Fleet,103-PJ-DO01-18-0035
830,1102,Meralco- Manila Central Fleet,103-PJ-DO01-18-0036
831,1102,Meralco- Rizal Fleet,103-PJ-DO01-18-0037
832,1102,Meralco- San Joaquin Fleet,103-PJ-DO01-18-0038
833,1102,Meralco- Ortigas Fleet,103-PJ-DO01-18-0039
834,1102,Meralco- Plaridel Fleet,103-PJ-DO01-18-0040
835,1102,Meralco- Valenzuela Fleet,103-PJ-DO01-18-0041
836,1102,Meralco- Balintawak Fleet,103-PJ-DO01-18-0042
837,1102,Meralco- Sta. Rosa Fleet,103-PJ-DO01-18-0043
838,1102,Meralco- San Pablo TWE,103-PJ-DO01-18-0044
839,1102,Meralco- Dasmarinas TWE,103-PJ-DO01-18-0045
840,1102,Meralco- Alabang TWE,103-PJ-DO01-18-0046
841,1102,Meralco- Manila Central TWE,103-PJ-DO01-18-0047
842,1102,mMeralco- Rizal TWE,103-PJ-DO01-18-0048
843,1102,Meralco- San Joaquin TWE,103-PJ-DO01-18-0049
844,1102,Meralco- Plaridel TWE,103-PJ-DO01-18-0050
845,1102,Meralco- Valenzuela TWE,103-PJ-DO01-18-0051
846,1102,Meralco- Balintawak TWE,103-PJ-DO01-18-0052
847,1102,Meralco- Sta. Rosa TWE,103-PJ-DO01-18-0053
848,1102,Utility Personnel for LRMC,103-PJ-DO01-18-0054
849,1102,LRMC-Utility Personnel for 5 Personnel,103-PJ-DO01-18-0055
850,1102,Philippine Economic Zone Authority(PEZA),103-PJ-DO01-18-0056
851,1102,MLI-Admin Support Serv.@Sta.Rosa Sector,103-PJ-DO01-18-0057
852,1102,Sta. Rosa Sector Janitorial Services SDS,103-PJ-DO01-18-0058
853,1102,Meralco-Sta Rosa BC Janitorial Services,103-PJ-DO01-18-0059
854,1102,SCG-Roll Handling Services at warehouse,103-PJ-DO01-18-0060
855,1102,MVP-Yard Maintenance,103-PJ-DO01-18-0061
856,1102,none,103-PJ-DO01-18-0062
857,1102,Meralco-Encoding Services-San Pablo BC,103-PJ-DO01-18-0063
858,1102,Meralco-Janitorial Serv-San Pablo Sector,103-PJ-DO01-18-0064
859,1102,Meralco-San Pablo Janitorial Services,103-PJ-DO01-18-0065
860,1102,Meralco-Encoding Serv. South BCOS HMB,103-PJ-DO01-18-0066
861,1102,MLI-Admin Support services @Dasma Sector,103-PJ-DO01-18-0067
862,1102,Dasmarinas Sector-Janitorial services,103-PJ-DO01-18-0068
863,1102,Meralco-Dasmariñas Janitorial Services,103-PJ-DO01-18-0069
864,1102,MLI-Admin Support Serv.@Parañaque Setor,103-PJ-DO01-18-0070
865,1102,Alabang Sector Janitorial services,103-PJ-DO01-18-0071
866,1102,Meralco-Plaridel Encoding Services,103-PJ-DO01-18-0072
867,1102,Meralco-Plaridel Janitorial&Ground Maint,103-PJ-DO01-18-0073
868,1102,Meralco-Baliuag Janitorial Services,103-PJ-DO01-18-0074
869,1102,Plaridel Metering Services,103-PJ-DO01-18-0075
870,1102,Meralco-Encoding Serv Valenzuela Sect,103-PJ-DO01-18-0076
871,1102,Meralco-Janitorial Serv Valenzuela,103-PJ-DO01-18-0077
872,1102,Meralco-Janitorial Serv Malabon,103-PJ-DO01-18-0078
873,1102,Meralco-Metering Serv Valenzuela,103-PJ-DO01-18-0079
874,1102,Meralco-Balintawak Sector Encoding Serv,103-PJ-DO01-18-0080
875,1102,Meralco-Balintawak Janitorial Services,103-PJ-DO01-18-0081
876,1102,Meralco-Balintawak Sect Janitorial Serv,103-PJ-DO01-18-0082
877,1102,Meralco-Balintawak Metering,103-PJ-DO01-18-0083
878,1102,Meralco-Manila Clerical Services Project,103-PJ-DO01-18-0084
879,1102,Meralco-Manila BC Janitorial Services,103-PJ-DO01-18-0085
880,1102,Meralco-Manila Sector Janitorial Service,103-PJ-DO01-18-0086
881,1102,Meralco-Manila Metering Services,103-PJ-DO01-18-0087
882,1102,Meralco-San Joaquin Encoding Services,103-PJ-DO01-18-0088
883,1102,Meralco-San Joaquin BC Janitorial Serv,103-PJ-DO01-18-0089
884,1102,Meralco-San Joaquin Sect Janitorial Serv,103-PJ-DO01-18-0090
885,1102,Meralco-San Joaquin Metering Services,103-PJ-DO01-18-0091
886,1102,Meralco-Central Buss Area Encoding Serv,103-PJ-DO01-18-0092
887,1102,Meralco-Rizal Clerical Services Project,103-PJ-DO01-18-0093
888,1102,Meralco-Rizal BC Janitorial Services,103-PJ-DO01-18-0094
889,1102,Meralco-Rizal Sector Janitorial Services,103-PJ-DO01-18-0095
890,1102,Meralco-Rizal Metering Services,103-PJ-DO01-18-0096
891,1102,Meralco-Corporate Meter,103-PJ-DO01-18-0097
892,1102,Meralco-Meter Repair,103-PJ-DO01-18-0098
893,1102,Radius-Telecom Lineman Services,103-PJ-DO01-18-0099
894,1102,Meralco-Fitness Center Maint,103-PJ-DO01-18-0100
895,1102,Meralco-Training Facilities Admin Serv,103-PJ-DO01-18-0101
896,1102,Meralco-Mgt Operation & Maint strip,103-PJ-DO01-18-0102
897,1102,Radius-Clerical and Encoding Services,103-PJ-DO01-18-0103
898,1102,Miescor-Clerical and Messengerial,103-PJ-DO01-18-0104
899,1102,Meralco-Tax & Tariff Tect & Clerical,103-PJ-DO01-18-0105
900,1102,Meralco-Legal Clerical Services,103-PJ-DO01-18-0106
901,1102,Meralco-Cash Acctg Clerical Services,103-PJ-DO01-18-0107
902,1102,Meralco-CRMO Encoding Services,103-PJ-DO01-18-0108
903,1102,Meralco-Clerical Serv-property acctng,103-PJ-DO01-18-0109
904,1102,Meralco-MEDDS Encoding Services,103-PJ-DO01-18-0110
905,1102,Radius-Telecom Telemarketing Services,103-PJ-DO01-18-0111
906,1102,Meralco-Financial Budgeting Encodng Serv,103-PJ-DO01-18-0112
907,1102,Meco-Learning Devt Clerical Encodng Serv,103-PJ-DO01-18-0113
908,1102,Meralco-Investment & Debt Management,103-PJ-DO01-18-0114
909,1102,Meralco-Info. & Logistics System,103-PJ-DO01-18-0115
910,1102,Meco-Project Brown Encoding/Support Serv,103-PJ-DO01-18-0116
911,1102,Meralco - Office Admin Services,103-PJ-DO01-18-0117
912,1102,Meralco PMO Administrative Support,103-PJ-DO01-18-0118
913,1102,Meralco-Admin Services@Stock Mngt.Office,103-PJ-DO01-18-0119
914,1102,Mesala-Messengerial/Manpower Serv,103-PJ-DO01-18-0120
915,1102,Miescor-Janitorial Services,103-PJ-DO01-18-0121
916,1102,Meralco-Exec Office &BSC Janitorial Serv,103-PJ-DO01-18-0122
917,1102,Meralco-Area 2 Janitorial,103-PJ-DO01-18-0123
918,1102,Radius-Janitorial Services,103-PJ-DO01-18-0124
919,1102,Meralco-Powergen Messengerial,103-PJ-DO01-18-0125
920,1102,Meralco-Powergen Janitorial Services,103-PJ-DO01-18-0126
921,1102,Redondo Peninsula-Janitorial Services,103-PJ-DO01-18-0127
922,1102,Radius-Messengerial Services,103-PJ-DO01-18-0128
923,1102,Miescor-Messengerial Services,103-PJ-DO01-18-0129
924,1102,Redondo-Messengerial Services,103-PJ-DO01-18-0130
925,1102,Meralco-Lopez Bldg Janitorial Services,103-PJ-DO01-18-0131
926,1102,Meralco-TSB Janitorial Services,103-PJ-DO01-18-0132
927,1102,Messengerial Svcs for RES at BSC,103-PJ-DO01-18-0133
928,1102,Meralco-Janitorial Services@Antipolo LTC,103-PJ-DO01-18-0134
929,1102,MLI-Janitorial Services Atimonan & Ortig,103-PJ-DO01-18-0135
930,1102,MBI - Utility Services,103-PJ-DO01-18-0136
931,1102,Customer Frontline Solutions-Janitorial,103-PJ-DO01-18-0137
932,1102,Meralco-Materials Processing Management,103-PJ-DO01-18-0138
933,1102,San Joaquin Sub-(STL) Encoding Services,103-PJ-DO01-18-0139
934,1102,Meralco-Ground Maint & Elevator Operator,103-PJ-DO01-18-0140
935,1102,Central Inspection Project,103-PJ-DO01-18-0141
936,1102,Miescor-FEMD Admin Services,103-PJ-DO01-18-0142
937,1102,THE HSIN Stockyard Services,103-PJ-DO01-18-0143
938,1102,Meralco-Design Encoding Services,103-PJ-DO01-18-0144
939,1102,Radius Telecoms Car Rental,103-PJ-DO01-18-0145
940,1102,Meralco-Car Leasing,103-PJ-DO01-18-0146
941,1102,Miescor-Car Rental,103-PJ-DO01-18-0147
942,1102,MBI Car Rental,103-PJ-DO01-18-0148
943,1102,Republic Surety-Car Rental,103-PJ-DO01-18-0149
944,1102,Radius-Car Rental,103-PJ-DO01-18-0150
945,1102,Meralco Energy- Car Rental,103-PJ-DO01-18-0151
946,1102,Meralco Powergen-Car Rental,103-PJ-DO01-18-0152
947,1102,Powergen-1 Service Driver,103-PJ-DO01-18-0153
948,1102,Atimonan-Transport Serv.w/driver,103-PJ-DO01-18-0154
949,1102,Redondo Peninsula Energy-Trans/Driver,103-PJ-DO01-18-0155
950,1102,CEDC-Service Vehicle w/ Driver,103-PJ-DO01-18-0156
951,1102,Miescor- DUS Transpo,103-PJ-DO01-18-0157
952,1102,Motorpool,103-PJ-DO01-18-0158
953,1102,MIESCOR- PLDT Transport Rental 16 units,103-PJ-DO01-18-0159
954,1102,Various Clients-Supply and Installation,103-PJ-DO01-18-0160
955,1102,Sapphire Bloc-Preventive Maintenance ACU,103-PJ-DO01-18-0161
956,1102,Meralco-Yard & Control House Maint,103-PJ-DO01-18-0162
957,1102,Meralco-Shallow wells w/ Pump Maint,103-PJ-DO01-18-0163
958,1102,Meralco-Substation Aircon Maintenance,103-PJ-DO01-18-0164
959,1102,Bayad Center-Preventive&Maint. of Aircon,103-PJ-DO01-18-0165
960,1102,MWCI-Preventive Maintenance ACU Project,103-PJ-DO01-18-0166
961,1102,NLEX Ventilation & Air Condition Service,103-PJ-DO01-18-0167
962,1102,"Meralco-Corr,Prev &Maint.IG-100FSS@Lopez",103-PJ-DO01-18-0168
963,1102,MSPECTRUM-Arcadia,103-PJ-DO01-18-0169
964,1102,Meralco-Encoding Services North BCOS HMB,103-PJ-DO01-18-0170
965,1102,Meralco-Encoding Serv. Central BCOS HMB,103-PJ-DO01-18-0171
966,1102,SKY Cable-Office Renovation @ Vergara,103-PJ-DO01-18-0172
967,1102,ATI-Rep.Damaged Water Meter@Sta Mesa,103-PJ-DO01-18-0173
968,1102,Meralco-Encoder @Network Asset Planning,103-PJ-DO01-18-0174
969,1102,Meralco-Admin Support Serv@Strategy BDO,103-PJ-DO01-18-0175
970,1102,Spectrum-1MWp Toyota PV @ Sta Rosa,103-PJ-DO01-18-0176
971,1102,ATI-Add'nl Lighting@GSD Side Warehouse1,103-PJ-DO01-18-0177
972,1102,ATI-Conversion of Shipping Lines @ SHOC,103-PJ-DO01-18-0178
973,1102,Meralco-S&I Toilet Door Partitions@Lopez,103-PJ-DO01-18-0179
974,1102,Mspectrum-Fit-out Works Phase1 @ BSC,103-PJ-DO01-18-0180
975,1102,ATI-Rep.Damaged fender&Conc.Beam#13,103-PJ-DO01-18-0181
976,1102,Meralco-Metering Services Asset Mgt.,103-PJ-DO01-18-0182
977,1102,Miescor-Security Admin Staff,103-PJ-DO01-18-0183
978,1102,BPI Branch-Elect/Genset at various sites,103-PJ-DO01-18-0184
979,1102,ATI-Fab&Inst.Manual Boom Gate@Block 143,103-PJ-DO01-18-0185
980,1102,"Mpower-Rep,Rehab&Renov Bldg.Facilities",103-PJ-DO01-18-0186
981,1102,Meralco-Encoding Serv.Rev Assurance Mgt.,103-PJ-DO01-18-0187
982,1102,BPI-Masterpact ACB Breaker (Schneider),103-PJ-DO01-18-0188
983,1102,Miescor-2.0TR ACU at 5th Flr Engr Dept.,103-PJ-DO01-18-0189
984,1102,ATI-New Office of CTD AVP at SHOC,103-PJ-DO01-18-0190
985,1102,Mspectrum-Data Center New VRF System,103-PJ-DO01-18-0191
986,1102,"Meralco-Rehab(Baliwag,Novaliches,Veinte)",103-PJ-DO01-18-0192
987,1102,"Meralco-Rehab(LIIP,G8way,LosBaños,LISP)",103-PJ-DO01-18-0193
988,1102,SkyCable- Electrical Works @ ELJ ABS-CBN,103-PJ-DO01-18-0194
989,1102,ATI-Damaged Tiles PTB 2&# PPA Batangas,103-PJ-DO01-18-0195
990,1102,ATI-Evacuation Plan at PTB PIER15,103-PJ-DO01-18-0196
991,1102,Meralco-fence&Guard house @ Balintawak,103-PJ-DO01-18-0197
992,1102,Mesala-Office Renovation,103-PJ-DO01-18-0198
993,1102,Sky Cable- Electrical Upgrade of OCC hub,103-PJ-DO01-18-0199
994,1102,Maynilad-Dev't Plan for Various Water NF,103-PJ-DO01-18-0200
995,1102,ATI-Damaged Fender F1 13 ramp3 by RORO,103-PJ-DO01-18-0201
996,1102,ATI-Office Relocation EA&FS Head at SHOC,103-PJ-DO01-18-0202
997,1102,ATI-Damaged Fender by Barge Amaya 01,103-PJ-DO01-18-0203
998,1102,ATI-Rep.Worn-out Gutter Security Det.Off,103-PJ-DO01-18-0204
999,1102,ATI-Repair Various Security Guard House,103-PJ-DO01-18-0205
1000,1102,Manila Water-Replacement of ACU,103-PJ-DO01-18-0206
1001,1102,Sky Cable-Waterproofing,103-PJ-DO01-18-0207
1002,1102,Cardinal-Proposed 2F MABII 253 HMO Hub,103-PJ-DO01-18-0208
1003,1102,ATI-Damaged Rubber Fender Ramp No1 ATIB,103-PJ-DO01-18-0209
1004,1102,MRAIL-Const.Site Office Santolan 2 Depot,103-PJ-DO01-18-0210
1005,1102,Miescor-20TR ACU Hitachi 5F Renaissance,103-PJ-DO01-18-0211
1006,1102,Sky Cable-CR Renovation at Vergara,103-PJ-DO01-18-0212
1007,1102,MWCI-Bldg Maintenance Services 3 years,103-PJ-DO01-18-0213
1008,1102,Meralco-Glass Works at Lopez,103-PJ-DO01-18-0214
1009,1102,STI-Rehab Fire Sprinkler&Elect@Naga City,103-PJ-DO01-18-0215
1010,1102,Sky Cable-Waterproofing@Vergara Admin,103-PJ-DO01-18-0216
1011,1102,Miescor-FEMD Project,103-PJ-DO01-18-0217
1012,1102,Meralco-Cataloguing & Vendor Mgt.SS,103-PJ-DO01-18-0218
1013,1102,ATI-Damaged Fender Shackle Ramp1 ATIB,103-PJ-DO01-18-0219
1014,1102,ATI-Rehab CR @ Batangas Supply Base ATIB,103-PJ-DO01-18-0220
1015,1102,ATI-CTD&GSD Perimeter Fence@South Harbor,103-PJ-DO01-18-0221
1016,1102,Meralco-Repair&Maint FSS @Radio Rm Lopez,103-PJ-DO01-18-0222
1017,1102,Miescor DUS-CEDC Project (Manlift),103-PJ-DO01-18-0223
1018,1102,ATI-Renovation of Pantry at BCT Planning,103-PJ-DO01-18-0224
1019,1102,LRMC-PMS of ACU at Depot Aurora Pasay,103-PJ-DO01-18-0225
1020,1102,UE-Repainting Works at UE Theater,103-PJ-DO01-18-0226
1021,1102,ADMU-Supply & Inst.ACU at Gesu of Manila,103-PJ-DO01-18-0227
1022,1102,Megaworld-Rep. Excisting ACU @ McKinley,103-PJ-DO01-18-0228
1023,1102,Meralco-Conts. Trece Martires Ext.Office,103-PJ-DO01-18-0229
1024,1102,MWCI-Rep of ACU for Rizal grid,103-PJ-DO01-18-0230
1025,1102,Takasago-1 Utility/messenger,103-PJ-DO01-18-0231
1026,1102,Meralco-Planning & Scheduling-Additional,103-PJ-DO01-18-0232
1027,1102,SGS-Electrical Prev.Maint. @ OM Makati,103-PJ-DO01-18-0233
1028,1102,Medical city-Const. of CPU,103-PJ-DO01-18-0234
1029,1102,Meralco-Supply of Diffuser @ Facilities,103-PJ-DO01-18-0235
1030,1102,Miescor Backbone-Electrical Termination,103-PJ-DO01-18-0236
1031,1102,Meralco-Canal Diversion,103-PJ-DO01-18-0237
1032,1102,Sky Cable-Renovation in San Juan Office,103-PJ-DO01-18-0238
1033,1102,CEDC-Construction of Building Ext.@Clark,103-PJ-DO01-18-0239
1034,1102,Miescor-NGCP S&I ACU,103-PJ-DO01-18-0240
1035,1102,Meralco-Vehicle for MLI & E Sakay Inc.,103-PJ-DO01-18-0241
1036,1102,Meralco-Manpower Services for E-Sakay,103-PJ-DO01-18-0242
1037,1102,ACCI-Repair Works @ Sports Pavillion,103-PJ-DO01-18-0243
1038,1102,ATI-Rehab Checkers Booth at Gate 7,103-PJ-DO01-18-0244
1039,1102,Mspectrum-Dismantling of Duct and AHU,103-PJ-DO01-18-0245
1040,1102,Miescor-ICT Services (Deskside w/laptop),103-PJ-DO01-18-0246
1041,1102,Miescor-Sup&Inst ACU at 5F Renaissance,103-PJ-DO01-18-0247
1042,1102,Cignal TV-Civil Works Logistics Office,103-PJ-DO01-18-0248
1043,1102,Bayad Center-Preventive&Maint. of Aircon,103-PJ-DO01-19-0001
1044,1102,Meralco-MSAM  (MEOE04),103-PJ-DO01-19-0002
1045,1102,"Meralco-Corr&Prv,Maint. IG-100FSS@Lopez",103-PJ-DO01-19-0003
1046,1102,Meralco-Shallow wells w/ Pump Maint,103-PJ-DO01-19-0004
1047,1102,Meralco-Substation Aircon Maintenance,103-PJ-DO01-19-0005
1048,1102,Meralco-Yard & Control House Maint,103-PJ-DO01-19-0006
1049,1102,MSPECTRUM-Arcadia,103-PJ-DO01-19-0007
1050,1102,MWCI-Preventive Maintenance ACU Project,103-PJ-DO01-19-0008
1051,1102,NLEX Ventilation & Air Condition Service,103-PJ-DO01-19-0009
1052,1102,Sapphire Bloc-Preventive Maintenance ACU,103-PJ-DO01-19-0010
1053,1102,Various Clients-Supply and Installation,103-PJ-DO01-19-0011
1054,1102,Manila Water- Contrcted Warehousing Serv,103-PJ-DO01-19-0012
1055,1102,Meralco-Alabang Stores,103-PJ-DO01-19-0013
1056,1102,Meralco-Batangas Stores,103-PJ-DO01-19-0014
1057,1102,Meralco-Cavite Stores,103-PJ-DO01-19-0015
1058,1102,Meralco-Hauling,103-PJ-DO01-19-0016
1059,1102,Meralco-Kamias Stores,103-PJ-DO01-19-0017
1060,1102,Meralco-Lucena Stores,103-PJ-DO01-19-0018
1061,1102,Meralco-Manila Stores,103-PJ-DO01-19-0019
1062,1102,Meralco-Ortigas Stores,103-PJ-DO01-19-0020
1063,1102,Meralco-Rizal Stores,103-PJ-DO01-19-0021
1064,1102,Meralco-San Joaquin Stores,103-PJ-DO01-19-0022
1065,1102,Meralco-San Pablo Stores,103-PJ-DO01-19-0023
1066,1102,Meralco-Sta Rosa Stores,103-PJ-DO01-19-0024
1067,1102,Miescor-Trading,103-PJ-DO01-19-0025
1068,1102,Meralco-Alabang facilities,103-PJ-DO01-19-0026
1069,1102,Meralco-Area 1 & 3 Maintenance Services,103-PJ-DO01-19-0027
1070,1102,Meralco-Balintawak facilities,103-PJ-DO01-19-0028
1071,1102,Meralco-Dasmariñas facilities,103-PJ-DO01-19-0029
1072,1102,Meralco-Manila Facilities,103-PJ-DO01-19-0030
1073,1102,Meralco-Plaridel facilities,103-PJ-DO01-19-0031
1074,1102,Meralco-Repair & Maint. B&G & BSC,103-PJ-DO01-19-0032
1075,1102,Meralco-Rizal Facilities,103-PJ-DO01-19-0033
1076,1102,Meralco-San Joaquin Facilities,103-PJ-DO01-19-0034
1077,1102,Meralco-San Pablo facilities,103-PJ-DO01-19-0035
1078,1102,Meralco-Sta Rosa facilities,103-PJ-DO01-19-0036
1079,1102,Meralco-Theater Operations,103-PJ-DO01-19-0037
1080,1102,Meralco-TSB Maintenance,103-PJ-DO01-19-0038
1081,1102,Meralco-Valenzuela facilities,103-PJ-DO01-19-0039
1082,1102,Robinsons-Tech Maint Services,103-PJ-DO01-19-0040
1083,1102,SCG-Roll Handling Services at warehouse,103-PJ-DO01-19-0041
1084,1102,SCG-Whse 1&2 Material Handling Operation,103-PJ-DO01-19-0042
1085,1102,Meralco- Alabang Fleet,103-PJ-DO01-19-0043
1086,1102,Meralco- Balintawak Fleet,103-PJ-DO01-19-0044
1087,1102,Meralco- Dasmarinas Fleet,103-PJ-DO01-19-0045
1088,1102,Meralco- Manila Central Fleet,103-PJ-DO01-19-0046
1089,1102,Meralco- Ortigas Fleet,103-PJ-DO01-19-0047
1090,1102,Meralco- Plaridel Fleet,103-PJ-DO01-19-0048
1091,1102,Meralco- Rizal Fleet,103-PJ-DO01-19-0049
1092,1102,Meralco- San Joaquin Fleet,103-PJ-DO01-19-0050
1093,1102,Meralco- San Pablo Fleet,103-PJ-DO01-19-0051
1094,1102,Meralco- Sta. Rosa Fleet,103-PJ-DO01-19-0052
1095,1102,Meralco- Valenzuela Fleet,103-PJ-DO01-19-0053
1096,1102,Meralco- Alabang TWE,103-PJ-DO01-19-0054
1097,1102,Meralco- Balintawak TWE,103-PJ-DO01-19-0055
1098,1102,Meralco- Dasmarinas TWE,103-PJ-DO01-19-0056
1099,1102,Meralco- Manila Central TWE,103-PJ-DO01-19-0057
1100,1102,Meralco- Plaridel TWE,103-PJ-DO01-19-0058
1101,1102,Meralco- Rizal TWE,103-PJ-DO01-19-0059
1102,1102,Meralco- San Joaquin TWE,103-PJ-DO01-19-0060
1103,1102,Meralco- San Pablo TWE,103-PJ-DO01-19-0061
1104,1102,Meralco- Sta. Rosa TWE,103-PJ-DO01-19-0062
1105,1102,Meralco- Valenzuela TWE,103-PJ-DO01-19-0063
1106,1102,MIESCOR-FEMD Project,103-PJ-DO01-19-0064
1107,1102,Motorpool,103-PJ-DO01-19-0065
1108,1102,Atimonan-Transport Serv.w/driver,103-PJ-DO01-19-0066
1109,1102,CEDC-Service Vehicle w/ Driver,103-PJ-DO01-19-0067
1110,1102,MBI Car Rental,103-PJ-DO01-19-0068
1111,1102,Meralco Energy- Car Rental,103-PJ-DO01-19-0069
1112,1102,Meralco Powergen-Car Rental,103-PJ-DO01-19-0070
1113,1102,Meralco-Car Leasing,103-PJ-DO01-19-0071
1114,1102,Meralco-Vehicle (MLI & E-Sakay) Lessee,103-PJ-DO01-19-0072
1115,1102,Miescor- DUS Transpo,103-PJ-DO01-19-0073
1116,1102,Miescor DUS-CEDC Project (Manlift),103-PJ-DO01-19-0074
1117,1102,Miescor- PLDT Transport Rental,103-PJ-DO01-19-0075
1118,1102,Miescor-Car Rental,103-PJ-DO01-19-0076
1119,1102,Powergen-1 Service Driver,103-PJ-DO01-19-0077
1120,1102,Radius Telecoms Car Rental,103-PJ-DO01-19-0078
1121,1102,Radius-Car Rental,103-PJ-DO01-19-0079
1122,1102,Redondo Peninsula Energy -Transport Serv,103-PJ-DO01-19-0080
1123,1102,Republic Surety-Car Rental,103-PJ-DO01-19-0081
1124,1102,Alabang Sector Janitorial services,103-PJ-DO01-19-0082
1125,1102,Central Inspection Project,103-PJ-DO01-19-0083
1126,1102,Customer Frontline Solutions-Janitorial,103-PJ-DO01-19-0084
1127,1102,Dasmarinas Sector-Janitorial services,103-PJ-DO01-19-0085
1128,1102,MBI - Utility Services,103-PJ-DO01-19-0086
1129,1102,Meco-Learning Dev't Clerical Encodng Ser,103-PJ-DO01-19-0087
1130,1102,Meco-Project Brown Encoding/Support Serv,103-PJ-DO01-19-0088
1131,1102,Meralco - Office Admin Services,103-PJ-DO01-19-0089
1132,1102,Meralco Info. & Logistics System,103-PJ-DO01-19-0090
1133,1102,Meralco PMO Administrative Support,103-PJ-DO01-19-0091
1134,1102,Meralco-Admin Services@Stock Mngt.Office,103-PJ-DO01-19-0092
1135,1102,Meralco-Admin Supp Servi@Strategy BDO,103-PJ-DO01-19-0093
1136,1102,Meralco-Area 2 Janitorial,103-PJ-DO01-19-0094
1137,1102,Meralco-Balintawak Janitorial Services,103-PJ-DO01-19-0095
1138,1102,Meralco-Balintawak Metering,103-PJ-DO01-19-0096
1139,1102,Meralco-Balintawak Sect Janitorial Serv,103-PJ-DO01-19-0097
1140,1102,Meralco-Balintawak Sector Encoding Serv,103-PJ-DO01-19-0098
1141,1102,Meralco-Baliuag Janitorial Services,103-PJ-DO01-19-0099
1142,1102,Meralco-Cash Acctg Clerical Services,103-PJ-DO01-19-0100
1143,1102,Meralco-Cataloguing & Vendor Mgt.SS,103-PJ-DO01-19-0101
1144,1102,Meralco-Central Buss Area Encoding Serv,103-PJ-DO01-19-0102
1145,1102,Meralco-Clerical Serv-property acctng,103-PJ-DO01-19-0103
1146,1102,Meralco-Corporate Meter,103-PJ-DO01-19-0104
1147,1102,Meralco-CRMO Encoding Services,103-PJ-DO01-19-0105
1148,1102,Meralco-Dasmariñas Janitorial Services,103-PJ-DO01-19-0106
1149,1102,Meralco-Design Encoding Services,103-PJ-DO01-19-0107
1150,1102,Meralco-Encoder @Network Asset Planning,103-PJ-DO01-19-0108
1151,1102,Meralco-Encoding Serv Valenzuela Sect,103-PJ-DO01-19-0109
1152,1102,Meralco-Encoding Serv. Central BCOS HMB,103-PJ-DO01-19-0110
1153,1102,Meralco-Encoding Serv. North BCOS HMB,103-PJ-DO01-19-0111
1154,1102,Meralco-Encoding Serv. South BCOS HMB,103-PJ-DO01-19-0112
1155,1102,Meralco-Encoding Services (RAM MEO002),103-PJ-DO01-19-0113
1156,1102,Meralco-Encoding Services-San Pablo BC,103-PJ-DO01-19-0114
1157,1102,Meralco-Exec Office & BSC Janitorial Ser,103-PJ-DO01-19-0115
1158,1102,Meralco-Financial Budgeting Encoding Ser,103-PJ-DO01-19-0116
1159,1102,Meralco-Fitness Center Maint,103-PJ-DO01-19-0117
1160,1102,Meralco-Ground Maint & Elevator Operator,103-PJ-DO01-19-0118
1161,1102,Meralco-Investment & Debt Management,103-PJ-DO01-19-0119
1162,1102,Meralco-Janitorial Serv Malabon,103-PJ-DO01-19-0120
1163,1102,Meralco-Janitorial Serv Valenzuela,103-PJ-DO01-19-0121
1164,1102,Meralco-Janitorial Services@Antipolo LTC,103-PJ-DO01-19-0122
1165,1102,Meralco-Janitorial Services-San Pablo Se,103-PJ-DO01-19-0123
1166,1102,Meralco-Legal Clerical Services,103-PJ-DO01-19-0124
1167,1102,Meralco-Lopez Bldg Janitorial Services,103-PJ-DO01-19-0125
1168,1102,Meralco-Manila BC Janitorial Services,103-PJ-DO01-19-0126
1169,1102,Meralco-Manila Clerical Services Project,103-PJ-DO01-19-0127
1170,1102,Meralco-Manila Metering Services,103-PJ-DO01-19-0128
1171,1102,Meralco-Manila Sector Janitorial Service,103-PJ-DO01-19-0129
1172,1102,Meralco-Manpower Services E Sakay,103-PJ-DO01-19-0130
1173,1102,Meralco-Materials Processing Management,103-PJ-DO01-19-0131
1174,1102,Meralco-MEDDS Encoding Services,103-PJ-DO01-19-0132
1175,1102,Meralco-Meter Repair,103-PJ-DO01-19-0133
1176,1102,Meralco-Metering Serv Valenzuela,103-PJ-DO01-19-0134
1177,1102,Meralco-Mgt Operation & Maint strip,103-PJ-DO01-19-0135
1178,1102,Meralco-Plan&Sched-Encoding Services,103-PJ-DO01-19-0136
1179,1102,Meralco-Plaridel Encoding Services,103-PJ-DO01-19-0137
1180,1102,Meralco-Plaridel Janitorial & Ground Mai,103-PJ-DO01-19-0138
1181,1102,Meralco-Powergen Janitorial Services,103-PJ-DO01-19-0139
1182,1102,Meralco-Powergen Messengerial,103-PJ-DO01-19-0140
1183,1102,Meralco-Rizal BC Janitorial Services,103-PJ-DO01-19-0141
1184,1102,Meralco-Rizal Clerical Services Project,103-PJ-DO01-19-0142
1185,1102,Meralco-Rizal Metering Services,103-PJ-DO01-19-0143
1186,1102,Meralco-Rizal Sector Janitorial Services,103-PJ-DO01-19-0144
1187,1102,Meralco-San Joaquin BC Janitorial Serv,103-PJ-DO01-19-0145
1188,1102,Meralco-San Joaquin Encoding Services,103-PJ-DO01-19-0146
1189,1102,Meralco-San Joaquin Metering Services,103-PJ-DO01-19-0147
1190,1102,Meralco-San Joaquin Sect Janitorial Serv,103-PJ-DO01-19-0148
1191,1102,Meralco-San Pablo Janitorial Services,103-PJ-DO01-19-0149
1192,1102,Meralco-Sta Rosa BC Janitorial Services,103-PJ-DO01-19-0150
1193,1102,Meralco-Tax & Tariff Tect & Clerical,103-PJ-DO01-19-0151
1194,1102,Meralco-Training Facilities Admin Serv,103-PJ-DO01-19-0152
1195,1102,Meralco-TSB Janitorial Services,103-PJ-DO01-19-0153
1196,1102,Mesala-Messengerial/Manpower Serv,103-PJ-DO01-19-0154
1197,1102,Messengerial Svcs for RES at BSC,103-PJ-DO01-19-0155
1198,1102,Miescor-Clerical and Messengerial,103-PJ-DO01-19-0156
1199,1102,Miescor-Janitorial Services,103-PJ-DO01-19-0157
1200,1102,Miescor-Messengerial Services,103-PJ-DO01-19-0158
1201,1102,Miescor-Security Admin Staff,103-PJ-DO01-19-0159
1202,1102,MLI-Admin Support Serv.@Parañaque Setor,103-PJ-DO01-19-0160
1203,1102,MLI-Admin Support Serv.@Sta.Rosa Sector,103-PJ-DO01-19-0161
1204,1102,MLI-Admin Support services @Dasma Sector,103-PJ-DO01-19-0162
1205,1102,MLI-Janitorial Services Atimonan & Ortig,103-PJ-DO01-19-0163
1206,1102,MVP-Yard Maintenance,103-PJ-DO01-19-0164
1207,1102,Philippine Economic Zone Authority(PEZA),103-PJ-DO01-19-0165
1208,1102,Plaridel Metering Services,103-PJ-DO01-19-0166
1209,1102,Radius-Clerical and Encoding Services,103-PJ-DO01-19-0167
1210,1102,Radius-Janitorial Services,103-PJ-DO01-19-0168
1211,1102,Radius-Messengerial Services,103-PJ-DO01-19-0169
1212,1102,Radius-Telecom Lineman Services,103-PJ-DO01-19-0170
1213,1102,Radius-Telecom Telemarketing Services,103-PJ-DO01-19-0171
1214,1102,Redondo Peninsula-Janitorial Services,103-PJ-DO01-19-0172
1215,1102,Redondo-Messengerial Services,103-PJ-DO01-19-0173
1216,1102,San Joaquin Sub-Transmission Lines (STL),103-PJ-DO01-19-0174
1217,1102,Sta. Rosa Sector Janitorial Services SDS,103-PJ-DO01-19-0175
1218,1102,TAKASAGO Intn'l Phils.-.J.O. Servs,103-PJ-DO01-19-0176
1219,1102,THE HSIN Stockyard Services,103-PJ-DO01-19-0177
1220,1102,LRMC-Utility Personnel,103-PJ-DO01-19-0178
1221,1102,Meralco-Const. Perimeter Fence @ malibay,103-PJ-DO01-19-0179
1222,1102,ATI - Repainting of BOC-POM Building,103-PJ-DO01-19-0180
1223,1102,Maynilad-Maintenence Projects,103-PJ-DO01-19-0181
1224,1102,LRMC-PMS of ACU at Depot Aurora Pasay,103-PJ-DO01-19-0182
1225,1102,Sky Cable-Waterproofing of San Juan DC,103-PJ-DO01-19-0183
1226,1102,Miescor-S&I AC System @ Nga Colon Subs,103-PJ-DO01-19-0184
1227,1102,Miescor-NGCPS&I ACU(North Luzon),103-PJ-DO01-19-0185
1228,1102,Asian Terminal's Inc-1yr Monthly Maint,103-PJ-DO01-19-0186
1229,1102,Meralco-Encoding Serv'@Special Projects,103-PJ-DO01-19-0187
1230,1102,Meralco-Canal Diversion In-House,103-PJ-DO01-19-0188
1231,1102,Miescor-Cable Termination North Luzon,103-PJ-DO01-19-0189
1232,1102,CEDC-Design Storage Whse&Stockyard,103-PJ-DO01-19-0190
1233,1102,PLDT-Ayala Ht's Repainting Court Balara,103-PJ-DO01-19-0191
1234,1102,Meralco-Manpower@Kamuning & Dolores Subs,103-PJ-DO01-19-0192
1235,1102,ATI-Repainting A1&PPA Subs flooring BCT,103-PJ-DO01-19-0193
1236,1102,Meralco-Admin Support Strategic Sourcing,103-PJ-DO01-19-0194
1237,1102,Meralco-Const.Perimeter Fence@Banawae SS,103-PJ-DO01-19-0195
1238,1102,ATI-Damage Repair RTG Turning Pads@BCT,103-PJ-DO01-19-0196
1239,1102,ATI-Replacment Roads Humps @ BCT,103-PJ-DO01-19-0197
1240,1102,Meralco-Replacement ACU @Balintawak Sect,103-PJ-DO01-19-0198
1241,1102,"ATI-Refurb,Detached Office CR at THA",103-PJ-DO01-19-0199
1242,1102,Toyota-PM Electrical &Rehab Main Breaker,103-PJ-DO01-19-0200
1243,1102,Meralco-B&G Bldg Expansion & Renovation,103-PJ-DO01-19-0201
1244,1102,Meralco-Rehab Fire Protection@Rizal Sect,103-PJ-DO01-19-0202
1245,1102,Matnilad-Supply of ACU Parts,103-PJ-DO01-19-0203
1246,1102,SLMC-Rep Water Pipe Line @ St Lukes,103-PJ-DO01-19-0204
1247,1102,MSERV-Job Contracting Serv's&Vehicle,103-PJ-DO01-19-0205
1248,1102,Miescor-North Luzon Cable Termination,103-PJ-DO01-19-0206
1249,1102,SLMC-Mechanical Works @ Main Bldg,103-PJ-DO01-19-0207
1250,1102,Meralco-Emergency Power Supply@Lopez,103-PJ-DO01-19-0208
1251,1102,Meralco-Refurbishment @ Rosario Cavite,103-PJ-DO01-19-0209
1252,1102,Miescor-2TR ACU @ 4th Flr Finance Dept,103-PJ-DO01-19-0210
1253,1102,Maynilad-Renov Infirmary Bldg Arroceros,103-PJ-DO01-19-0211
1254,1102,Radius-Warehouse Serv's Kamias Stockyard,103-PJ-DO01-19-0212
1255,1102,Mspectrum-Liason Officer,103-PJ-DO01-19-0213
1256,1102,Meralco-Rehab Fire Pro Valenzuela Sector,103-PJ-DO01-19-0214
1257,1102,HSBC-Replacement of ACU@Utility Bldg,103-PJ-DO01-19-0215
1258,1102,SLMC-Installation of ACU (RM 2111 CVU-3),103-PJ-DO01-19-0216
1259,1102,Atimonan-3rd Flr Improvement Project,103-PJ-DO01-19-0217
1260,1102,Meralco-Improvement of Kamias Poleyard,103-PJ-DO01-19-0218
1261,1102,Meralco-Sup&Inst. ACU Valenzuela Sector,103-PJ-DO01-19-0219
1262,1102,Meralco-Sup&Inst. ACU Batangas BC,103-PJ-DO01-19-0220
1263,1102,Meralco-Sup&Inst. ACU Manila Sector,103-PJ-DO01-19-0221
1264,1102,Meralco-Sup&Inst. ACU Marikina BC,103-PJ-DO01-19-0222
1265,1102,Meralco-Sup&Inst. ACU Kamuning BC,103-PJ-DO01-19-0223
1266,1102,Meralco-Sup&Inst. ACU at Rizal Sector,103-PJ-DO01-19-0224
1267,1102,"Meralco-Repair,Rehab,Renov@Malolos BC",103-PJ-DO01-19-0225
1268,1102,Meralco-Const.Renov @ San Pablo Sector,103-PJ-DO01-19-0226
1269,1102,"Meralco-Rep,Rehab,Roofing@Plaridel Sect",103-PJ-DO01-19-0227
1270,1102,Meralco-Const&GenServDev't@Pagbilao,103-PJ-DO01-19-0228
1271,1102,Meralco-Const.of Expnsion Bldg Lucena BC,103-PJ-DO01-19-0229
1272,1102,"Meralco-S&I,Rehab Roofing Sta Maria BC",103-PJ-DO01-19-0230
1273,1102,"Meralco-Repair,Rehab,Renov@Val Sect",103-PJ-DO01-19-0231
1274,1102,"Meralco-Repair,Rehab,Renov@Manila Sect",103-PJ-DO01-19-0232
1275,1102,Meralco-Conv.ExistingLight LED Rizal Sec,103-PJ-DO01-19-0233
1276,1102,Meralco-Rehab Exterior Wall @ TSB,103-PJ-DO01-19-0234
1277,1102,Meralco-Const.of PowerLab Expansion,103-PJ-DO01-19-0235
1278,1102,Meralco-Repair/Rehab Substation@Tayabas,103-PJ-DO01-19-0236
1279,1102,Miescor-NGCP-PMS ACU @ Culaman Subs,103-PJ-DO01-19-0237
1280,1102,SLMC-Light Indicator,103-PJ-DO01-19-0238
1281,1102,Miescor-PMS ACU @ NGCP Magdugo,103-PJ-DO01-19-0239
1282,1102,Meralco-Refurbishment Facade@various BC,103-PJ-DO01-19-0240
1283,1102,Miescor-Sup&Inst of ACU & AC Controller,103-PJ-DO01-19-0241
1284,1102,Meralco- S&I Fire Pro System @ Pala-pala,103-PJ-DO01-19-0242
1285,1102,"Meralco-Sup,Inst&Comm ACU @ Dasma Sect",103-PJ-DO01-19-0243
1286,1102,"Meralco-S&I, Inverter ACU@San Pablo Sect",103-PJ-DO01-19-0244
1287,1102,Radius-Warehouse Services at BSC Sol'n,103-PJ-DO01-19-0245
1288,1102,Meralco- S&I Dilapidated Windows@Lopez,103-PJ-DO01-19-0246
1289,1102,St. Jude College-Installation of ACU,103-PJ-DO01-19-0247
1290,1102,waiting,103-PJ-DO01-19-0248
1291,1102,St Lukes- Power Supply @NUCMED & LINAC,103-PJ-DO01-19-0249
1292,1102,SLMC-PM of Electrical Panel Boards,103-PJ-DO01-19-0250
1293,1102,Meralco-Kitchen FSS @ Powerbase antipolo,103-PJ-DO01-19-0251
1294,1102,Cignal TV-Civil/Plumbing @Mandaluyong,103-PJ-DO01-19-0252
1295,1102,Cignal TV-Electrical Works Mandaluyong,103-PJ-DO01-19-0253
1296,1102,deleted,103-PJ-DO01-19-0254
1297,1102,Miescor-Repair Leak of 4th Flr CR,103-PJ-DO01-19-0255
1298,1102,Radius-RBC Office Renovation,103-PJ-DO01-19-0256
1299,1102,SLMC-Replacement Sliding Door@Dumpsite,103-PJ-DO01-19-0257
1300,1102,Meralco-Const.Storage Vault BIZ@Ortigas,103-PJ-DO01-19-0258
1301,1102,"Meralco-Sup,Inst&Comm ACU@Balagtas BC",103-PJ-DO01-19-0259
1302,1102,Radius-BSC Office Renovation,103-PJ-DO01-19-0260
1303,1102,Miescor-Relocation 7.5TR ACU,103-PJ-DO01-19-0261
1304,1102,DSM-Rep&Rectification Del Carmen Lubao,103-PJ-DO01-19-0262
1305,1102,Meralco-Rehab Various FAC at Cubao Subs,103-PJ-DO01-19-0263
1306,1102,Meralco-Rehab Various FAC at NAIA3 Subs,103-PJ-DO01-19-0264
1307,1102,Meralco-Sup&Inst Hydrauponics Garden,103-PJ-DO01-19-0265
1308,1102,Miescor-Sup&Inst 93UT Split Type ACU,103-PJ-DO01-19-0266
1309,1102,Miescor-Sup&Inst ACU Bataan Reinf Proj,103-PJ-DO01-19-0267
1310,1102,Maynilad- Fab & Inst Cabinet CNRW Office,103-PJ-DO01-19-0268
1311,1102,Meralco Manila Warehousing Project,103-PJ-DO01-20-0001
1312,1102,Meralco Rizal Warehousing Project,103-PJ-DO01-20-0002
1313,1102,Meralco Pasig Warehousing Project,103-PJ-DO01-20-0003
1314,1102,Meralco Ortigas Warehousing Project,103-PJ-DO01-20-0004
1315,1102,Meralco Kamias Warehousing Project,103-PJ-DO01-20-0005
1316,1102,Meralco Parañaque Warehousing Project,103-PJ-DO01-20-0006
1317,1102,Meralco Cavite Warehousing Project,103-PJ-DO01-20-0007
1318,1102,Meralco San Pablo Warehousing Project,103-PJ-DO01-20-0008
1319,1102,Meralco Sta Rosa Warehousing Project,103-PJ-DO01-20-0009
1320,1102,Meralco Batangas Warehousing Project,103-PJ-DO01-20-0010
1321,1102,Meralco Pagbilao Warehousing Project,103-PJ-DO01-20-0011
1322,1102,Meralco Kamuning Substation Support Whse,103-PJ-DO01-20-0012
1323,1102,Meralco MMO Hauling Services,103-PJ-DO01-20-0013
1324,1102,Radius Kamias Warehousing Project,103-PJ-DO01-20-0014
1325,1102,Radius BSC Warehousing Project,103-PJ-DO01-20-0015
1326,1102,MWCI-Warehousing Project,103-PJ-DO01-20-0016
1327,1102,Meralco Plaridel Warehousing Project,103-PJ-DO01-20-0017
1328,1102,Meralco-Valenzuela Warehousing Project,103-PJ-DO01-20-0018
1329,1102,Meralco Balintawak Warehousing Project,103-PJ-DO01-20-0019
1330,1102,Bayad Center-Preventive&Maint. of Aircon,103-PJ-DO01-20-0020
1331,1102,Meralco - MSAM  (MEOE04),103-PJ-DO01-20-0021
1332,1102,"Meralco-Corr,Prev&Maint IG-100 FSS@Lopez",103-PJ-DO01-20-0022
1333,1102,Meralco-Shallow wells w/ Pump Maint,103-PJ-DO01-20-0023
1334,1102,Meralco-Substation Aircon Maintenance,103-PJ-DO01-20-0024
1335,1102,Meralco-Yard & Control House Maint,103-PJ-DO01-20-0025
1336,1102,MSPECTRUM-Arcadia,103-PJ-DO01-20-0026
1337,1102,MWCI-Preventive Maintenance ACU Project,103-PJ-DO01-20-0027
1338,1102,NLEX Ventilation & Air Condition Service,103-PJ-DO01-20-0028
1339,1102,LRMC-PMS of ACU at Depot Aurora Pasay,103-PJ-DO01-20-0029
1340,1102,Maynilad-Bldg Repair & Maint. Services,103-PJ-DO01-20-0030
1341,1102,Maynilad-Supply ACU Parts,103-PJ-DO01-20-0031
1342,1102,Maynilad-Additional 4 Personel,103-PJ-DO01-20-0032
1343,1102,Various Clients-Supply and Installation,103-PJ-DO01-20-0033
1344,1102,Miescor-Leadman,103-PJ-DO01-20-0034
1345,1102,Personal Collection- PMS ACU,103-PJ-DO01-20-0035
1346,1102,Meralco-Alabang facilities,103-PJ-DO01-20-0036
1347,1102,Meralco-Area 1 & 3 Maintenance Services,103-PJ-DO01-20-0037
1348,1102,Meralco-Balintawak facilities,103-PJ-DO01-20-0038
1349,1102,Meralco-Dasmariñas facilities,103-PJ-DO01-20-0039
1350,1102,Meralco-Manila Facilities,103-PJ-DO01-20-0040
1351,1102,Meralco-Plaridel facilities,103-PJ-DO01-20-0041
1352,1102,Meralco-Repair & Maint. B&G & BSC,103-PJ-DO01-20-0042
1353,1102,Meralco-Rizal Facilities,103-PJ-DO01-20-0043
1354,1102,Meralco-San Joaquin Facilities,103-PJ-DO01-20-0044
1355,1102,Meralco-San Pablo facilities,103-PJ-DO01-20-0045
1356,1102,Meralco-Sta Rosa facilities,103-PJ-DO01-20-0046
1357,1102,Meralco-Theater Operations,103-PJ-DO01-20-0047
1358,1102,Meralco-TSB Maintenance,103-PJ-DO01-20-0048
1359,1102,Meralco-Valenzuela facilities,103-PJ-DO01-20-0049
1360,1102,Robinsons-Tech Maint Services,103-PJ-DO01-20-0050
1361,1102,SCG-Roll Handling Services & Whse 1&2,103-PJ-DO01-20-0051
1362,1102,Meralco- Alabang Fleet,103-PJ-DO01-20-0052
1363,1102,Meralco- Balintawak Fleet,103-PJ-DO01-20-0053
1364,1102,Meralco- Dasmarinas Fleet,103-PJ-DO01-20-0054
1365,1102,Meralco- Manila Central Fleet,103-PJ-DO01-20-0055
1366,1102,Meralco- Ortigas Fleet,103-PJ-DO01-20-0056
1367,1102,Meralco- Plaridel Fleet,103-PJ-DO01-20-0057
1368,1102,Meralco- Rizal Fleet,103-PJ-DO01-20-0058
1369,1102,Meralco- San Joaquin Fleet,103-PJ-DO01-20-0059
1370,1102,Meralco- San Pablo Fleet,103-PJ-DO01-20-0060
1371,1102,Meralco- Sta. Rosa Fleet,103-PJ-DO01-20-0061
1372,1102,Meralco- Valenzuela Fleet,103-PJ-DO01-20-0062
1373,1102,Meralco- Alabang TWE,103-PJ-DO01-20-0063
1374,1102,Meralco- Balintawak TWE,103-PJ-DO01-20-0064
1375,1102,Meralco- Dasmarinas TWE,103-PJ-DO01-20-0065
1376,1102,Meralco- Manila Central TWE,103-PJ-DO01-20-0066
1377,1102,Meralco- Plaridel TWE,103-PJ-DO01-20-0067
1378,1102,Meralco- Rizal TWE,103-PJ-DO01-20-0068
1379,1102,Meralco- San Joaquin TWE,103-PJ-DO01-20-0069
1380,1102,Meralco- San Pablo TWE,103-PJ-DO01-20-0070
1381,1102,Meralco- Sta. Rosa TWE,103-PJ-DO01-20-0071
1382,1102,Meralco- Valenzuela TWE,103-PJ-DO01-20-0072
1383,1102,MIESCOR-FEMD Project,103-PJ-DO01-20-0073
1384,1102,Motorpool,103-PJ-DO01-20-0074
1385,1102,Atimonan-Transport Serv.w/driver,103-PJ-DO01-20-0075
1386,1102,CEDC-Service Vehicle w/ Driver,103-PJ-DO01-20-0076
1387,1102,MBI Car Rental,103-PJ-DO01-20-0077
1388,1102,Meralco Energy- Car Rental,103-PJ-DO01-20-0078
1389,1102,Meralco Powergen-Car Rental,103-PJ-DO01-20-0079
1390,1102,Meralco-Car Leasing,103-PJ-DO01-20-0080
1391,1102,Meralco-E Sakay (Lessee),103-PJ-DO01-20-0081
1392,1102,Miescor- DUS Transpo,103-PJ-DO01-20-0082
1393,1102,Miescor DUS-CEDC Project (Manlift),103-PJ-DO01-20-0083
1394,1102,MIESCOR- PLDT Transport Rental (16 units,103-PJ-DO01-20-0084
1395,1102,Miescor-Car Rental,103-PJ-DO01-20-0085
1396,1102,Powergen-1 Service Driver,103-PJ-DO01-20-0086
1397,1102,Radius Telecoms Car Rental,103-PJ-DO01-20-0087
1398,1102,Radius-Car Rental,103-PJ-DO01-20-0088
1399,1102,Redondo Peninsula Energy -Transport Serv,103-PJ-DO01-20-0089
1400,1102,Republic Surety-Car Rental,103-PJ-DO01-20-0090
1401,1102,Miescor-ICT Services (Deskside w/laptop),103-PJ-DO01-20-0091
1402,1102,Alabang Sector Janitorial services,103-PJ-DO01-20-0092
1403,1102,Central Inspection Project,103-PJ-DO01-20-0093
1404,1102,Dasmarinas Sector-Janitorial services,103-PJ-DO01-20-0094
1405,1102,MBI - Utility Services,103-PJ-DO01-20-0095
1406,1102,Meco-Learning Dev't Clerical Encodng Ser,103-PJ-DO01-20-0096
1407,1102,Meralco - Office Admin Services,103-PJ-DO01-20-0097
1408,1102,Meralco Info. & Logistics System (Sol'n),103-PJ-DO01-20-0098
1409,1102,Meralco PMO Administrative Support,103-PJ-DO01-20-0099
1410,1102,Meralco-Materials Management,103-PJ-DO01-20-0100
1411,1102,Meralco-Admin Sup Servs@Strategy BDO,103-PJ-DO01-20-0101
1412,1102,Meralco-Area 2 Janitorial,103-PJ-DO01-20-0102
1413,1102,Meralco-Balintawak Janitorial Services,103-PJ-DO01-20-0103
1414,1102,Meralco-Balintawak Metering,103-PJ-DO01-20-0104
1415,1102,Meralco-Balintawak Sect Janitorial Serv,103-PJ-DO01-20-0105
1416,1102,Meralco-Balintawak Sector Encoding Serv,103-PJ-DO01-20-0106
1417,1102,Meralco-Baliuag Janitorial Services,103-PJ-DO01-20-0107
1418,1102,Meralco-Cash Acctg Clerical Services,103-PJ-DO01-20-0108
1419,1102,Meralco-Cataloguing & Vendor Mgt.SS /Mat,103-PJ-DO01-20-0109
1420,1102,Meralco-(MCAO ) Janitorial,103-PJ-DO01-20-0110
1421,1102,Meralco-Clerical Serv-property acctng,103-PJ-DO01-20-0111
1422,1102,Meralco-Clerical Serv-property Accountin,103-PJ-DO01-20-0111
1423,1102,Meralco-Corporate Meter (MSAM),103-PJ-DO01-20-0112
1424,1102,Meralco-Corporate Meter (MSAM),103-PJ-DO01-20-0112
1425,1102,Meralco-CRMO Encoding Services,103-PJ-DO01-20-0113
1426,1102,Meralco-CRMO Encoding Services,103-PJ-DO01-20-0113
1427,1102,Meralco-Dasmariñas Janitorial Services,103-PJ-DO01-20-0114
1428,1102,Meralco-Dasmariñas Janitorial Services,103-PJ-DO01-20-0114
1429,1102,Meralco-Design Encoding Services,103-PJ-DO01-20-0115
1430,1102,Meralco-Design Encoding Services,103-PJ-DO01-20-0115
1431,1102,Meralco-Encoding Serv Valenzuela Sect,103-PJ-DO01-20-0116
1432,1102,Meralco-Encoding Serv Valenzuela Sect,103-PJ-DO01-20-0116
1433,1102,Meralco-Encoding Serv. Central BCOS HMB,103-PJ-DO01-20-0117
1434,1102,Meralco-Encoding Serv. Central BCOS HMB,103-PJ-DO01-20-0117
1435,1102,Meralco-Encoding Serv. North BCOS HMB,103-PJ-DO01-20-0118
1436,1102,Meralco-Encoding Serv. North BCOS HMB,103-PJ-DO01-20-0118
1437,1102,Meralco-Encoding Serv. South BCOS HMB,103-PJ-DO01-20-0119
1438,1102,Meralco-Encoding Serv. South BCOS HMB,103-PJ-DO01-20-0119
1439,1102,Meralco-Encoding Services-San Pablo BC,103-PJ-DO01-20-0120
1440,1102,Meralco-Encoding Services-San Pablo BC,103-PJ-DO01-20-0120
1441,1102,Meralco-Exec Office & BSC Janitorial Ser,103-PJ-DO01-20-0121
1442,1102,Meralco-Exec Office & BSC Janitorial Ser,103-PJ-DO01-20-0121
1443,1102,Meralco-Financial Budgeting Encoding Ser,103-PJ-DO01-20-0122
1444,1102,Meralco-Financial Budgeting Encoding Ser,103-PJ-DO01-20-0122
1445,1102,Meralco-Fitness Center Maint,103-PJ-DO01-20-0123
1446,1102,Meralco-Ground Maint & Elevator Operator,103-PJ-DO01-20-0124
1447,1102,Meralco-Investment & Debt Management,103-PJ-DO01-20-0125
1448,1102,Meralco-Janitorial Serv Malabon,103-PJ-DO01-20-0126
1449,1102,Meralco-Janitorial Serv Valenzuela,103-PJ-DO01-20-0127
1450,1102,Meralco-Janitorial Services@Antipolo LTC,103-PJ-DO01-20-0128
1451,1102,Meralco-Janitorial Services-San Pablo Se,103-PJ-DO01-20-0129
1452,1102,Meralco-Legal Clerical Services,103-PJ-DO01-20-0130
1453,1102,Meralco-Lopez Bldg Janitorial Services,103-PJ-DO01-20-0131
1454,1102,Meralco-Manila BC Janitorial Services,103-PJ-DO01-20-0132
1455,1102,Meralco-Manila Clerical Services Project,103-PJ-DO01-20-0133
1456,1102,Meralco-Manila Metering Services,103-PJ-DO01-20-0134
1457,1102,Meralco-Manila Sector Janitorial Service,103-PJ-DO01-20-0135
1458,1102,Meralco-MEDDS Encoding Services,103-PJ-DO01-20-0136
1459,1102,Meralco-Metering Serv Valenzuela,103-PJ-DO01-20-0137
1460,1102,Meralco-Mgt Operation & Maint strip,103-PJ-DO01-20-0138
1461,1102,Meralco-Planning&Scheduling-Encodingserv,103-PJ-DO01-20-0139
1462,1102,Meralco-Plaridel Encoding Services,103-PJ-DO01-20-0140
1463,1102,Meralco-Plaridel Janitorial&Ground Maint,103-PJ-DO01-20-0141
1464,1102,Meralco-Powergen Janitorial Services,103-PJ-DO01-20-0142
1465,1102,Meralco-Powergen Messengerial,103-PJ-DO01-20-0143
1466,1102,Meralco-Rizal BC Janitorial Services,103-PJ-DO01-20-0144
1467,1102,Meralco-Rizal Clerical Services Project,103-PJ-DO01-20-0145
1468,1102,Meralco-Rizal Metering Services,103-PJ-DO01-20-0146
1469,1102,Meralco-Rizal Sector Janitorial Services,103-PJ-DO01-20-0147
1470,1102,Meralco-San Joaquin BC Janitorial Serv,103-PJ-DO01-20-0148
1471,1102,Meralco-San Joaquin Encoding Services,103-PJ-DO01-20-0149
1472,1102,Meralco-San Joaquin Metering Services,103-PJ-DO01-20-0150
1473,1102,Meralco-San Joaquin Sect Janitorial Serv,103-PJ-DO01-20-0151
1474,1102,Meralco-San Pablo Janitorial Services,103-PJ-DO01-20-0152
1475,1102,Meralco-Sta Rosa BC Janitorial Services,103-PJ-DO01-20-0153
1476,1102,Meralco-Safety and Resiliency,103-PJ-DO01-20-0154
1477,1102,Meralco-Training Facilities Admin Serv,103-PJ-DO01-20-0155
1478,1102,Meralco-TSB Janitorial Services,103-PJ-DO01-20-0156
1479,1102,Mpower Messenger,103-PJ-DO01-20-0157
1480,1102,Miescor-Janitorial Services,103-PJ-DO01-20-0158
1481,1102,Miescor-Messengerial Services,103-PJ-DO01-20-0159
1482,1102,Miescor-Security Admin Staff,103-PJ-DO01-20-0160
1483,1102,MLI-Admin Support Serv.@Parañaque Setor,103-PJ-DO01-20-0161
1484,1102,MLI-Admin Support Serv.@Sta.Rosa Sector,103-PJ-DO01-20-0162
1485,1102,MLI-Admin Support services @Dasma Sector,103-PJ-DO01-20-0163
1486,1102,MLI-Janitorial Services Atimonan & Ortig,103-PJ-DO01-20-0164
1487,1102,MVP-Yard Maintenance,103-PJ-DO01-20-0165
1488,1102,Philippine Economic Zone Authority(PEZA),103-PJ-DO01-20-0166
1489,1102,Plaridel Metering Services,103-PJ-DO01-20-0167
1490,1102,Radius-Clerical and Encoding Services,103-PJ-DO01-20-0168
1491,1102,Radius-Janitorial Services1,103-PJ-DO01-20-0169
1492,1102,Radius-Messengerial Services,103-PJ-DO01-20-0170
1493,1102,Radius-Telecom Lineman Services,103-PJ-DO01-20-0171
1494,1102,Redondo Peninsula-Janitorial Services,103-PJ-DO01-20-0172
1495,1102,Atimonan-Messengerial,103-PJ-DO01-20-0173
1496,1102,San Joaquin Sub-Transmission Lines (STL),103-PJ-DO01-20-0174
1497,1102,Sta. Rosa Sector Janitorial Services SDS,103-PJ-DO01-20-0175
1498,1102,TAKASAGO International (Philippines) Inc,103-PJ-DO01-20-0176
1499,1102,THE HSIN Stockyard Services,103-PJ-DO01-20-0177
1500,1102,LRMC-Utility Personnel,103-PJ-DO01-20-0178
1501,1102,Meralco-Encoding Services at Special Pro,103-PJ-DO01-20-0179
1502,1102,Meralco-Admin Support Services @ Strateg,103-PJ-DO01-20-0180
1503,1102,MSERV-Job Contracting Services and Vehic,103-PJ-DO01-20-0181
1504,1102,Mspectrum-Liason Officer & Staff,103-PJ-DO01-20-0182
1505,1102,Meralco-S&I ACU@Various Office@Ortigas,103-PJ-DO01-20-0183
1506,1102,"BPI-Blanket JO(PMS,Corr,Repair)",103-PJ-DO01-20-0184
1507,1102,Miescor-PM ACU at DUS Katipunan,103-PJ-DO01-20-0185
1508,1102,Toyota-FDAS at Painting Area,103-PJ-DO01-20-0186
1509,1102,Meralco-Renovation Bldg FAC Balagtas BC,103-PJ-DO01-20-0187
1510,1102,Meralco-Conts Perimeter Fence@Valenzeula,103-PJ-DO01-20-0188
1511,1102,Radius-Office Renovation @Clark Freeport,103-PJ-DO01-20-0189
1512,1102,AU- St Theater&Gallery Roof Improvement,103-PJ-DO01-20-0190
1513,1102,Manila Water- Repair Damage Gate,103-PJ-DO01-20-0191
1514,1102,Manila Water- Design & Build Whse of PAC,103-PJ-DO01-20-0192
1515,1102,Radius-Whse Racking System@Mandaluyong,103-PJ-DO01-20-0193
1516,1102,Meralco-Waste Segregation Services,103-PJ-DO01-20-0194
1517,1102,Meralco-Rep Defective Sub-Pump Pala-Pala,103-PJ-DO01-20-0195
1518,1102,PHSI-Conv Hemodialysis RM -Consult RM,103-PJ-DO01-20-0196
1519,1102,ATI-S&L Matl's Rep Worn-out Man&Signage,103-PJ-DO01-20-0197
1520,1102,ATI-Safety Rep worn-out PVC door@PIER CR,103-PJ-DO01-20-0198
1521,1102,LW- Inst. & Supply of FireDet & AlarmSy,103-PJ-DO01-20-0199
1522,1102,MIESCOR-PM of ACU @ Manolo Fortich NGCP,103-PJ-DO01-20-0200
1523,1102,ATI-Repair of damaged 1 concrete fender,103-PJ-DO01-20-0201
1524,1102,ATI-One year monthly maint. of reefer,103-PJ-DO01-20-0202
1525,1102,ATI-Roof Repair @ATIB Transit Shed,103-PJ-DO01-20-0203
1526,1102,MIESCOR-30TR ACU installation @4flr,103-PJ-DO01-20-0204
1527,1102,MERALCO - Repair of roll-up door,103-PJ-DO01-20-0205
1528,1102,ATI-SAFETY Repair of pedestrian self-clo,103-PJ-DO01-20-0206
1529,1102,ATI-SAFETY-Design and Inst of Evacuation,103-PJ-DO01-20-0207
1530,1102,ATI-SAFETY-Design&Repair of (4sets) self,103-PJ-DO01-20-0208
1531,1102,ATI-Repair of damaged drainage manhole,103-PJ-DO01-20-0209
1532,1102,ATI-Repair of damaged roof at ops bldg,103-PJ-DO01-20-0210
1533,1102,ATI-Replacement wornout rubber humps ICD,103-PJ-DO01-20-0211
1534,1102,MIESCOR-Inst. of Wall Mounted Type ACU,103-PJ-DO01-20-0212
1535,1102,ATI-The Repair of Damaged Booth1 @ Gate2,103-PJ-DO01-20-0213
1536,1102,Maynilad-Proposed Const. of Noveleta Sep,103-PJ-DO01-20-0214
1537,1102,MWCI-3TR CEILING MOUNTED ACU IVERTER TYP,103-PJ-DO01-20-0215
1538,1102,"MWCI-S&I of ACU@Pinagsama STP, MCC Room",103-PJ-DO01-20-0216
1539,1102,"MWCI-S&I OF ACU @OLANDES STP, MCC ROOM",103-PJ-DO01-20-0217
1540,1102,MWCI-S&I of Window Type ACU,103-PJ-DO01-20-0218
1541,1102,MWCI-S&Iof3TR CeilingCassetteTypeACURev1,103-PJ-DO01-20-0219
1542,1102,MIESCOR-S&I of WindowTypeACU,103-PJ-DO01-20-0220
1543,1102,ATI-RENOV OF OPERATIONS CONFERNCE RM BCT,103-PJ-DO01-20-0221
1544,1102,Meralco-BDE Admin Services,103-PJ-DO01-20-0222
1545,1102,MIESCOR-Various Projects,103-PJ-DO01-20-0223
1546,1102,E-SAKAY-ADMINISTRATIVE SUPPORT SERVICES,103-PJ-DO01-20-0224
1547,1102,MIESCOR-MOTORIZED MESSENGER,103-PJ-DO01-20-0225
1548,1102,SLMC-CENTRALIZED EYEWASH SYSTEM FOR EMER,103-PJ-DO01-20-0226
1549,1102,Toyota-GenAssessment&TroubleShooting&Pre,103-PJ-DO01-20-0227
1550,1102,MIESCOR-Discaling of Chilled Water ACU,103-PJ-DO01-20-0228
1551,1102,MIESCOR-Checkup&Diagnosis of ACU,103-PJ-DO01-20-0229
1552,1102,"Miescor Trading-Kitting,Repacking Sort",103-PJ-DO01-20-0230
1553,1102,Meralco-RTA Encoding Services,103-PJ-DO01-20-0231
1554,1102,Radius-Warehousing Servs@Manadaluyong,103-PJ-DO01-20-0232
1555,1102,Texicon Agri Ventures Corp-Vehicle,103-PJ-DO01-20-0233
1556,1102,MSERV-AHU Access Door Cooling Coil Maint,103-PJ-DO01-20-0234
1557,1102,MERALCO-ESO ADMIN SUPPORT SERVICES,103-PJ-DO01-20-0235
1558,1102,MIESCOR-REPLACEMENT OF MOTOR COMPRESSOR,103-PJ-DO01-20-0236
1559,1102,Sky Cable Corp.-S&I of ACU,103-PJ-DO01-20-0237
1560,1102,Radius-Fleet Management,103-PJ-DO01-20-0238
1561,1102,LW-Design&Build of Lifting Station&Force,103-PJ-DO01-20-0239
1562,1102,ATI-Replacement of worn-out rain gutter,103-PJ-DO01-20-0240
1563,1102,ADU-CONSTRUCTION OF CIL OFFICE & STUDIOS,103-PJ-DO01-20-0241
1564,1102,MIESCOR-TELECOM RADIUS COLOC PROJECT,103-PJ-DO01-20-0242
1565,1102,MWCI-Re-roofing installation @ Taguig BA,103-PJ-DO01-20-0243
1566,1102,Miescor-Special Projects-Mr. Aperocho,103-PJ-DO01-20-0244
1567,1102,Miescor-UAM Office @Barangka Marikina,103-PJ-DO01-20-0245
1568,1102,"Toyota Motor-S&I, re-routing/piping CCTV",103-PJ-DO01-20-0246
1569,1102,Miescor-Sup&Inst ACU@Meralco-Alagao 69KV,103-PJ-DO01-20-0247
1570,1102,Meralco Manila Warehousing Project,103-PJ-DO01-21-0001
1571,1102,Meralco Rizal Warehousing Project,103-PJ-DO01-21-0002
1572,1102,Meralco Pasig Warehousing Project,103-PJ-DO01-21-0003
1573,1102,Meralco Ortigas Warehousing Project,103-PJ-DO01-21-0004
1574,1102,Meralco Kamias Warehousing Project,103-PJ-DO01-21-0005
1575,1102,Meralco Parañaque Warehousing Project,103-PJ-DO01-21-0006
1576,1102,Meralco Cavite Warehousing Project,103-PJ-DO01-21-0007
1577,1102,Meralco San Pablo Warehousing Project,103-PJ-DO01-21-0008
1578,1102,Meralco Sta Rosa Warehousing Project,103-PJ-DO01-21-0009
1579,1102,Meralco Batangas Warehousing Project,103-PJ-DO01-21-0010
1580,1102,Meralco Pagbilao Warehousing Project,103-PJ-DO01-21-0011
1581,1102,Meralco Kamuning Substation Support Whse,103-PJ-DO01-21-0012
1582,1102,Meralco MMO Hauling Services,103-PJ-DO01-21-0013
1583,1102,Radius Kamias Warehousing Project,103-PJ-DO01-21-0014
1584,1102,Radius BSC Warehousing Project,103-PJ-DO01-21-0015
1585,1102,MWCI-Warehousing Project,103-PJ-DO01-21-0016
1586,1102,Miescor-Trading&Repacking,103-PJ-DO01-21-0017
1587,1102,Radius-Whsng Services 4 Mandauyong,103-PJ-DO01-21-0018
1588,1102,Meralco Plaridel Warehousing Project,103-PJ-DO01-21-0019
1589,1102,Meralco Valenzuela Warehousing Project,103-PJ-DO01-21-0020
1590,1102,Meralco Balintawak Warehousing Project,103-PJ-DO01-21-0021
1591,1102,SCG-Roll Handling Services & Warehouse 1,103-PJ-DO01-21-0022
1592,1102,Meralco-Corr&Prev Maint. of IG 100 FSS,103-PJ-DO01-21-0023
1593,1102,Meralco-Parañaque facilities,103-PJ-DO01-21-0024
1594,1102,Meralco-Area 1 & 3 Maintenance Services,103-PJ-DO01-21-0025
1595,1102,Meralco-Balintawak facilities,103-PJ-DO01-21-0026
1596,1102,Meralco-Dasmariñas facilities,103-PJ-DO01-21-0027
1597,1102,Meralco-Manila Facilities,103-PJ-DO01-21-0028
1598,1102,Meralco-Plaridel facilities,103-PJ-DO01-21-0029
1599,1102,Meralco-Repair & Maint. B&G & BSC,103-PJ-DO01-21-0030
1600,1102,Meralco-Rizal Facilities,103-PJ-DO01-21-0031
1601,1102,Meralco-San Joaquin Facilities,103-PJ-DO01-21-0032
1602,1102,Meralco-San Pablo facilities,103-PJ-DO01-21-0033
1603,1102,Meralco-Sta Rosa facilities,103-PJ-DO01-21-0034
1604,1102,Meralco-Theater Operations,103-PJ-DO01-21-0035
1605,1102,Meralco-TSB Maintenance,103-PJ-DO01-21-0036
1606,1102,Meralco-Valenzuela facilities,103-PJ-DO01-21-0037
1607,1102,Meralco-Waste Segregation Services,103-PJ-DO01-21-0038
1608,1102,Robinsons-Tech Maint Services,103-PJ-DO01-21-0039
1609,1102,Bayad Center-Preventive&Maint. of Aircon,103-PJ-DO01-21-0040
1610,1102,LRMC-PMS of ACU at Depot Aurora Pasay,103-PJ-DO01-21-0041
1611,1102,Maynilad-Additional 4 Personel,103-PJ-DO01-21-0042
1612,1102,Maynilad-Bldg Repair & Maint. Services,103-PJ-DO01-21-0043
1613,1102,Maynilad-Supply ACU Parts,103-PJ-DO01-21-0044
1614,1102,Meralco - MSAM  (MEOE04),103-PJ-DO01-21-0045
1615,1102,Meralco-Shallow wells w/ Pump Maint,103-PJ-DO01-21-0046
1616,1102,Meralco-Substation Aircon Maintenance,103-PJ-DO01-21-0047
1617,1102,Meralco-Yard & Control House Maint,103-PJ-DO01-21-0048
1618,1102,Miescor-Leadman,103-PJ-DO01-21-0049
1619,1102,MSPECTRUM-Arcadia,103-PJ-DO01-21-0050
1620,1102,MWCI-Preventive Maintenance ACU Project,103-PJ-DO01-21-0051
1621,1102,NLEX Ventilation & Air Condition Service,103-PJ-DO01-21-0052
1622,1102,Various Clients-Supply and Installation,103-PJ-DO01-21-0053
1623,1102,Personal Collection- PMS ACU,103-PJ-DO01-21-0054
1624,1102,Meralco- Alabang Fleet,103-PJ-DO01-21-0055
1625,1102,Meralco- Balintawak Fleet,103-PJ-DO01-21-0056
1626,1102,Meralco- Dasmarinas Fleet,103-PJ-DO01-21-0057
1627,1102,Meralco- Manila Central Fleet,103-PJ-DO01-21-0058
1628,1102,Meralco- Ortigas Fleet,103-PJ-DO01-21-0059
1629,1102,Meralco- Plaridel Fleet,103-PJ-DO01-21-0060
1630,1102,Meralco- Rizal Fleet,103-PJ-DO01-21-0061
1631,1102,Meralco- San Joaquin Fleet,103-PJ-DO01-21-0062
1632,1102,Meralco- San Pablo Fleet,103-PJ-DO01-21-0063
1633,1102,Meralco- Sta. Rosa Fleet,103-PJ-DO01-21-0064
1634,1102,Meralco- Valenzuela Fleet,103-PJ-DO01-21-0065
1635,1102,Meralco- Alabang TWE,103-PJ-DO01-21-0066
1636,1102,Meralco- Balintawak TWE,103-PJ-DO01-21-0067
1637,1102,Meralco- Dasmarinas TWE,103-PJ-DO01-21-0068
1638,1102,Meralco- Manila Central TWE,103-PJ-DO01-21-0069
1639,1102,Meralco- Plaridel TWE,103-PJ-DO01-21-0070
1640,1102,Meralco- Rizal TWE,103-PJ-DO01-21-0071
1641,1102,Meralco- San Joaquin TWE,103-PJ-DO01-21-0072
1642,1102,Meralco- San Pablo TWE,103-PJ-DO01-21-0073
1643,1102,Meralco- Sta. Rosa TWE,103-PJ-DO01-21-0074
1644,1102,Meralco- Valenzuela TWE,103-PJ-DO01-21-0075
1645,1102,MIESCOR-FEMD Project,103-PJ-DO01-21-0076
1646,1102,Motorpool,103-PJ-DO01-21-0077
1647,1102,Powergen- Drivers,103-PJ-DO01-21-0078
1648,1102,Atimonan One Energy-Transport Serv.w/dri,103-PJ-DO01-21-0079
1649,1102,CEDC-Service Vehicle w/ Driver,103-PJ-DO01-21-0080
1650,1102,MBI Car Rental,103-PJ-DO01-21-0081
1651,1102,Meralco-Car Leasing,103-PJ-DO01-21-0082
1652,1102,Meralco-E-SAKAY INC.,103-PJ-DO01-21-0083
1653,1102,Miescor- DUS Transpo,103-PJ-DO01-21-0084
1654,1102,MIESCOR- Telecoms,103-PJ-DO01-21-0085
1655,1102,Miescor-Car Rental,103-PJ-DO01-21-0086
1656,1102,Mpioneer-Car Rental,103-PJ-DO01-21-0087
1657,1102,MSERVE- Car Rental,103-PJ-DO01-21-0088
1658,1102,Powersource First Bulacan Solar Inc,103-PJ-DO01-21-0089
1659,1102,Radius Telecoms,103-PJ-DO01-21-0090
1660,1102,Radius-Car Rental,103-PJ-DO01-21-0091
1661,1102,Radius-Drivers,103-PJ-DO01-21-0092
1662,1102,Redondo Peninsula Energy -Transport Serv,103-PJ-DO01-21-0093
1663,1102,Texicon Agri Ventures Corporation-Vehicl,103-PJ-DO01-21-0094
1664,1102,MIESCOR ICT SERVICES,103-PJ-DO01-21-0095
1665,1102,PARANAQUE SECTOR JANITORIAL SERVICES (Al,103-PJ-DO01-21-0096
1666,1102,MERALCO MANILA METERING SECURITY (CIP),103-PJ-DO01-21-0097
1667,1102,DASMARINAS SECTOR JANITORIAL SERVICES,103-PJ-DO01-21-0098
1668,1102,"Miescor Builders, Inc. Janitorial Servic",103-PJ-DO01-21-0099
1669,1102,MERALCO LEARNING & DEVELOPMENT PROFESSIO,103-PJ-DO01-21-0100
1670,1102,Meralco Procurement Admin Support & Prof,103-PJ-DO01-21-0101
1671,1102,Meralco Information & Logistics System,103-PJ-DO01-21-0102
1672,1102,Meralco Corporate Tech & Transform (PMO),103-PJ-DO01-21-0103
1673,1102,Meralco Materials Management Admin Supp,103-PJ-DO01-21-0104
1674,1102,MERALCO B&G AREA 2 Janitorial Services,103-PJ-DO01-21-0105
1675,1102,MERALCO BALINTAWAK BC JANITORIAL SERVs,103-PJ-DO01-21-0106
1676,1102,MERALCO BALINTAWAK METER WAREHOUSE MAINT,103-PJ-DO01-21-0107
1677,1102,MERALCO BALINTAWAK SECTOR JANITORIAL SER,103-PJ-DO01-21-0108
1678,1102,MERALCO BALINTAWAK SECTOR CLERICAL SERVI,103-PJ-DO01-21-0109
1679,1102,MERALCO PLARIDEL BC (BALIUAG) JANITORIAL,103-PJ-DO01-21-0110
1680,1102,Meralco Cash Accounting /Assurance,103-PJ-DO01-21-0111
1681,1102,MERALCO Vendor Management & Catalouging,103-PJ-DO01-21-0112
1682,1102,MERALCO CENTRAL BUSS AREA JANITORIAL SER,103-PJ-DO01-21-0113
1683,1102,Meralco Property Accounting (AOC),103-PJ-DO01-21-0114
1684,1102,Meralco Corporate Meter Handling & Whse,103-PJ-DO01-21-0115
1685,1102,MERALCO CRS CLERICAL SERVICES,103-PJ-DO01-21-0116
1686,1102,MERALCO DASMARINAS BC JANITORIAL SERVICE,103-PJ-DO01-21-0117
1687,1102,MERALCO ENGINEERING DESIGN ENCODING SERV,103-PJ-DO01-21-0118
1688,1102,MERALCO VALENZUELA SECTOR CLERICAL SERVs,103-PJ-DO01-21-0119
1689,1102,MERALCO CENTRAL HMB ENCODING SERVICES,103-PJ-DO01-21-0120
1690,1102,MERALCO NORTH HMB ENCODING SERVICES,103-PJ-DO01-21-0121
1691,1102,MERALCO SOUTH HMB ENCODING SERVICES,103-PJ-DO01-21-0122
1692,1102,MERALCO SAN PABLO SECTOR CLERICAL SERVs,103-PJ-DO01-21-0123
1693,1102,MERALCO Executive Office&BSC Janitorial,103-PJ-DO01-21-0124
1694,1102,MERALCO FINANCIAL PLANNING,103-PJ-DO01-21-0125
1695,1102,Meralco FCFM & Janitorial Services,103-PJ-DO01-21-0126
1696,1102,Meralco-G/L Maint and EO Services,103-PJ-DO01-21-0127
1697,1102,Meralco-I & DMA Support Services,103-PJ-DO01-21-0128
1698,1102,Meralco-Val BC (Malabon) Janitorial Serv,103-PJ-DO01-21-0129
1699,1102,Meralco-Val Sect G/L Maint&Janitorial,103-PJ-DO01-21-0130
1700,1102,Meralco-LTC Antipolo Janitorial Serv's,103-PJ-DO01-21-0131
1701,1102,Meralco-San Pablo Sector Janitorial Serv,103-PJ-DO01-21-0132
1702,1102,Meralco-Legal clerical services,103-PJ-DO01-21-0133
1703,1102,Meralco-Lopez Janitorial Services,103-PJ-DO01-21-0134
1704,1102,Meralco-Manila BC Janitorial Services,103-PJ-DO01-21-0135
1705,1102,Meralco-manila Sector Clerical services,103-PJ-DO01-21-0136
1706,1102,Meralco Manila Meter Whse Maint Serv's,103-PJ-DO01-21-0137
1707,1102,Meralco Manila Sector Janitorial Service,103-PJ-DO01-21-0138
1708,1102,Meralco MEDDS Admin Support Services,103-PJ-DO01-21-0139
1709,1102,Meralco-Val Meter Whse Maint Services,103-PJ-DO01-21-0140
1710,1102,Meralco Investment Management O&M Strip,103-PJ-DO01-21-0141
1711,1102,Meralco-Plan & Schedule Encoding Serv's,103-PJ-DO01-21-0142
1712,1102,Meralco-Plaridel Sector Clerical Service,103-PJ-DO01-21-0143
1713,1102,Meralco-Plaridel G/L Maint & Janitorial,103-PJ-DO01-21-0144
1714,1102,Powergen Janitorial Services,103-PJ-DO01-21-0145
1715,1102,Powergen Messengerial Services,103-PJ-DO01-21-0146
1716,1102,Meralco Rizal BC Janitorial services,103-PJ-DO01-21-0147
1717,1102,Meralco Rizal Sector Clerical Services,103-PJ-DO01-21-0148
1718,1102,Meralco Rizal Meter Warehouse Maint Serv,103-PJ-DO01-21-0149
1719,1102,Meralco Rizal Sector Janitorial services,103-PJ-DO01-21-0150
1720,1102,Meralco Pasig BC Janitorial Services,103-PJ-DO01-21-0151
1721,1102,mMeralco Pasig Sector Clerical Services,103-PJ-DO01-21-0152
1722,1102,Meralco Pasig Meter Warehouse Maint Serv,103-PJ-DO01-21-0153
1723,1102,Meralco Pasig Sector Janitorial Services,103-PJ-DO01-21-0154
1724,1102,Meralco San Pablo BC Janitorial Services,103-PJ-DO01-21-0155
1725,1102,Meralco Sta Rosa BC Janitorial Services,103-PJ-DO01-21-0156
1726,1102,Meralco OS&Resiliency (Vehicle Reg),103-PJ-DO01-21-0157
1727,1102,Meralco Training Facilities Admin Servic,103-PJ-DO01-21-0158
1728,1102,Meralco TSB Area 2 Janitorial Services,103-PJ-DO01-21-0159
1729,1102,MPower R.E.S. Messengerial Services,103-PJ-DO01-21-0160
1730,1102,Miescor Janitorial Services,103-PJ-DO01-21-0161
1731,1102,Miescor Security Admin Support Services,103-PJ-DO01-21-0162
1732,1102,Meralco Parañaque Sector Clerical Servic,103-PJ-DO01-21-0163
1733,1102,Meralco Sta Rosa Sector Clerical Service,103-PJ-DO01-21-0164
1734,1102,Meralco Dasmarinas Sector Clerical Servi,103-PJ-DO01-21-0165
1735,1102,Atimonan One Energy Janitorial Services,103-PJ-DO01-21-0166
1736,1102,MVP Yard Maintenance Services,103-PJ-DO01-21-0167
1737,1102,Meralco  Ecozone Power (PEZA) Janitorial,103-PJ-DO01-21-0168
1738,1102,Meralco Plaridel Meter Warehouse Maint,103-PJ-DO01-21-0169
1739,1102,"Radius Telecom, Inc- Clerical Services",103-PJ-DO01-21-0170
1740,1102,"Radius Telecom, Inc- Janitorial Services",103-PJ-DO01-21-0171
1741,1102,"Radius Telecom, Inc- Messengerial Servic",103-PJ-DO01-21-0172
1742,1102,"Radius Telecom, Inc- Telecom Services",103-PJ-DO01-21-0173
1743,1102,Redondo Peninsula Energy Janitorial Serv,103-PJ-DO01-21-0174
1744,1102,Atimonan One Energy Messengerial Service,103-PJ-DO01-21-0175
1745,1102,Meralco-(STS) Engng & Clerical Services,103-PJ-DO01-21-0176
1746,1102,Meralco-Sta Rosa Sector janitorial Servi,103-PJ-DO01-21-0177
1747,1102,TAKASAGO Job Contracting Services,103-PJ-DO01-21-0178
1748,1102,TEH HSIN Job Contracting Services,103-PJ-DO01-21-0179
1749,1102,Meralco-SS & VM Admin Support Services,103-PJ-DO01-21-0180
1750,1102,Meralco Energy (MSERV) Job Contracting,103-PJ-DO01-21-0181
1751,1102,MSpectrum Job Contracting Services,103-PJ-DO01-21-0182
1752,1102,Esakay Admin Support Services,103-PJ-DO01-21-0183
1753,1102,Miescor Finance Motorized Messenger,103-PJ-DO01-21-0184
1754,1102,Meralco Energy Sourcing Admin Support Se,103-PJ-DO01-21-0185
1755,1102,Meralco-Inst.GlassDoor@ 5&6F Lopez,103-PJ-DO01-21-0186
1756,1102,Meralco-gen.Renovation works @Tagaytay,103-PJ-DO01-21-0187
1757,1102,St Lukes- Re-Inst. Refrigerant Pipes VRF,103-PJ-DO01-21-0188
1758,1102,Meralco-Inst Glass Board @9th Flr Lopez,103-PJ-DO01-21-0189
1759,1102,"CIGNALTV-Roll up shades,Doors@Manda",103-PJ-DO01-21-0190
1760,1102,MWCI-Demob Pull out Container@Head Offic,103-PJ-DO01-21-0191
1761,1102,Radius-BSC/NOC Office Renovation,103-PJ-DO01-21-0192
1762,1102,"Radius-Drywall,Flush Door HR&Admin@BSC",103-PJ-DO01-21-0193
1763,1102,MIESCOR-PM (TELECOMS) Company Vehicles,103-PJ-DO01-21-0194
1764,1102,MSERV-Vendor Coordination & Admin Suppor,103-PJ-DO01-21-0195
1765,1102,Miescor- Finance Clerk Service,103-PJ-DO01-21-0196
1766,1102,FEMD-Warehouseman for Material MGT,103-PJ-DO01-21-0197
1767,1102,Adamson-Relocation Purchasing Office,103-PJ-DO01-21-0198
1768,1102,Miescor-S&I 2.0 ACU Anonas Telecom QC,103-PJ-DO01-21-0199
1769,1102,Miescor-PM ACU at Bunawan Substation,103-PJ-DO01-21-0200
1770,1102,Miescor UAM - Janitorial Services,103-PJ-DO01-21-0201
1771,1102,Meralco-Warehouse Mgt Ortigas Center,103-PJ-DO01-21-0202
1772,1102,Miescor-Rplacement Vinyl Tiles @ 3rd Flr,103-PJ-DO01-21-0203
1773,1102,Miescor-Supply and Inst ACU 3rd Flr,103-PJ-DO01-21-0204
1774,1102,Meralco-Admin Servs Tax Mgt Office,103-PJ-DO01-21-0205
1775,1102,"DSM-Topography Survey,Asbuilt&Profiling",103-PJ-DO01-21-0206
1776,1102,MW-NOA BNR Palosapis STP to East Avenue,103-PJ-DO01-21-0207
1777,1102,Meralco-Rep.Defective Compressor @ Val,103-PJ-DO01-21-0208
1778,1102,St Lukes- Inst.Emergency Eye WashFME-MED,103-PJ-DO01-21-0209
1779,1102,St Lukes- Electrical Works FME-EED,103-PJ-DO01-21-0210
1780,1102,St Lukes- Mechanical Works FME-Cons&Mgt,103-PJ-DO01-21-0211
1781,1102,Miescor-DUS (PM ACU),103-PJ-DO01-21-0212
1782,1102,PLDT/FPLA S&I Power Sup@Helipad Antipolo,103-PJ-DO01-21-0213
1783,1102,Toyota- PM Electrical Load Center,103-PJ-DO01-21-0214
1784,1102,miescor-Katipunan Doc Center at QC,103-PJ-DO01-21-0215
1785,1102,Miescor-PMS/CMS Telecoms,103-PJ-DO01-21-0216
1786,1102,Miescor-PMS/CMS Home Office,103-PJ-DO01-21-0217
1787,1102,Miescor-PMS/CMS UAM,103-PJ-DO01-21-0218
1788,1102,Miescor-PMS/CMS DUS,103-PJ-DO01-21-0219
1789,1102,E-Sakay Manpower Servs AC Charger,103-PJ-DO01-21-0220
1790,1102,Meralco-Admin Serv's Employee & LRO,103-PJ-DO01-21-0221
1791,1102,MVP-Replacement of Roll up motor,103-PJ-DO01-21-0222
1792,1102,St Lukes-Rental Charged Diesel Power Gen,103-PJ-DO01-21-0223
1793,1102,DFA-Upgrading Elec.AsBuilt OCA-Aseana,103-PJ-DO01-21-0224
1794,1102,E-Sakay DC Charging Station Installation,103-PJ-DO01-21-0225
1795,1102,Miescor-Sup&Inst ACU Antipolo 230KV SS,103-PJ-DO01-21-0226
1796,1102,St Lukes- Fuel Pump Motor (FME-EED),103-PJ-DO01-21-0227
1797,1102,St Lukes- Elect.Feeder Line Back up ACU,103-PJ-DO01-21-0228
1798,1102,Miescor-Utility Servs Miescor Telecoms,103-PJ-DO01-21-0229
1799,1102,MWCI-BNR Fortville STP Diego Silang LSP,103-PJ-DO01-21-0230
1800,1102,UE-Fire Supp HRM Bldg Caloocan City,103-PJ-DO01-21-0231
1801,1102,Maeralco-Rehab Drainnage Balintawak Sect,103-PJ-DO01-21-0232
1802,1102,One Meralco Foundation-Conts V.Garden,103-PJ-DO01-21-0233
1803,1102,Meralco-(NTAM) Admin Support Services,103-PJ-DO01-21-0234
1804,1102,Meralco-HWM (Admin Support Services,103-PJ-DO01-21-0235
1805,1102,Meralco-HWMRollout (Admin Support Servs,103-PJ-DO01-21-0236
1806,1102,Meralco-Transpo Services for Metering,103-PJ-DO01-21-0237
1807,1102,MWCI-Taguig line booster Relocation Proj,103-PJ-DO01-21-0238
1808,1102,Miescor-ACU Maramag & Bunawan SS,103-PJ-DO01-21-0239
1809,1102,Meralco Conversion of Existing Lights,103-PJ-DO01-21-0240
1810,1102,Meralco InstallRep Air Handling@Lopez,103-PJ-DO01-21-0241
1811,1102,Meralco-Supply&Install ACU@MOC Ortigas,103-PJ-DO01-21-0242
1812,1102,MBI-Window Type ACU at San Mateo,103-PJ-DO01-21-0243
1813,1102,Meralco-R&M Submersible Pump @Plaridel,103-PJ-DO01-21-0244
1814,1102,Miescor-Document Analyst,103-PJ-DO01-21-0245
1815,1102,Sky-PM Fire Suppresion@ Vergara and DTH,103-PJ-DO01-21-0246
1816,1102,PLDT-S&I Power Sup Gravel Parking Antipo,103-PJ-DO01-21-0247
1817,1102,Miescor-Civil Works Rob Summit,103-PJ-DO01-21-0248
1818,1102,Miescor-2 Units ACU NGCP Antipolo SS,103-PJ-DO01-21-0249
1819,1102,Maynilad-Roofing Potassion Dosing Area,103-PJ-DO01-21-0250
1820,1102,Miescor-Supply Fan Motor 5fl ICT dept,103-PJ-DO01-21-0251
1821,1102,St Jude College-Installation ACU,103-PJ-DO01-21-0252
1822,1102,LBC-ACU Cleaning Pasay City,103-PJ-DO01-21-0253
1823,1102,Construction of Staging Area -COST,103-PJ-DO01-21-0254
1824,1102,Meralco-Paranaque Meter Whse Maint SMSS,103-PJ-DO01-21-0255
1825,1102,CFS-Construction of filing cabinet,103-PJ-DO01-21-0256
1826,1102,Sky Cable-Structural Assessment@ ABS-CBN,103-PJ-DO01-21-0257
1827,1102,Meralco-Renov Subic Binictan Staff House,103-PJ-DO01-21-0258
1828,1102,Meralco-Sup&Inst Vinyl Tiles @Malate BC,103-PJ-DO01-21-0259
1829,1102,Miescor-2UT ACU Hitachi at 5th Flr,103-PJ-DO01-21-0260
1830,1102,Meralco- Smart Demo Testing Lab,103-PJ-DO01-21-0261
1831,1102,Miescor-  1UT ACU Hitachi at 4th Flr,103-PJ-DO01-21-0262
1832,1102,Meralco-Repair Rehab Balintawak Logi Cal,103-PJ-DO01-21-0263
1833,1102,"Meralco-Carpentry,Interior Lopez Basemen",103-PJ-DO01-21-0264
1834,1102,ATI-Various Repair works Pass Term Bldg,103-PJ-DO01-21-0265
1835,1102,Meralco-SMSS san pablo warehouse meter,103-PJ-DO01-21-0266
1836,1102,Meralco-Rehab Oil Sep Trans Bldg MOC,103-PJ-DO01-21-0267
1837,1102,Meralco-Documents & Record Ass Servs,103-PJ-DO01-21-0268
1838,1102,Maynilad-Panel Housing@Lamesa TP1,103-PJ-DO01-21-0269
1839,1102,Miescor-Const Sec Containment KAMIAS,103-PJ-DO01-21-0270
1840,1102,ADMU-Rep&Maint VRF ACU Gesu Church,103-PJ-DO01-21-0271
1841,1102,Meralco-Const Fence & GE Balagtas BC,103-PJ-DO01-21-0272
1842,1102,Meralco-Renov PT Testing Area STS Bldg,103-PJ-DO01-21-0273
1843,1102,Meralco Manila Warehousing Project,103-PJ-DO01-22-0001
1844,1102,Meralco Rizal Warehousing Project,103-PJ-DO01-22-0002
1845,1102,Meralco Pasig Warehousing Project,103-PJ-DO01-22-0003
1846,1102,Meralco Ortigas Warehousing Project,103-PJ-DO01-22-0004
1847,1102,Meralco Kamias Warehousing Project,103-PJ-DO01-22-0005
1848,1102,Meralco Parañaque Warehousing Project,103-PJ-DO01-22-0006
1849,1102,Meralco Cavite Warehousing Project,103-PJ-DO01-22-0007
1850,1102,Meralco San Pablo Warehousing Project,103-PJ-DO01-22-0008
1851,1102,Meralco Sta Rosa Warehousing Project,103-PJ-DO01-22-0009
1852,1102,Meralco Batangas Warehousing Project,103-PJ-DO01-22-0010
1853,1102,Meralco Pagbilao Warehousing Project,103-PJ-DO01-22-0011
1854,1102,Meralco Kamuning Substation Support Whse,103-PJ-DO01-22-0012
1855,1102,Meralco MMO Hauling Services,103-PJ-DO01-22-0013
1856,1102,Radius Kamias Warehousing Project,103-PJ-DO01-22-0014
1857,1102,Radius BSC Warehousing Project,103-PJ-DO01-22-0015
1858,1102,Radius-Mandaluyong Warehouse,103-PJ-DO01-22-0016
1859,1102,Manila Water Company Inc Warehousing Pro,103-PJ-DO01-22-0017
1860,1102,Miescor-Trading&Repacking,103-PJ-DO01-22-0018
1861,1102,SCG-Roll Handling Servs&Warehouse1&2MHO,103-PJ-DO01-22-0019
1862,1102,Meralco Ortigas Center Warehousing Proje,103-PJ-DO01-22-0020
1863,1102,Meralco ICT Warehousing Project,103-PJ-DO01-22-0021
1864,1102,Miescor Warehouse Barangka,103-PJ-DO01-22-0022
1865,1102,Plaridel facilities,103-PJ-DO01-22-0023
1866,1102,Valenzuela facilities,103-PJ-DO01-22-0024
1867,1102,Balintawak facilities,103-PJ-DO01-22-0025
1868,1102,Parañaque Facilities,103-PJ-DO01-22-0026
1869,1102,Dasmariñas facilities,103-PJ-DO01-22-0027
1870,1102,Sta. Rosa facilities,103-PJ-DO01-22-0028
1871,1102,San Pablo facilities,103-PJ-DO01-22-0029
1872,1102,Rizal Facilities,103-PJ-DO01-22-0030
1873,1102,Manila Facilities,103-PJ-DO01-22-0031
1874,1102,San Joaquin Facilities,103-PJ-DO01-22-0032
1875,1102,TSB Maintenance,103-PJ-DO01-22-0033
1876,1102,Area 1&3 Maintenance,103-PJ-DO01-22-0034
1877,1102,B & G Maintenance,103-PJ-DO01-22-0035
1878,1102,Theater Operation,103-PJ-DO01-22-0036
1879,1102,Waste Segregation,103-PJ-DO01-22-0037
1880,1102,Robinsons Maintenance,103-PJ-DO01-22-0038
1881,1102,Bayad Center-Preventive&Maint. of Aircon,103-PJ-DO01-22-0039
1882,1102,LRMC-PMS of ACU at Depot Aurora Pasay,103-PJ-DO01-22-0040
1883,1102,Meralco - Shallow Wells w/ Pump Maint,103-PJ-DO01-22-0041
1884,1102,Meralco - Substation Aircon Maintenance,103-PJ-DO01-22-0042
1885,1102,Meralco - Yard & Control House Maintenan,103-PJ-DO01-22-0043
1886,1102,Miescor - Leadman,103-PJ-DO01-22-0044
1887,1102,MIESCOR - Aircon Technician,103-PJ-DO01-22-0045
1888,1102,Mspectrum - Arcadia,103-PJ-DO01-22-0046
1889,1102,MWCI - Preventive Maintenance ACU Projec,103-PJ-DO01-22-0047
1890,1102,MWCI - Building Maintenance 3yrs,103-PJ-DO01-22-0048
1891,1102,NLEX-Ventilation & Aircondition Services,103-PJ-DO01-22-0049
1892,1102,LBC - ACU Cleaning,103-PJ-DO01-22-0050
1893,1102,E Sakay- Manpower Services AC Charger,103-PJ-DO01-22-0051
1894,1102,Meralco- Alabang Fleet,103-PJ-DO01-22-0052
1895,1102,Meralco- Balintawak Fleet,103-PJ-DO01-22-0053
1896,1102,Meralco- Dasmarinas Fleet,103-PJ-DO01-22-0054
1897,1102,Meralco- Manila Central Fleet,103-PJ-DO01-22-0055
1898,1102,Meralco- Ortigas Fleet,103-PJ-DO01-22-0056
1899,1102,Meralco- Plaridel Fleet,103-PJ-DO01-22-0057
1900,1102,Meralco- Rizal Fleet,103-PJ-DO01-22-0058
1901,1102,Meralco- San Joaquin Fleet,103-PJ-DO01-22-0059
1902,1102,Meralco- San Pablo Fleet,103-PJ-DO01-22-0060
1903,1102,Meralco- Sta. Rosa Fleet,103-PJ-DO01-22-0061
1904,1102,Meralco- Valenzuela Fleet,103-PJ-DO01-22-0062
1905,1102,Meralco- Alabang TWE,103-PJ-DO01-22-0063
1906,1102,Meralco- Balintawak TWE,103-PJ-DO01-22-0064
1907,1102,Meralco- Dasmarinas TWE,103-PJ-DO01-22-0065
1908,1102,Meralco- Manila Central TWE,103-PJ-DO01-22-0066
1909,1102,Meralco- Plaridel TWE,103-PJ-DO01-22-0067
1910,1102,Meralco- Rizal TWE,103-PJ-DO01-22-0068
1911,1102,Meralco- San Joaquin TWE,103-PJ-DO01-22-0069
1912,1102,Meralco- San Pablo TWE,103-PJ-DO01-22-0070
1913,1102,Meralco- Sta. Rosa TWE,103-PJ-DO01-22-0071
1914,1102,Meralco- Valenzuela TWE,103-PJ-DO01-22-0072
1915,1102,MIESCOR-FEMD Project,103-PJ-DO01-22-0073
1916,1102,MIESCOR FEMD- Warehouseman Mat'ls Mgt,103-PJ-DO01-22-0074
1917,1102,Motorpool,103-PJ-DO01-22-0075
1918,1102,Powergen- Drivers,103-PJ-DO01-22-0076
1919,1102,Atimonan One Energy-Transport Serv.w/dri,103-PJ-DO01-22-0077
1920,1102,CEDC-Service Vehicle w/ Driver,103-PJ-DO01-22-0078
1921,1102,MBI Car Rental,103-PJ-DO01-22-0079
1922,1102,Meralco-Car Leasing,103-PJ-DO01-22-0080
1923,1102,Meralco-E-SAKAY INC.,103-PJ-DO01-22-0081
1924,1102,Miescor- DUS Transpo,103-PJ-DO01-22-0082
1925,1102,MIESCOR- Telecoms,103-PJ-DO01-22-0083
1926,1102,Miescor-Car Rental,103-PJ-DO01-22-0084
1927,1102,Mpioneer-Car Rental,103-PJ-DO01-22-0085
1928,1102,MSERVE- Car Rental,103-PJ-DO01-22-0086
1929,1102,Powersource First Bulacan Solar Inc,103-PJ-DO01-22-0087
1930,1102,Radius Telecoms,103-PJ-DO01-22-0088
1931,1102,Radius-Car Rental,103-PJ-DO01-22-0089
1932,1102,Radius-Drivers,103-PJ-DO01-22-0090
1933,1102,Redondo Peninsula Energy -Transport Serv,103-PJ-DO01-22-0091
1934,1102,Texicon Agri Ventures Corporation-Vehicl,103-PJ-DO01-22-0092
1935,1102,MERALCO - Transportation Services 4 MSS,103-PJ-DO01-22-0093
1936,1102,Miescor - PMS/CMS Telecoms,103-PJ-DO01-22-0094
1937,1102,Miescor - PMS/CMS Home Office,103-PJ-DO01-22-0095
1938,1102,Miescor- PMS/CMS UAM,103-PJ-DO01-22-0096
1939,1102,Miescor- PMS/CMS DUS,103-PJ-DO01-22-0097
1940,1102,Miescor ICT Services,103-PJ-DO01-22-0098
1941,1102,Meralco Paranaque Sector Janitorial Serv,103-PJ-DO01-22-0099
1942,1102,Meralco Manila Metering Security Encodin,103-PJ-DO01-22-0100
1943,1102,Meralco Dasmarinas Sect Janitorial Serv,103-PJ-DO01-22-0101
1944,1102,Meralco Procurement Admin Sup&Proff Serv,103-PJ-DO01-22-0102
1945,1102,Meralco Info&Logistics System (SD-OH),103-PJ-DO01-22-0103
1946,1102,Meralco CorpTech&Transformation PMO ASS,103-PJ-DO01-22-0104
1947,1102,Meralco Materials Mgt Admin Suport Serv,103-PJ-DO01-22-0105
1948,1102,Meralco Area 2 Lower Grounds (B&G) Janit,103-PJ-DO01-22-0106
1949,1102,Meralco  Balintawak BC Janitorial Servs,103-PJ-DO01-22-0107
1950,1102,Meralco Balintawak Meter Whse Maint Serv,103-PJ-DO01-22-0108
1951,1102,Meralco Balintawak Sector Janitorial Ser,103-PJ-DO01-22-0109
1952,1102,Meralco Balintawak Metering Servs Enco,103-PJ-DO01-22-0110
1953,1102,Meralco Balintawak Sect Admin Sup & Enco,103-PJ-DO01-22-0111
1954,1102,Meralco Plaridel BC (Baliuag) Janitorial,103-PJ-DO01-22-0112
1955,1102,Meralco CA Refund Verification Servs,103-PJ-DO01-22-0113
1956,1102,Meralco Vendor Mgt&Catalouging Prof,103-PJ-DO01-22-0114
1957,1102,Meralco MCAO-CCG Janitorial Services,103-PJ-DO01-22-0115
1958,1102,Meralco Property Accounting (AO&C) Enco,103-PJ-DO01-22-0116
1959,1102,Meralco MSAM Meter Handling & Warehousin,103-PJ-DO01-22-0117
1960,1102,Meralco RMDM Meter Handling & Warehousin,103-PJ-DO01-22-0118
1961,1102,Meralco Customer Retail Service Clerical,103-PJ-DO01-22-0119
1962,1102,Meralco Dasmarinas BC Janitorial Service,103-PJ-DO01-22-0120
1963,1102,Meralco Distribution Conn Design Encodng,103-PJ-DO01-22-0121
1964,1102,Meralco SDMP & Right of Way Encodng Serv,103-PJ-DO01-22-0122
1965,1102,Meralco Valenzuela Metering Services & S,103-PJ-DO01-22-0123
1966,1102,Merlaco Val Sect Admin Support&Encodng,103-PJ-DO01-22-0124
1967,1102,Meralco Central BCOS HMB Encoding Servic,103-PJ-DO01-22-0125
1968,1102,Meralco North BCOS HMB Encoding Services,103-PJ-DO01-22-0126
1969,1102,Meralco South BCOS HMB Encoding Services,103-PJ-DO01-22-0127
1970,1102,Meralco San Pablo Sect Admin Sup&Encodng,103-PJ-DO01-22-0128
1971,1102,Meralco San Pablo Metering Sup& Encodng,103-PJ-DO01-22-0129
1972,1102,Meralco BSC & EO Janitorial Services,103-PJ-DO01-22-0130
1973,1102,Meralco Financial Planning Encoding Serv,103-PJ-DO01-22-0131
1974,1102,Meralco Fitness Center Janitorial Servic,103-PJ-DO01-22-0132
1975,1102,Meralco Fitness Center Maint Jan,103-PJ-DO01-22-0133
1976,1102,Meralco Ground & Lawn Maintenance ServS,103-PJ-DO01-22-0134
1977,1102,Meralco Investment & Debt Mgt Admin Sup,103-PJ-DO01-22-0135
1978,1102,Meralco Valenzuela BC (Malabon) Jan Serv,103-PJ-DO01-22-0136
1979,1102,Meralco ValSect Grounds/Lawn Maint & Jan,103-PJ-DO01-22-0137
1980,1102,Meralco Linemans Training Camp Janitoria,103-PJ-DO01-22-0138
1981,1102,Meralco San Pablo Sector Janitorial Serv,103-PJ-DO01-22-0139
1982,1102,Meralco Legal Clerical Services,103-PJ-DO01-22-0140
1983,1102,Meralco Lopez Bldg Janitorial Services,103-PJ-DO01-22-0141
1984,1102,Meralco Manila BC Janitorial Services,103-PJ-DO01-22-0142
1985,1102,Meralco Manila Metering Services Encodin,103-PJ-DO01-22-0143
1986,1102,Meralco Manila SectAdmin Sup&Encodng,103-PJ-DO01-22-0144
1987,1102,Meralco Manila Meter Warehouse Maint Ser,103-PJ-DO01-22-0145
1988,1102,Meralco Manila Sector Janitorial Service,103-PJ-DO01-22-0146
1989,1102,Meralco Electric Distribution Devt Admin,103-PJ-DO01-22-0147
1990,1102,Meralco Valenzuela Meter Warehouse Maint,103-PJ-DO01-22-0148
1991,1102,Meralco Investment Mgt O&M of the Strip,103-PJ-DO01-22-0149
1992,1102,Meralco Central Plan&Sched Encoding Serv,103-PJ-DO01-22-0150
1993,1102,Meralco South Plan&Sched Encoding Serv,103-PJ-DO01-22-0151
1994,1102,Meralco North Plan&Sched Encoding Serv,103-PJ-DO01-22-0152
1995,1102,Meralco Plaridel Metering Servs Encoding,103-PJ-DO01-22-0153
1996,1102,Meralco Plaridel Sector Admin Sup&Enco,103-PJ-DO01-22-0154
1997,1102,Meralco Plaridel Sector Grounds & Lawn,103-PJ-DO01-22-0155
1998,1102,Powergen Janitorial Services,103-PJ-DO01-22-0156
1999,1102,Powergen Messengerial Services,103-PJ-DO01-22-0157
2000,1102,Meralco Rizal BC Janitorial services,103-PJ-DO01-22-0158
2001,1102,Meralco Rizal Metering Services Encoding,103-PJ-DO01-22-0159
2002,1102,Meralco Rizal Sect Admin Sup&Encoding,103-PJ-DO01-22-0160
2003,1102,Meralco Rizal Meter Warehouse Maint Serv,103-PJ-DO01-22-0161
2004,1102,Meralco Rizal Sector Janitorial services,103-PJ-DO01-22-0162
2005,1102,Meralco Pasig BC Janitorial Services,103-PJ-DO01-22-0163
2006,1102,Meralco Central System Analysis Encoding,103-PJ-DO01-22-0164
2007,1102,Meralco Pasig Metering Servs&Sec Enco,103-PJ-DO01-22-0165
2008,1102,Meralco Pasig Sector Admin Sup&Encoding,103-PJ-DO01-22-0166
2009,1102,Meralco Pasig Meter Warehouse Maint Serv,103-PJ-DO01-22-0167
2010,1102,Meralco Pasig Sector Janitorial Services,103-PJ-DO01-22-0168
2011,1102,Meralco San Pablo BC Janitorial Services,103-PJ-DO01-22-0169
2012,1102,Meralco Sta Rosa BC Janitorial Services,103-PJ-DO01-22-0170
2013,1102,Meralco OS&Resiliency (Vehicle Reg),103-PJ-DO01-22-0171
2014,1102,Meralco Training Facilities Admin Servic,103-PJ-DO01-22-0172
2015,1102,Meralco TSB Area 2 Janitorial Services,103-PJ-DO01-22-0173
2016,1102,Meralco MPower Messengerial Services,103-PJ-DO01-22-0174
2017,1102,Miescor Janitorial Services,103-PJ-DO01-22-0175
2018,1102,Miescor Security Admin Support Services,103-PJ-DO01-22-0176
2019,1102,Meralco Paranaque Metering Servs & SES,103-PJ-DO01-22-0177
2020,1102,Meralco Paranaque Sector Admin Support,103-PJ-DO01-22-0178
2021,1102,Meralco Sta Rosa Sector Metering Service,103-PJ-DO01-22-0179
2022,1102,Meralco Sta Rosa Sector Admin Support,103-PJ-DO01-22-0180
2023,1102,Meralco Dasmarinas  Metering Services,103-PJ-DO01-22-0181
2024,1102,Meralco Dasmarinas Sector Admin Support,103-PJ-DO01-22-0182
2025,1102,Atimonan One Energy Janitorial Services,103-PJ-DO01-22-0183
2026,1102,MVP Yard Maintenance Services,103-PJ-DO01-22-0184
2027,1102,Meralco Ecozone Power (PEZA) Janitorial,103-PJ-DO01-22-0185
2028,1102,Meralco Plaridel Meter Warehouse Maint,103-PJ-DO01-22-0186
2029,1102,Radius Telecom Clerical Services,103-PJ-DO01-22-0187
2030,1102,Radius Telecom Janitorial Services,103-PJ-DO01-22-0188
2031,1102,Radius Telecom Messengerial Services,103-PJ-DO01-22-0189
2032,1102,Radius Telecom Telecom Services,103-PJ-DO01-22-0190
2033,1102,Redondo Peninsula Energy Janitorial Serv,103-PJ-DO01-22-0191
2034,1102,Atimonan One Energy Messengerial Service,103-PJ-DO01-22-0192
2035,1102,Meralco STS Scada Admin Support Services,103-PJ-DO01-22-0193
2036,1102,"Meralco STS PSP-PSA Clerical, Warehouse",103-PJ-DO01-22-0194
2037,1102,Meralco STS STL Admin Support Services,103-PJ-DO01-22-0195
2038,1102,Meralco STS Substation Admin Support Ser,103-PJ-DO01-22-0196
2039,1102,Meralco STS-Testing Admin Suppor E&ES,103-PJ-DO01-22-0197
2040,1102,Meralco-Sta Rosa Sector Janitorial Servs,103-PJ-DO01-22-0198
2041,1102,TAKASAGO Job Contracting Services,103-PJ-DO01-22-0199
2042,1102,TEH HSIN Job Contracting Services,103-PJ-DO01-22-0200
2043,1102,Meralco Strategic Sourcing & Vendor MASS,103-PJ-DO01-22-0201
2044,1102,Meralco Energy (MSERV) Job Contracting,103-PJ-DO01-22-0202
2045,1102,MSpectrum Job Contracting Services,103-PJ-DO01-22-0203
2046,1102,ESAKAY Administrative Services,103-PJ-DO01-22-0204
2047,1102,Miescor Finance Messengerial Services,103-PJ-DO01-22-0205
2048,1102,Meralco Energy Sourcing Admin Support,103-PJ-DO01-22-0206
2049,1102,MSERV Vendor Coordination & Admin Suppor,103-PJ-DO01-22-0207
2050,1102,Miescor Finance Clerk Services,103-PJ-DO01-22-0208
2051,1102,Miescor UAM Janitorial Services,103-PJ-DO01-22-0209
2052,1102,Meracco Tax Management Admin Support,103-PJ-DO01-22-0210
2053,1102,Meralco Employee & Labor Relations Admin,103-PJ-DO01-22-0211
2054,1102,Miescor Telecom Janitorial Services,103-PJ-DO01-22-0212
2055,1102,Meralco NTAM Administrative Support Serv,103-PJ-DO01-22-0213
2056,1102,Miescor Contract Document Analyst Servic,103-PJ-DO01-22-0214
2057,1102,Meralco Paranaque Meter Warehouse Maint,103-PJ-DO01-22-0215
2058,1102,Meralco San Pablo Meter Warehouse Maint,103-PJ-DO01-22-0216
2059,1102,Miescor Documents & Records Associate,103-PJ-DO01-22-0217
2060,1102,Meralco-Inst Mosquito Screen Dasma Cavit,103-PJ-DO01-22-0218
2061,1102,Meralco-Variour Works Kamuning BC,103-PJ-DO01-22-0219
2062,1102,Meralco-Civil Works add Ht PF  Imus Subs,103-PJ-DO01-22-0220
2063,1102,Meralco-Const New Office Balintawak BC,103-PJ-DO01-22-0221
2064,1102,Meralco-Const Lactating Rm Balintawak BC,103-PJ-DO01-22-0222
2065,1102,Meralco-Rep Toilet Bowl Sink Balintawak,103-PJ-DO01-22-0223
2066,1102,Meralco - MSAM (MEOE04),103-PJ-DO01-22-0224
2067,1102,Meralco-Const ICT&T&Museum@MOC,103-PJ-DO01-22-0225
2068,1102,Meralco-Rehab CR Admin&Logs San Pablo,103-PJ-DO01-22-0226
2069,1102,Meralco-Add Training Fac Antipolo Pbase,103-PJ-DO01-22-0227
2070,1102,Meralco-S&I Window&OR Glass Panel,103-PJ-DO01-22-0228
2071,1102,Meralco-Rehab WaterSS Antipolo Powerbase,103-PJ-DO01-22-0229
2072,1102,Meralco-Rehab Facade Tagaytay ABC,103-PJ-DO01-22-0230
2073,1102,Meralco-Waterproofing Tagaytay BC,103-PJ-DO01-22-0231
2074,1102,Meralco-Construction Lactation Pasig BC,103-PJ-DO01-22-0232
2075,1102,Meralco-Renovation CR@GH Mandaluyong BC,103-PJ-DO01-22-0233
2076,1102,Meralco-Rep Brocken Glass Mandaluyong BC,103-PJ-DO01-22-0234
2077,1102,SLMC-Emergency Lights at Patient Room,103-PJ-DO01-22-0235
2078,1102,SLMC-Rehab wall Cladding 5F Cafeteria,103-PJ-DO01-22-0236
2079,1102,Meralco-Rehabilitation CR @Rosario BC,103-PJ-DO01-22-0237
2080,1102,Meralco-Const of Cistern @Pala-Pala Yard,103-PJ-DO01-22-0238
2081,1102,Meralco-Blueprinting Project,103-PJ-DO01-22-0239
2082,1102,Meralco-Transportation Services Corp Com,103-PJ-DO01-22-0240
2083,1102,MSERV S&I Bldg Mgt System Powerlab,103-PJ-DO01-22-0241
2084,1102,MSERV S&I Chiller at Powerhouse,103-PJ-DO01-22-0242
2085,1102,Meralco-S&I Mosquito screen @ MEP Office,103-PJ-DO01-22-0243
2086,1102,Miescor-Manpower of MLD Barangka,103-PJ-DO01-22-0244
2087,1102,Oceana-Cleaner /Utility Oceana Phil QC,103-PJ-DO01-22-0245
2088,1102,Meralco-S&I ACU Kamuning BC,103-PJ-DO01-22-0246
2089,1102,Meralco-S&I ACU MOC 3F Lopez bldg,103-PJ-DO01-22-0247
2090,1102,Miescor-Warehouseman for Trading & UAM,103-PJ-DO01-22-0248
2091,1102,Meralco-Supply Fan Motor at MOC-Faciliti,103-PJ-DO01-22-0249
2092,1102,Meralco-Powertech Janitorial Services,103-PJ-DO01-22-0250
2093,1102,Meralco-Construction Los Banos EO,103-PJ-DO01-22-0251
2094,1102,"BPI-BPI-Corr,PMS,Repair of ACU/Gen/Elect",103-PJ-DO01-22-0252
2095,1102,Meralco-OH STS Encoding Services,103-PJ-DO01-22-0253
2096,1102,Meralco-S&I glass door partition@SCM TSB,103-PJ-DO01-22-0254
2097,1102,Meralco-Rehab Balagtas repeater access,103-PJ-DO01-22-0255
2098,1102,Meralco-Rehab Control House Masinag Subs,103-PJ-DO01-22-0256
2099,1102,Meralco-Rehab Guard House PF Masinag Sub,103-PJ-DO01-22-0257
2100,1102,Miescor-PMS & Inst ACU (Various Sites),103-PJ-DO01-22-0258
2101,1102,ESAKAY-AC Charging Luscara Nuvali,103-PJ-DO01-22-0259
2102,1102,Miescor-Sup&Inst ACU WBicutan taguig,103-PJ-DO01-22-0260
2103,1102,Meralco-Food Delivery Servs FAC Maint,103-PJ-DO01-22-0261
2104,1102,Miescor-Supp&Inst 2HP Inverter CM,103-PJ-DO01-22-0262
2105,1102,Meralco-Admin Support under OM,103-PJ-DO01-22-0263
2106,1102,Meralco-Service Desk Support HR Rel,103-PJ-DO01-22-0264
2107,1102,Meralco-Const Perimeter Fence Balintawak,103-PJ-DO01-22-0265
2108,1102,Meralco-MIDC Motorized Messenger Servs,103-PJ-DO01-22-0266
2109,1102,Meralco-Gen Maint Servs for Bldg & FAC,103-PJ-DO01-22-0267
2110,1102,Meralco-Projects & Corporate Events Serv,103-PJ-DO01-22-0268
2111,1102,Meralco-Garbage Collection&Disposal Serv,103-PJ-DO01-22-0269
2112,1102,Meralco-S&I ACU BlaiwagBC & Plaridel Sec,103-PJ-DO01-22-0270
2113,1102,Meralco-S&I ACU Batangas&San Pablo BC,103-PJ-DO01-22-0271
2114,1102,Meralco-S&I ACU Masinag & Cainta BC,103-PJ-DO01-22-0272
2115,1102,Meralco-S&I ACU Calamba & San Pedro BC,103-PJ-DO01-22-0273
2116,1102,Meralco-S&I ACU Las Pinas & Paranaque BC,103-PJ-DO01-22-0274
2117,1102,Meralco-S&I ACU STS Bldg & Pasig Sector,103-PJ-DO01-22-0275
2118,1102,Meralco-Elect&Civil works @ powertech,103-PJ-DO01-22-0276
2119,1102,Meralco-Motorpump&Control panel PasigBC,103-PJ-DO01-22-0277
2120,1102,Meralco-UV Light Disinfect&Cleaning serv,103-PJ-DO01-22-0278
2121,1102,FIBA-Launch Pad Office Rel mandaluyong,103-PJ-DO01-22-0279
2122,1102,Miescor Telecoms-Demolition Radius Node,103-PJ-DO01-22-0280
2123,1102,Miescor-S&I ACU at Balagtas Bulacan Proj,103-PJ-DO01-22-0281
2124,1102,Meralco-Rehab Elev Water Tank@Pasig Sec,103-PJ-DO01-22-0282
2125,1102,Blue Leaf Energy Servs Phil Inc-Vehicle,103-PJ-DO01-22-0283
2126,1102,Meralco-PMS/CMS Vehicle,103-PJ-DO01-22-0284
2127,1102,Other-Personal -S&I ACU Unit 3307,103-PJ-DO01-22-0285
2128,1102,Meralco-Janitorial Services at Powerbase,103-PJ-DO01-22-0286
2129,1102,Meralco-Renov LTC Antipolo Powerbase,103-PJ-DO01-22-0287
2130,1102,Miescor-Legal Admin Support,103-PJ-DO01-22-0288
2131,1102,Meralco- Const Fence&Wall @ San Pablo,103-PJ-DO01-22-0289
2132,1102,Meralco-Renov TWE shop Sta Rosa Sector,103-PJ-DO01-22-0290
2133,1102,Meralco-Const Fire Station at MOC,103-PJ-DO01-22-0291
2134,1102,Meralco-Rehab PFence Balagtas Repeater,103-PJ-DO01-22-0292
2135,1102,Meralco-Civil Works Ext PF Stat Rosa Sec,103-PJ-DO01-22-0293
2136,1102,Meralco-Repaint/RestorPowertect Ext&Int.,103-PJ-DO01-22-0294
2137,1102,Meralco-Rep RollupDoor StaRosa&SnPedroBC,103-PJ-DO01-22-0295
2138,1102,Meralco-Const Guard Post Marilao Ext Off,103-PJ-DO01-22-0296
2139,1102,Meralco-Rep Septic Vault Valenzuela Sect,103-PJ-DO01-22-0297
2140,1102,CFS-Supply & Install Cables Finance Dept,103-PJ-DO01-22-0298
2141,1102,CFS-Relocation of ACU CFS Office@Strip,103-PJ-DO01-22-0299
2142,1102,Meralco-Rheab CR&Admin Bldg Dasma Sect,103-PJ-DO01-22-0300
2143,1102,Miescor-Sup&Inst 12UT Inverter ACU@GERI,103-PJ-DO01-22-0301
2144,1102,Miescor Descailing & Swabbing Words,103-PJ-DO01-22-0302
2145,1102,Meralco-Rehab CR Logistic Bldg Dasma Sec,103-PJ-DO01-22-0303
2146,1102,Meralco-Repair Ceiling at Paranaque BC,103-PJ-DO01-22-0304
2147,1102,Meralco-ICT Shuttle Service Project,103-PJ-DO01-22-0305
2148,1102,Miescor-S&I ACU McKinley Hill GIS Subs,103-PJ-DO01-22-0306
2149,1102,Meralco-Rehab Roofing GEN FAC BLDG Val,103-PJ-DO01-22-0307
2150,1102,Meralco-Rehab Roofing DESIGN BLDG@Val,103-PJ-DO01-22-0308
2151,1102,Miescor-Supply Fan Motor (Ms Lorna E),103-PJ-DO01-22-0309
2152,1102,Miescor-WaterLine&Fire Hydrant Const@UAM,103-PJ-DO01-22-0310
2153,1102,Meralco-Repair&Maint FSS IG100 @Lopez,103-PJ-DO01-22-0311
2154,1102,Radius-Relocation of WorksStn BSC-RBC,103-PJ-DO01-22-0312
2155,1102,Meralco-Supply Split Type ACU at Powerte,103-PJ-DO01-22-0313
2156,1102,Meralco-D&C EV Charging Camarin BC,103-PJ-DO01-22-0314
2157,1102,Meralco-D&C EV Charging Valenzuela BC,103-PJ-DO01-22-0315
2158,1102,Meralco-D&C EV Charging Balintawak BC,103-PJ-DO01-22-0316
2159,1102,Meralco-D&C EV Charging Pasig BC,103-PJ-DO01-22-0317
2160,1102,Meralco-D&C EV Charging Mandaluyong BC,103-PJ-DO01-22-0318
2161,1102,Meralco-D&C EV Charging Kamuning BC,103-PJ-DO01-22-0319
2162,1102,Meralco-D&C EV Charging Angono BC,103-PJ-DO01-22-0320
2163,1102,Meralco-Add R&M Bldg & FAC@MEP Dasma,103-PJ-DO01-22-0321
2164,1102,Meralco-Dismantling Old Materials,103-PJ-DO01-22-0322
2165,1102,SCPC-Administrative Service,103-PJ-DO01-22-0323
2166,1102,MIESCOR-L&M Descaling of 3 units ACU,103-PJ-DO01-22-0324
2167,1102,MERALCO Manila Warehousing Project,103-PJ-DO01-23-0001
2168,1102,MERALCO Rizal Warehousing Project,103-PJ-DO01-23-0002
2169,1102,MERALCO Pasig Warehousing Project,103-PJ-DO01-23-0003
2170,1102,MERALCO Ortigas Warehousing Project,103-PJ-DO01-23-0004
2171,1102,MERALCO Kamias Warehousing Project,103-PJ-DO01-23-0005
2172,1102,mMERALCO Parañaque Warehousing Project,103-PJ-DO01-23-0006
2173,1102,MERALCO Cavite Warehousing Project,103-PJ-DO01-23-0007
2174,1102,MERALCO San Pablo Warehousing Project,103-PJ-DO01-23-0008
2175,1102,MERALCO Sta Rosa Warehousing Project,103-PJ-DO01-23-0009
2176,1102,MERALCO Batangas Warehousing Project,103-PJ-DO01-23-0010
2177,1102,MERALCO Pagbilao Warehousing Project,103-PJ-DO01-23-0011
2178,1102,MERALCO Kamuning Substation Support WP,103-PJ-DO01-23-0012
2179,1102,MERALCO MMO Hauling Services,103-PJ-DO01-23-0013
2180,1102,Radius Kamias Warehousing Project,103-PJ-DO01-23-0014
2181,1102,Radius BSC Warehousing Project,103-PJ-DO01-23-0015
2182,1102,Radius - WS for Mandaluyong Warehouse,103-PJ-DO01-23-0016
2183,1102,MWCI-Warehousing Project,103-PJ-DO01-23-0017
2184,1102,SCG - Roll HS & W 1&2 Handling Operation,103-PJ-DO01-23-0018
2185,1102,MERALCO Ortigas Center Warehousing Proje,103-PJ-DO01-23-0019
2186,1102,MERALCO ICT Warehousing Project,103-PJ-DO01-23-0020
2187,1102,MIESCOR - Warehouseman Miescor Trading,103-PJ-DO01-23-0021
2188,1102,Meralco Plaridel Warehousing Project,103-PJ-DO01-23-0022
2189,1102,Meralco Valenzuela Warehousing Project,103-PJ-DO01-23-0023
2190,1102,Meralco Balintawak Warehousing Project,103-PJ-DO01-23-0024
2191,1102,MERALCO - Plaridel Facilities,103-PJ-DO01-23-0025
2192,1102,MERALCO - Valenzuela Facilities,103-PJ-DO01-23-0026
2193,1102,MERALCO - Balintawak Facilities,103-PJ-DO01-23-0027
2194,1102,MERALCO - Parañaque Facilities,103-PJ-DO01-23-0028
2195,1102,MERALCO - Dasmariñas Facilities,103-PJ-DO01-23-0029
2196,1102,MERALCO - Sta. Rosa Facilities,103-PJ-DO01-23-0030
2197,1102,MERALCO - San Pablo Facilities,103-PJ-DO01-23-0031
2198,1102,MERALCO - Rizal Facilities,103-PJ-DO01-23-0032
2199,1102,MERALCO - Manila Facilities,103-PJ-DO01-23-0033
2200,1102,MERALCO - San Joaquin Facilities,103-PJ-DO01-23-0034
2201,1102,General Maintenance Service Building FAC,103-PJ-DO01-23-0035
2202,1102,Projects and Corporate Events Services,103-PJ-DO01-23-0036
2203,1102,Garbage Collection and Disposal Services,103-PJ-DO01-23-0037
2204,1102,MERALCO - Waste Segregation Services,103-PJ-DO01-23-0038
2205,1102,Robinsons - Tech Maintenance Services,103-PJ-DO01-23-0039
2206,1102,Bayad Center-Preventive&Maintenance ACU,103-PJ-DO01-23-0040
2207,1102,LRMC - PMS of ACU at Depot Aurora Pasay,103-PJ-DO01-23-0041
2208,1102,MERALCO - Shallow wells w/Pump Maint,103-PJ-DO01-23-0042
2209,1102,MERALCO - Substation Aircon Maintenance,103-PJ-DO01-23-0043
2210,1102,MERALCO - Yard & Control House Maint,103-PJ-DO01-23-0044
2211,1102,MIESCOR - Facilities Maintenance@Miescor,103-PJ-DO01-23-0045
2212,1102,MIESCOR - Additional Maintenance at MLD,103-PJ-DO01-23-0046
2213,1102,MIESCOR - PMS & InstallationACU@Valrious,103-PJ-DO01-23-0047
2214,1102,MSPECTRUM - Arcadia,103-PJ-DO01-23-0048
2215,1102,MWCI - Preventive Maintenance ACU Projec,103-PJ-DO01-23-0049
2216,1102,MWCI - Building Maint. Services for 3yrs,103-PJ-DO01-23-0050
2217,1102,NLEX Ventilation & Air Condition Service,103-PJ-DO01-23-0051
2218,1102,LBC - ACU Cleaning,103-PJ-DO01-23-0052
2219,1102,Launchpad-Cleaning Condo Corp Bldg Manda,103-PJ-DO01-23-0053
2220,1102,MERALCO - Alabang Fleet,103-PJ-DO01-23-0054
2221,1102,MERALCO - Balintawak Fleet,103-PJ-DO01-23-0055
2222,1102,MERALCO - Dasmariñas Fleet,103-PJ-DO01-23-0056
2223,1102,MERALCO - Manila Central Fleet,103-PJ-DO01-23-0057
2224,1102,MERALCO - Ortigas Fleet,103-PJ-DO01-23-0058
2225,1102,MERALCO - Plaridel Fleet,103-PJ-DO01-23-0059
2226,1102,MERALCO - Rizal Fleet,103-PJ-DO01-23-0060
2227,1102,MERALCO - San Joaquin Fleet,103-PJ-DO01-23-0061
2228,1102,MERALCO - San Pablo Fleet,103-PJ-DO01-23-0062
2229,1102,MERALCO - Sta. Rosa Fleet,103-PJ-DO01-23-0063
2230,1102,MERALCO - Valenzuela Fleet,103-PJ-DO01-23-0064
2231,1102,MERALCO - Alabang TWE,103-PJ-DO01-23-0065
2232,1102,MERALCO - Balintawak TWE,103-PJ-DO01-23-0066
2233,1102,MERALCO - Dasmariñas TWE,103-PJ-DO01-23-0067
2234,1102,MERALCO - Manila Central TWE,103-PJ-DO01-23-0068
2235,1102,MERALCO - Plaridel TWE,103-PJ-DO01-23-0069
2236,1102,MERALCO - Rizal TWE,103-PJ-DO01-23-0070
2237,1102,MERALCO - San Joaquin TWE,103-PJ-DO01-23-0071
2238,1102,MERALCO - San Pablo TWE,103-PJ-DO01-23-0072
2239,1102,MERALCO - Sta. Rosa TWE,103-PJ-DO01-23-0073
2240,1102,MERALCO - Valenzuela TWE,103-PJ-DO01-23-0074
2241,1102,MIESCOR - FEMD Project,103-PJ-DO01-23-0075
2242,1102,MIESCOR FEMD- Warehouseman Matls Mgt,103-PJ-DO01-23-0076
2243,1102,Motorpool,103-PJ-DO01-23-0077
2244,1102,Powergen - Drivers,103-PJ-DO01-23-0078
2245,1102,AOE-Transport Service w/ Driver,103-PJ-DO01-23-0079
2246,1102,CEDC - Service Vehicle w/ Driver,103-PJ-DO01-23-0080
2247,1102,MBI Car Rental,103-PJ-DO01-23-0081
2248,1102,MERALCO - Car Leasing,103-PJ-DO01-23-0082
2249,1102,MERALCO - ESAKAY Inc.,103-PJ-DO01-23-0083
2250,1102,MIESCOR - DUS Transpo,103-PJ-DO01-23-0084
2251,1102,MIESCOR - Telecoms,103-PJ-DO01-23-0085
2252,1102,MIESCOR - Car Rental,103-PJ-DO01-23-0086
2253,1102,MPIONEER - Car Rental,103-PJ-DO01-23-0087
2254,1102,MSERVE - Car Rental,103-PJ-DO01-23-0088
2255,1102,Radius Telecoms,103-PJ-DO01-23-0089
2256,1102,Radius - Car Rental,103-PJ-DO01-23-0090
2257,1102,Radius - Drivers,103-PJ-DO01-23-0091
2258,1102,Redondo PE--Transport Service w/ Driver,103-PJ-DO01-23-0092
2259,1102,Texicon Agri VC- Vehicle Agreement,103-PJ-DO01-23-0093
2260,1102,Meralco-Transpo Servs for Metering S&S,103-PJ-DO01-23-0094
2261,1102,Meralco-Transpo Servs for MCC,103-PJ-DO01-23-0095
2262,1102,MERALCO - Food Delivery Servs MOC,103-PJ-DO01-23-0096
2263,1102,BLESP-Vehicle UT 2016 Toyota HIACE Grand,103-PJ-DO01-23-0097
2264,1102,MIESCOR - Preventive Maintenance of Comp,103-PJ-DO01-23-0098
2265,1102,Meralco- ICT Shuttle Service Project,103-PJ-DO01-23-0099
2266,1102,MERALCO- Pole Line Inspectors Drivers,103-PJ-DO01-23-0100
2267,1102,Other Client - PMS/CMS of Vehicles,103-PJ-DO01-23-0101
2268,1102,MIESCOR ICT SERVICES,103-PJ-DO01-23-0102
2269,1102,MERALCO PARANAQUE SECTOR JANITORIAL SERV,103-PJ-DO01-23-0103
2270,1102,MERALCO DASMA SECTOR JANITORIAL SERVICES,103-PJ-DO01-23-0104
2271,1102,Meralco Procurement Admin Support Serv,103-PJ-DO01-23-0105
2272,1102,Meralco ICTT (F/SD) Admin Support Serv,103-PJ-DO01-23-0106
2273,1102,Meralco ICTT (EA&I) Admin Support Serv,103-PJ-DO01-23-0107
2274,1102,Meralco Materials Mgmt Admin Support Ser,103-PJ-DO01-23-0108
2275,1102,MERALCO CRS NORTH HMB JANITORIAL SERVICE,103-PJ-DO01-23-0109
2276,1102,MERALCO BALINTAWAK METER WS MAINT SERV,103-PJ-DO01-23-0110
2277,1102,MERALCO BALINTAWAK SECTOR JANITORIAL SER,103-PJ-DO01-23-0111
2278,1102,MERALCO BALINTAWAK SECTOR AS & ES,103-PJ-DO01-23-0112
2279,1102,MERALCO BOA-COMMOPS JANITORIAL SERVICES,103-PJ-DO01-23-0113
2280,1102,Meralco Cataloging & Vendor Mgt Supp Ser,103-PJ-DO01-23-0114
2281,1102,MERALCO MCAO-CCG JANITORIAL SERVICES,103-PJ-DO01-23-0115
2282,1102,Meralco-Spend Management Ecoding Servs,103-PJ-DO01-23-0116
2283,1102,Meralco RMDM Meter Handling & Wh Servs,103-PJ-DO01-23-0117
2284,1102,Meralco-Customer Retail Clerical Service,103-PJ-DO01-23-0118
2285,1102,Meralco Distri Conn Design Enco Services,103-PJ-DO01-23-0119
2286,1102,"Meralco-SD,Mapping,Permit,ROW Enco Servs",103-PJ-DO01-23-0120
2287,1102,Meralco-North Metering&Security Enco Ser,103-PJ-DO01-23-0121
2288,1102,Meralco Val Sector Admin Supp&Enco Serv,103-PJ-DO01-23-0122
2289,1102,MERALCO CENTRAL BCOS HMB ENCODING SERVs,103-PJ-DO01-23-0123
2290,1102,MERALCO NORTH BCOS HMB ENCODING SERVICES,103-PJ-DO01-23-0124
2291,1102,MERALCO SOUTH BCOS HMB ENCODING SERVICES,103-PJ-DO01-23-0125
2292,1102,Meralco-San Pablo Sect Admin Supp&Enco S,103-PJ-DO01-23-0126
2293,1102,Meralco San Pablo Metering&Enco Servs,103-PJ-DO01-23-0127
2294,1102,Meralco San Pablo Metering Security&Enco,103-PJ-DO01-23-0128
2295,1102,MERALCO FSGS MOC JANITORIAL SERVICES,103-PJ-DO01-23-0129
2296,1102,Meralco-TMEE Fitness Center Maint Sports,103-PJ-DO01-23-0130
2297,1102,MERALCO FSGS MOC GROUND & LAWN MAINT SER,103-PJ-DO01-23-0131
2298,1102,Meralco Investment & Debt Mgt Admin Sup,103-PJ-DO01-23-0132
2299,1102,Meralco Val Sect Grounds/Lawn Maint &JS,103-PJ-DO01-23-0133
2300,1102,Meralco- LTC Janitorial Services,103-PJ-DO01-23-0134
2301,1102,Meralco-San Pablo Sect Janitorial Servs,103-PJ-DO01-23-0135
2302,1102,Meralco-Legal Admin Supprot Services,103-PJ-DO01-23-0136
2303,1102,Meralco Regulatory Mgt Admin Supp Servs,103-PJ-DO01-23-0137
2304,1102,Meralco-CGCO Admin Supp & Corp Sec Sevs,103-PJ-DO01-23-0138
2305,1102,Meralco-Manila Sect Admin Supp&Enco Serv,103-PJ-DO01-23-0139
2306,1102,Meralco-Manila Meter WH Maint Servs,103-PJ-DO01-23-0140
2307,1102,Meralco-Manila Sector Janitorial servs,103-PJ-DO01-23-0141
2308,1102,Meralco-Electric Dist Devt Admin SS,103-PJ-DO01-23-0142
2309,1102,Meralco-Val Meter WH Maint Sevs,103-PJ-DO01-23-0143
2310,1102,Meralco Investment Management O&M Strip,103-PJ-DO01-23-0144
2311,1102,Meralco- Central Plan&Sched Enco Servs,103-PJ-DO01-23-0145
2312,1102,Meralco-South Plan&Sched Enco Servs,103-PJ-DO01-23-0146
2313,1102,Meralco-North Plan & Sched Enco Servs,103-PJ-DO01-23-0147
2314,1102,Meralco-Plaridel Sect Admin Supp&EncoSer,103-PJ-DO01-23-0148
2315,1102,Meralco-Plaridel Sect Grounds & LM&JS,103-PJ-DO01-23-0149
2316,1102,Meralco-CRS Central HMB Janitorial Servs,103-PJ-DO01-23-0150
2317,1102,Meralco-Rizal Sect Admin Sup&Enco Servs,103-PJ-DO01-23-0151
2318,1102,Meralco- Rizal Meter WH Maint Services,103-PJ-DO01-23-0152
2319,1102,Meralco-Rizal Sect Janitorial Services,103-PJ-DO01-23-0153
2320,1102,Meralco--Central System Analysis EncoSer,103-PJ-DO01-23-0154
2321,1102,Meralco-Central MSS Encoding Services,103-PJ-DO01-23-0155
2322,1102,Meralco-Pasig Sect Admin Supp& Enco Serv,103-PJ-DO01-23-0156
2323,1102,Meralco Pasig Meter Warehouse Maint Serv,103-PJ-DO01-23-0157
2324,1102,MERALCO PASIG SECTOR JANITORIAL SERVICES,103-PJ-DO01-23-0158
2325,1102,MERALCO CRS SOUTH HMB JANITORIAL SERVICE,103-PJ-DO01-23-0159
2326,1102,MERALCO ORG SAFETY&RESILIENCY (VR),103-PJ-DO01-23-0160
2327,1102,Meralco Training Facilities Admin Servic,103-PJ-DO01-23-0161
2328,1102,MERALCO MPOWER MESSENGERIAL SERVICES,103-PJ-DO01-23-0162
2329,1102,Miescor Janitorial Services,103-PJ-DO01-23-0163
2330,1102,Miescor Security Admin Support Services,103-PJ-DO01-23-0164
2331,1102,Meralco-Paranaque Metering&Encoding Serv,103-PJ-DO01-23-0165
2332,1102,Meralco-Paranaque Sect Admin Supp & Enco,103-PJ-DO01-23-0166
2333,1102,Meralco Sta Rosa Metering Security Encod,103-PJ-DO01-23-0167
2334,1102,Meralco Sta Rosa Metering Services Encod,103-PJ-DO01-23-0168
2335,1102,Meralco Sta Rosa Sect Admin Support&Enco,103-PJ-DO01-23-0169
2336,1102,Meralco Dasma Metering Security Enco Ser,103-PJ-DO01-23-0170
2337,1102,Meralco Dasma Metering&Encoding Servs,103-PJ-DO01-23-0171
2338,1102,Meralco-Dasma Sect Admin Supp&Enco Servs,103-PJ-DO01-23-0172
2339,1102,MVP Yard Maintenance Services,103-PJ-DO01-23-0173
2340,1102,Meralco Ecozone Power (PEZA) Jan Servs,103-PJ-DO01-23-0174
2341,1102,Meralco-Plaridel Meter Whse Maint Servs,103-PJ-DO01-23-0175
2342,1102,Radius Telecom Clerical Services,103-PJ-DO01-23-0176
2343,1102,Radius Telecom Janitorial Services,103-PJ-DO01-23-0177
2344,1102,Radius Telecom Messengerial Services,103-PJ-DO01-23-0178
2345,1102,Radius Telecom Telecom Services,103-PJ-DO01-23-0179
2346,1102,MERALCO STS SCADA ADMIN SUPPORT SERVICES,103-PJ-DO01-23-0180
2347,1102,"MERALCO STS PSP-PSA CLERICAL, Whse Enggn",103-PJ-DO01-23-0181
2348,1102,Meralco-STS STL Admin Support Servs,103-PJ-DO01-23-0182
2349,1102,Meralco-STS Subs Admin Support Servs,103-PJ-DO01-23-0183
2350,1102,"Meralco-STS Testng Admin Sup,Enco&Engg",103-PJ-DO01-23-0184
2351,1102,Meralco Sta Rosa Sector Janitorial Servi,103-PJ-DO01-23-0185
2352,1102,TAKASAGO Job Contracting Services,103-PJ-DO01-23-0186
2353,1102,TEH HSIN JOB CONTRACTING SERVICES,103-PJ-DO01-23-0187
2354,1102,Meralco-Vendor Rel Mgt Admin Supp Servs,103-PJ-DO01-23-0188
2355,1102,Meralco Energy (MSERV) Job Contracting S,103-PJ-DO01-23-0189
2356,1102,MSpectrum Job Contracting Services,103-PJ-DO01-23-0190
2357,1102,ESAKAY ADMINISTRATIVE SERVICES,103-PJ-DO01-23-0191
2358,1102,MIESCOR FINANCE MESSENGERIAL SERVICES,103-PJ-DO01-23-0192
2359,1102,Meralco Energy Sourcing Admin Support Se,103-PJ-DO01-23-0193
2360,1102,MSERV Vendor Coordination & Admin Suppor,103-PJ-DO01-23-0194
2361,1102,"Meralco Tax, Realty & Contract Mgt Admin",103-PJ-DO01-23-0195
2362,1102,Meralco Employee & Labor Rel Admin Supp,103-PJ-DO01-23-0196
2363,1102,MERALCO NTAM ADMINISTRATIVE SUPPORT SERV,103-PJ-DO01-23-0197
2364,1102,Meralco Paranaque Meter Warehouse Maint,103-PJ-DO01-23-0198
2365,1102,Meralco-San Pablo Meter Warehouse Maint,103-PJ-DO01-23-0199
2366,1102,MIESCOR DOCUMENTS & RECORDS ASSOCIATE SE,103-PJ-DO01-23-0200
2367,1102,OCEANA Janitorial Services,103-PJ-DO01-23-0201
2368,1102,Meralco-OH-STS Encoding Servicesñ,103-PJ-DO01-23-0202
2369,1102,Meralco FSGS Admin Support Services,103-PJ-DO01-23-0203
2370,1102,MERALCO HR SERVICE DESK SUPPORT SERVICES,103-PJ-DO01-23-0204
2371,1102,MIDC Motorized Messengerial Services,103-PJ-DO01-23-0205
2372,1102,Meralco UV Light Disinfection and Detail,103-PJ-DO01-23-0206
2373,1102,Meralco FSGS Powerbase Janitorial Servic,103-PJ-DO01-23-0207
2374,1102,Miescor Legal Admin Support Services,103-PJ-DO01-23-0208
2375,1102,Meralco Staff House caretaking Services,103-PJ-DO01-23-0209
2376,1102,MIESCOR Finance Clerk Service,103-PJ-DO01-23-0210
2377,1102,MIESCOR Contract Document Analyst Servic,103-PJ-DO01-23-0211
2378,1102,Atimonan One Energy Janitorial Services,103-PJ-DO01-23-0212
2379,1102,Redondo Peninsula Energy Janitorial Serv,103-PJ-DO01-23-0213
2380,1102,Powersource First Bulacan Solar Inc.,103-PJ-DO01-23-0214
2381,1102,Construction Renovation Services-GAE,103-PJ-DO01-23-0215
2382,1102,Indra-Relocation Logo Restore Wall RT1,103-PJ-DO01-23-0216
2383,1102,Radius-Expansion NOC BSC Data Center RBC,103-PJ-DO01-23-0217
2384,1102,Meralco-Rehab Kitchen Canteen Manda BC,103-PJ-DO01-23-0218
2385,1102,Meralco-Replacement ACU Tanay Rizal,103-PJ-DO01-23-0219
2386,1102,Meralco-Replacement ACU Malate BC,103-PJ-DO01-23-0220
2387,1102,Meralco-Replacement ACU Espana BC,103-PJ-DO01-23-0221
2388,1102,Meralco-S&I Comm ACU Malolos BC,103-PJ-DO01-23-0222
2389,1102,Meralco-S&I Comm ACU Valenzuela BC,103-PJ-DO01-23-0223
2390,1102,Meralco-S&I Comm ACU Camarin BC,103-PJ-DO01-23-0224
2391,1102,Meralco-Repair Elect Lighting@Val Sect,103-PJ-DO01-23-0225
2392,1102,Meralco-Rep Entrance Steel Roll up@Manda,103-PJ-DO01-23-0226
2393,1102,Meralco-Renov Lactating Rm MandaluyongBC,103-PJ-DO01-23-0227
2394,1102,Meralco-Rep ACU @ Angono BC,103-PJ-DO01-23-0228
2395,1102,Meralco-Rep ACU Program for Pasay BC,103-PJ-DO01-23-0229
2396,1102,MSERV Manpower Services,103-PJ-DO01-23-0230
2397,1102,Prolongation Cost for NLSUP NGCP Project,103-PJ-DO01-23-0231
2398,1102,Meralco-Powertech 20x30 blue print,103-PJ-DO01-23-0232
2399,1102,Miescor-Inst ACU Aseana Paranaque,103-PJ-DO01-23-0233
2400,1102,Meralco-Rep Brocken Glass Mandaluyong BC,103-PJ-DO01-23-0234
2401,1102,Miescor-ACU Parts Revised,103-PJ-DO01-23-0235
2402,1102,Meralco-Rehab Perimeter Fence Botocan Ss,103-PJ-DO01-23-0236
2403,1102,Meralco-Rep ACU prog at Novaliches BC,103-PJ-DO01-23-0237
2404,1102,Meralco-RM Fire Supp System @ Radio Rm,103-PJ-DO01-23-0238
2405,1102,FEMD-Fleet Repair & Maintenance,103-PJ-DO01-23-0239
2406,1102,FEMD-Fleet Operation Support,103-PJ-DO01-23-0240
2407,1102,CFS-PM ACU at THE STRIP,103-PJ-DO01-23-0241
2408,1102,SkyCable-FDAS @ Vergara Headend DTH Rm,103-PJ-DO01-23-0242
2409,1102,Consortium S&P &SUMEC Phil's-PM ME Works,103-PJ-DO01-23-0243
2410,1102,Shin Clark Power Corp -Transport Service,103-PJ-DO01-23-0244
2411,1102,Meralco-Canal Diversion Projects,103-PJ-DO01-23-0245
2412,1102,LG-Sup&Inst Vynil@ Maybunga Pasig City,103-PJ-DO01-23-0246
2413,1102,MSERV-Unimart FPP Capitol Ortigas,103-PJ-DO01-23-0247
2414,1102,STI-Main Dist.Panel San Jose Bulacan,103-PJ-DO01-23-0248
2415,1102,Meralco Water&Rustproofing @8 Substation,103-PJ-DO01-23-0249
2416,1102,MSERV-Rectification Ceiling Rob Cainta,103-PJ-DO01-23-0250
2417,1102,Miescor-ToiletPartition@NGCP Antipolo,103-PJ-DO01-23-0251
2418,1102,Meralco-Monthly Supply of Gondola,103-PJ-DO01-23-0252
2419,1102,Meralco-Elect&Fire Pro 14F Lighthouse,103-PJ-DO01-23-0253
2420,1102,PDRF-Messenger / Janitorial Servs,103-PJ-DO01-23-0254
2421,1102,Meralco-Corp.Comm. Admin Support Servs,103-PJ-DO01-23-0255
2422,1102,CIS-Bayad Center-Rehab Office Floor @ OP,103-PJ-DO01-23-0256
2423,1102,Miescor-Inst ACU @ Miescor Head Office,103-PJ-DO01-23-0257
2424,1102,MVP-Repair Entrance&Exit Gate @ Forbes,103-PJ-DO01-23-0258
2425,1102,Radius Telecom Support Staff Servs,103-PJ-DO01-23-0259
2426,1102,Meralco-Inst & Distmantl ACU at Powerlab,103-PJ-DO01-23-0260
2427,1102,LG-Repair CR & waterline Rehabilitation,103-PJ-DO01-23-0261
2428,1102,Aboitiz Power- Supply motor compressor,103-PJ-DO01-23-0262
2429,1102,Radius-Replace Defective outlet @12F RBC,103-PJ-DO01-23-0263
2430,1102,Meralco-Rep&Maint Blds Grounds @ Lopez,103-PJ-DO01-23-0264
2431,1102,MWCI-Civil Electrical Works @ Capistrano,103-PJ-DO01-23-0265
2432,1102,MWCI-Civil Electrical Works @ Rizal BA,103-PJ-DO01-23-0266
2433,1102,MWCI- Electrical Works @ Cubao PS,103-PJ-DO01-23-0267
2434,1102,INDRA Phils-Repair pantry &lightning Fix,103-PJ-DO01-23-0268
2435,1102,SCPC-Administrative Service,103-PJ-DO01-23-0323
2436,1102,Error,103-PJ-DO01-23-0324
2437,1102,Error,103-PJ-DO01-23-0325
2438,1102,Error,103-PJ-DO01-23-0326
2439,1102,Error,103-PJ-DO01-23-0327
2440,1102,Error,103-PJ-DO01-23-0328
2441,1102,MERALCO Manila Warehousing Project,103-PJ-DO01-24-0001
2442,1102,MERALCO Rizal Warehousing Project,103-PJ-DO01-24-0002
2443,1102,MERALCO Pasig Warehousing Project,103-PJ-DO01-24-0003
2444,1102,MERALCO Ortigas Warehousing Project,103-PJ-DO01-24-0004
2445,1102,MERALCO Kamias Warehousing Project,103-PJ-DO01-24-0005
2446,1102,MERALCO Parañaque Warehousing Project,103-PJ-DO01-24-0006
2447,1102,MERALCO Cavite Warehousing Project,103-PJ-DO01-24-0007
2448,1102,MERALCO San Pablo Warehousing Project,103-PJ-DO01-24-0008
2449,1102,MERALCO Sta Rosa Warehousing Project,103-PJ-DO01-24-0009
2450,1102,MERALCO Batangas Warehousing Project,103-PJ-DO01-24-0010
2451,1102,MERALCO Pagbilao Warehousing Project,103-PJ-DO01-24-0011
2452,1102,MERALCO Kamuning Ss Support Whse Proj,103-PJ-DO01-24-0012
2453,1102,MERALCO MMO Hauling Services,103-PJ-DO01-24-0013
2454,1102,Radius Kamias Warehousing Project,103-PJ-DO01-24-0014
2455,1102,Radius BSC Warehousing Project,103-PJ-DO01-24-0015
2456,1102,Radius - Warehousing Servs Mandaluyong,103-PJ-DO01-24-0016
2457,1102,Manila Water Company Inc Warehousing Pro,103-PJ-DO01-24-0017
2458,1102,SCG - Roll Handling Servs & Whse 1&2MHO,103-PJ-DO01-24-0018
2459,1102,MERALCO Ortigas Center Warehousing Proje,103-PJ-DO01-24-0019
2460,1102,MERALCO ICT Warehousing Project,103-PJ-DO01-24-0020
2461,1102,MIESCOR - Warehouseman Miescor TradiNG,103-PJ-DO01-24-0021
2462,1102,Meralco Plaridel Warehousing Project,103-PJ-DO01-24-0022
2463,1102,Meralco Valenzuela Warehousing Project,103-PJ-DO01-24-0023
2464,1102,Meralco Balintawak Warehousing Project,103-PJ-DO01-24-0024
2465,1102,MSERV Manpower Services,103-PJ-DO01-24-0025
2466,1102,MERALCO - Plaridel Facilities,103-PJ-DO01-24-0026
2467,1102,MERALCO - Valenzuela Facilities,103-PJ-DO01-24-0027
2468,1102,MERALCO - Balintawak Facilities,103-PJ-DO01-24-0028
2469,1102,MERALCO - Parañaque Facilities,103-PJ-DO01-24-0029
2470,1102,MERALCO - Dasmariñas Facilities,103-PJ-DO01-24-0030
2471,1102,MERALCO - Sta. Rosa Facilities,103-PJ-DO01-24-0031
2472,1102,MERALCO - San Pablo Facilities,103-PJ-DO01-24-0032
2473,1102,MERALCO - Rizal Facilities,103-PJ-DO01-24-0033
2474,1102,MERALCO - Manila Facilities,103-PJ-DO01-24-0034
2475,1102,MERALCO - San Joaquin Facilities,103-PJ-DO01-24-0035
2476,1102,General Maintenance Service for Building,103-PJ-DO01-24-0036
2477,1102,Projects and Corporate Events Services,103-PJ-DO01-24-0037
2478,1102,Garbage Collection and Disposal Services,103-PJ-DO01-24-0038
2479,1102,MERALCO - Waste Segregation Services,103-PJ-DO01-24-0039
2480,1102,Robinsons - Technical Maintenance Servic,103-PJ-DO01-24-0040
2481,1102,MIESCOR - Facilities Maintenance MIESCOR,103-PJ-DO01-24-0041
2482,1102,MIESCOR - Addn Maintenance@MLD Barangka,103-PJ-DO01-24-0042
2483,1102,MSPECTRUM - Technical Maintenance PM&OM,103-PJ-DO01-24-0043
2484,1102,MIESCOR - PMS & InstallationACU@VARIOUS,103-PJ-DO01-24-0044
2485,1102,Bayad Center - PM ACU,103-PJ-DO01-24-0045
2486,1102,MERALCO - Shallow wells w/Pump Maint,103-PJ-DO01-24-0046
2487,1102,MERALCO - Substation Aircon Maintenance,103-PJ-DO01-24-0047
2488,1102,MERALCO - Yard & Control House Maint,103-PJ-DO01-24-0048
2489,1102,MWCI - Building Maintenance Services for,103-PJ-DO01-24-0049
2490,1102,NLEX Ventilation & Air Condition Service,103-PJ-DO01-24-0050
2491,1102,LBC - ACU Cleaning,103-PJ-DO01-24-0051
2492,1102,SM Retail - Preventive Maintenance of AC,103-PJ-DO01-24-0052
2493,1102,MERALCO - Alabang Fleet,103-PJ-DO01-24-0053
2494,1102,MERALCO - Balintawak Fleet,103-PJ-DO01-24-0054
2495,1102,MERALCO - Dasmariñas Fleet,103-PJ-DO01-24-0055
2496,1102,MERALCO - Manila Central Fleet,103-PJ-DO01-24-0056
2497,1102,MERALCO - Ortigas Fleet,103-PJ-DO01-24-0057
2498,1102,MERALCO - Plaridel Fleet,103-PJ-DO01-24-0058
2499,1102,MERALCO - Rizal Fleet,103-PJ-DO01-24-0059
2500,1102,MERALCO - San Joaquin Fleet,103-PJ-DO01-24-0060
2501,1102,mMERALCO - San Pablo Fleet,103-PJ-DO01-24-0061
2502,1102,MERALCO - Sta. Rosa Fleet,103-PJ-DO01-24-0062
2503,1102,MERALCO - Valenzuela Fleet,103-PJ-DO01-24-0063
2504,1102,MERALCO - Alabang TWE,103-PJ-DO01-24-0064
2505,1102,MERALCO - Balintawak TWE,103-PJ-DO01-24-0065
2506,1102,MERALCO - Dasmariñas TWE,103-PJ-DO01-24-0066
2507,1102,MERALCO - Manila Central TWE,103-PJ-DO01-24-0067
2508,1102,MERALCO - Plaridel TWE,103-PJ-DO01-24-0068
2509,1102,MERALCO - Rizal TWE,103-PJ-DO01-24-0069
2510,1102,MERALCO - San Joaquin TWE,103-PJ-DO01-24-0070
2511,1102,MERALCO - San Pablo TWE,103-PJ-DO01-24-0071
2512,1102,MERALCO - Sta. Rosa TWE,103-PJ-DO01-24-0072
2513,1102,MERALCO - Valenzuela TWE,103-PJ-DO01-24-0073
2514,1102,MIESCOR - FEMD Fleet Operation,103-PJ-DO01-24-0074
2515,1102,MIESCOR FEMD- Warehouseman Materials mgt,103-PJ-DO01-24-0075
2516,1102,Motorpool,103-PJ-DO01-24-0076
2517,1102,Powergen - Drivers (PHRI),103-PJ-DO01-24-0077
2518,1102,Atimonan One Energy - Transport Service,103-PJ-DO01-24-0078
2519,1102,CEDC - Service Vehicle w/ Driver,103-PJ-DO01-24-0079
2520,1102,MBI Car Rental,103-PJ-DO01-24-0080
2521,1102,MERALCO - Car Leasing,103-PJ-DO01-24-0081
2522,1102,MERALCO - ESAKAY Inc. (MOVEM),103-PJ-DO01-24-0082
2523,1102,MIESCOR - DUS Transpo,103-PJ-DO01-24-0083
2524,1102,MIESCOR - Car Rental,103-PJ-DO01-24-0084
2525,1102,MPIONEER - Car Rental,103-PJ-DO01-24-0085
2526,1102,Radius Telecoms,103-PJ-DO01-24-0086
2527,1102,Radius - Car Rental,103-PJ-DO01-24-0087
2528,1102,Radius - Drivers,103-PJ-DO01-24-0088
2529,1102,M-GEN Global Business Power-Vehicle,103-PJ-DO01-24-0089
2530,1102,Texicon Agri Ventures Corp-Vehicle Agree,103-PJ-DO01-24-0090
2531,1102,MERALCO - Trans Servs Metering Servs Sec,103-PJ-DO01-24-0091
2532,1102,MERALCO - Transp Servs Meralco Corp Comm,103-PJ-DO01-24-0092
2533,1102,MERALCO - Food Delivery Servs from MOC,103-PJ-DO01-24-0093
2534,1102,"Blue Leaf Energy Servs Philippines, Inc",103-PJ-DO01-24-0094
2535,1102,MIESCOR - Prev Maint of Company Vehicle,103-PJ-DO01-24-0095
2536,1102,Meralco- ICT Shuttle Service Project,103-PJ-DO01-24-0096
2537,1102,MERALCO- Pole Line Inspectors Drivers,103-PJ-DO01-24-0097
2538,1102,Other Client - PMS/CMS of Vehicles,103-PJ-DO01-24-0098
2539,1102,Powersource First Bulacan Solar Inc.,103-PJ-DO01-24-0099
2540,1102,FEMD-Fleet Repair & Maintenance,103-PJ-DO01-24-0100
2541,1102,FEMD-Fleet Operation Support,103-PJ-DO01-24-0101
2542,1102,Shin Clark Power Corpon - Transport Serv,103-PJ-DO01-24-0102
2543,1102,MIESCOR ICT SERVICES,103-PJ-DO01-24-0103
2544,1102,MERALCO PARANAQUE SECT JAN SERV,103-PJ-DO01-24-0104
2545,1102,MERALCO DASMA SECTOR JANITORIAL SERS,103-PJ-DO01-24-0105
2546,1102,Meralco Procurement Admin Support Servic,103-PJ-DO01-24-0106
2547,1102,Meralco ICTT (Flatforms/Solutions Delive,103-PJ-DO01-24-0107
2548,1102,Meralco ICTT (Enterp Architecture & Inno,103-PJ-DO01-24-0108
2549,1102,Meralco Materials Mgt Admin Support Serv,103-PJ-DO01-24-0109
2550,1102,MERALCO CRS NORTH HMB JAN SERVICE,103-PJ-DO01-24-0110
2551,1102,MERALCO BALINTAWAK METER WHSE MAINT,103-PJ-DO01-24-0111
2552,1102,MERALCO BALINTAWAK SECTOR JANITORIAL SER,103-PJ-DO01-24-0112
2553,1102,MERALCO BALINTAWAK SECT ADMIN SUP,103-PJ-DO01-24-0113
2554,1102,MERALCO BOA-COMMOPS JANITORIAL SERVICES,103-PJ-DO01-24-0114
2555,1102,Meralco Cataloging & Vendor Management S,103-PJ-DO01-24-0115
2556,1102,MERALCO MCAO-CCG JANITORIAL SERVICES,103-PJ-DO01-24-0116
2557,1102,MERALCO SPEND MANAGEMENT ENCODING SERVIC,103-PJ-DO01-24-0117
2558,1102,Meralco RMDM Meter Handling & Warehousin,103-PJ-DO01-24-0118
2559,1102,MERALCO CUSTOMER RETAIL SERVICE CLERICAL,103-PJ-DO01-24-0119
2560,1102,Meralco Dist Connection Design Encoding,103-PJ-DO01-24-0120
2561,1102,"Meralco Structural Design,Map,Permitting",103-PJ-DO01-24-0121
2562,1102,MERALCO NORTH METERING SERVS&SECURITY,103-PJ-DO01-24-0122
2563,1102,Meralco Valenzuela Sector Admin Support,103-PJ-DO01-24-0123
2564,1102,MERALCO CENTRAL BCOS HMB ENCODING SERVIC,103-PJ-DO01-24-0124
2565,1102,MERALCO NORTH BCOS HMB ENCODING SERVICES,103-PJ-DO01-24-0125
2566,1102,MERALCO SOUTH BCOS HMB ENCODING SERVICES,103-PJ-DO01-24-0126
2567,1102,MERALCO SAN PABLO SECTOR ADMIN SUP&ENCO,103-PJ-DO01-24-0127
2568,1102,MERALCO FSGS MOC JANITORIAL SERVICES,103-PJ-DO01-24-0128
2569,1102,MERALCO TMEE FITNESS CENTER MAINT,103-PJ-DO01-24-0129
2570,1102,MERALCO FSGS MOC GROUND & LAWN MAINT,103-PJ-DO01-24-0130
2571,1102,Meralco Investment & Debt MGT Admin SS,103-PJ-DO01-24-0131
2572,1102,Meralco Valenzuela Sector Grounds/Lawn,103-PJ-DO01-24-0132
2573,1102,mMERALCO LINEMANS TRAINING CAMP JANITORI,103-PJ-DO01-24-0133
2574,1102,MERALCO SAN PABLO SECTOR JANITORIAL SERV,103-PJ-DO01-24-0134
2575,1102,MERALCO LEGAL ADMIN SUPPORT SERVICES,103-PJ-DO01-24-0135
2576,1102,Meralco Regulatory Management Admin Supp,103-PJ-DO01-24-0136
2577,1102,Meralco CGCO Admin Support & Corporate S,103-PJ-DO01-24-0137
2578,1102,MERALCO MANILA SECTOR ADMIN SUPPORT & EN,103-PJ-DO01-24-0138
2579,1102,MERALCO MANILA METER WAREHOUSE MAINTENAN,103-PJ-DO01-24-0139
2580,1102,MERALCO MANILA SECTOR JANITORIAL SERVICE,103-PJ-DO01-24-0140
2581,1102,MERALCO ELECTRIC DISTRIBUTION DEVELOPMEN,103-PJ-DO01-24-0141
2582,1102,Meralco Valenzuela Meter Warehouse Maint,103-PJ-DO01-24-0142
2583,1102,Meralco Investment Management of the O &,103-PJ-DO01-24-0143
2584,1102,MERALCO CENTRAL PLAN&SCHEG ENCO Serv,103-PJ-DO01-24-0144
2585,1102,MERALCO SOUTH PLAN&SCHED ENCO Serv,103-PJ-DO01-24-0145
2586,1102,MERALCO NORTH PLAN&SCHED ENCO Serv,103-PJ-DO01-24-0146
2587,1102,MERALCO PLARIDEL SECT ADMIN SUP&ENCO,103-PJ-DO01-24-0147
2588,1102,Meralco Plaridel Sect Grounds&Lawn Maint,103-PJ-DO01-24-0148
2589,1102,MERALCO CRS CENTRAL HMB JANITORIAL SERVS,103-PJ-DO01-24-0149
2590,1102,MERALCO RIZAL SECTOR ADMIN SUP&ENCO,103-PJ-DO01-24-0150
2591,1102,Meralco Rizal Meter Warehouse Maint Serv,103-PJ-DO01-24-0151
2592,1102,MERALCO RIZAL SECTOR JANITORIAL SERVICES,103-PJ-DO01-24-0152
2593,1102,MERALCO CENTRAL SYSTEM ANALYSIS ENCODING,103-PJ-DO01-24-0153
2594,1102,MERALCO CENTRAL MSS ENCODING SERVICES,103-PJ-DO01-24-0154
2595,1102,MERALCO PASIG SECTOR ADMIN SUP&ENCO SERV,103-PJ-DO01-24-0155
2596,1102,Meralco Pasig Meter Warehouse Maint Serv,103-PJ-DO01-24-0156
2597,1102,MERALCO PASIG SECTOR JANITORIAL SERVICES,103-PJ-DO01-24-0157
2598,1102,MERALCO CRS SOUTH HMB JANITORIAL SERVICE,103-PJ-DO01-24-0158
2599,1102,MERALCO ORGANIZATIONAL SAFETY & RESILIEN,103-PJ-DO01-24-0159
2600,1102,Meralco Training Facilities Admin Servic,103-PJ-DO01-24-0160
2601,1102,MERALCO MPOWER MESSENGERIAL SERVICES,103-PJ-DO01-24-0161
2602,1102,Miescor Janitorial Services,103-PJ-DO01-24-0162
2603,1102,Miescor Security Admin Support Services,103-PJ-DO01-24-0163
2604,1102,MERALCO SOUTH MSS ENCODING SERVICES,103-PJ-DO01-24-0164
2605,1102,MERALCO PARANAQUE SECTOR ADMIN SUP&ENCO,103-PJ-DO01-24-0165
2606,1102,MERALCO STA ROSA SECTOR ADMIN SUP&ENCO,103-PJ-DO01-24-0166
2607,1102,MERALCO DASMARINAS SECTOR ADMIN SUP&ENCO,103-PJ-DO01-24-0167
2608,1102,MVP Yard Maintenance Services,103-PJ-DO01-24-0168
2609,1102,Meralco Ecozone Power (PEZA) Janitorial,103-PJ-DO01-24-0169
2610,1102,MERALCO PLARIDEL METER WAREHOUSE MAINT,103-PJ-DO01-24-0170
2611,1102,Radius Telecom Janitorial Services,103-PJ-DO01-24-0171
2612,1102,Radius Telecom Messengerial Services,103-PJ-DO01-24-0172
2613,1102,Radius Telecom Telecom Services,103-PJ-DO01-24-0173
2614,1102,MERALCO STS SCADA ADMIN SUPPORT SERVICES,103-PJ-DO01-24-0174
2615,1102,"MERALCO STS PSP-PSA CLERICAL, WAREHOUSE",103-PJ-DO01-24-0175
2616,1102,MERALCO STS STL ADMIN SUPPORT SERVICES,103-PJ-DO01-24-0176
2617,1102,MERALCO STS SUBSTATION ADMIN SUPPORT SER,103-PJ-DO01-24-0177
2618,1102,MERALCO STS-TESTING ADMIN SUP ENCO&ENGG,103-PJ-DO01-24-0178
2619,1102,Meralco Sta Rosa Sector Janitorial Servi,103-PJ-DO01-24-0179
2620,1102,TAKASAGO Job Contracting Services,103-PJ-DO01-24-0180
2621,1102,TEH HSIN JOB CONTRACTING SERVICES,103-PJ-DO01-24-0181
2622,1102,MERALCO VENDOR RELATIONSHIP MGT,103-PJ-DO01-24-0182
2623,1102,Meralco Energy (MSERV) Job Contracting,103-PJ-DO01-24-0183
2624,1102,MSpectrum Job Contracting Services,103-PJ-DO01-24-0184
2625,1102,MOVEM ADMINISTRATIVE SERVICES,103-PJ-DO01-24-0185
2626,1102,MIESCOR FINANCE MESSENGERIAL SERVICES,103-PJ-DO01-24-0186
2627,1102,Meralco Energy Sourcing Admin Support Se,103-PJ-DO01-24-0187
2628,1102,MSERV Vendor Coordination & Admin Suppor,103-PJ-DO01-24-0188
2629,1102,"Meralco Tax, Realty & Contract Mgt Admin",103-PJ-DO01-24-0189
2630,1102,Meralco Employee & Labor Relations Admin,103-PJ-DO01-24-0190
2631,1102,MERALCO NTAM ADMINISTRATIVE SUPPORT SERV,103-PJ-DO01-24-0191
2632,1102,Meralco Paranaque Meter Warehouse Maint,103-PJ-DO01-24-0192
2633,1102,MERALCO SAN PABLO METER WAREHOUSE MAINT,103-PJ-DO01-24-0193
2634,1102,MIESCOR DOCUMENTS & RECORDS ASSOCIATE SE,103-PJ-DO01-24-0194
2635,1102,OCEANA Janitorial Services,103-PJ-DO01-24-0195
2636,1102,Meralco-OH-STS Encoding Servicesñ,103-PJ-DO01-24-0196
2637,1102,Meralco FSGS Admin Support Services,103-PJ-DO01-24-0197
2638,1102,MERALCO HR SERVICE DESK SUPPORT SERVICES,103-PJ-DO01-24-0198
2639,1102,MIDC Motorized Messengerial Services,103-PJ-DO01-24-0199
2640,1102,Meralco FSGS Powerbase Janitorial Servic,103-PJ-DO01-24-0200
2641,1102,Miescor Legal Admin Support Services,103-PJ-DO01-24-0201
2642,1102,Meralco Staff House Caretaking & Janitor,103-PJ-DO01-24-0202
2643,1102,Miescor Finance Clerk Services,103-PJ-DO01-24-0203
2644,1102,Philippine Disaster Resilience Foundatio,103-PJ-DO01-24-0204
2645,1102,Meralco Corporate Communication Admin Su,103-PJ-DO01-24-0205
2646,1102,Shin Clark Power Corporation Administrat,103-PJ-DO01-24-0206
2647,1102,Meralco Health & Wellness Management Cov,103-PJ-DO01-24-0207
2648,1102,MWCI-PMS of ACU,103-PJ-DO01-24-0208
2649,1102,Radius-Repair Raised Flr at BSC Office,103-PJ-DO01-24-0209
2650,1102,Mr.Joseph (Eunice) Mundo SOW for Renov,103-PJ-DO01-24-0210
2651,1102,Canal Diversion Project,103-PJ-DO01-24-0211
2652,1102,MWCI-Improv Works Balara TP Pansol QC,103-PJ-DO01-24-0212
2653,1102,MSERV-AC Leak Repair Works@ Powerlab,103-PJ-DO01-24-0213
2654,1102,Meralco-Civil Works @ Sta Maria Subs,103-PJ-DO01-24-0214
2655,1102,MGEN-Supply of Drivers Vehicles&Utility,103-PJ-DO01-24-0215
2656,1102,Finserve Parking Attendant at the Strip,103-PJ-DO01-24-0216
2657,1102,MLI-CRS GAE,103-PJ-DO01-24-0217
2658,1102,MWCI-Repainting Works and Repair CR@JIC,103-PJ-DO01-24-0218
2659,1102,MWCI-Rep Bused lights&Perimeter@Pob SWTP,103-PJ-DO01-24-0219
2660,1102,UE-RenovationTheater Dalupan Bldg@Recto,103-PJ-DO01-24-0220
2661,1102,Mr Eugene F. Araullo Rehab of Garage,103-PJ-DO01-24-0221
2662,1102,MERALCO - Repainting Works at Lopez Bldg,103-PJ-DO01-24-0222
2663,1102,Facilities Various Projects,103-PJ-DO01-24-0223
2664,1102,Mr. Jaime G Baltazr-Rewiring Elect @ QC,103-PJ-DO01-24-0224
2665,1102,Miescor-Descaling & Swabbing AHU,103-PJ-DO01-24-0225
2666,1102,Megaworld Ayala Malls-Sup&Inst AHU Parts,103-PJ-DO01-24-0226
2667,1102,Meralco-Fire Suppression @ Lopez,103-PJ-DO01-24-0227
2668,1102,NGCP Supply&Insta ACU Bacolod 1&2 SS,103-PJ-DO01-24-0228
2669,1102,Megaworld Lifestyle - AC & Vents Binan,103-PJ-DO01-24-0229
2670,1102,Miescor-Sup&Inst PCB Board ACUHitachi@HO,103-PJ-DO01-24-0230
2671,1102,TSPI-Vehicle agreement Ocean Drive MOA,103-PJ-DO01-24-0231
2672,1102,Meralco-Sta Rosa Warehouse Maint Servs,103-PJ-DO01-24-0232
2673,1102,Meralco-Dasma Warehouse Maint Servs,103-PJ-DO01-24-0233
2674,1102,Shane Gonzales-Elect Panel Board@Hampton,103-PJ-DO01-24-0234
2675,1102,"MGEN-Safety Painting 117 Poles@PHRI,",103-PJ-DO01-24-0235
2676,1102,Megaworld Lifestyle -ACU Control@Forbes,103-PJ-DO01-24-0236
2677,1102,Ms. Rose Copino Cloverleaf Canteen LTC,103-PJ-DO01-24-0237
2678,1102,CISC-Housekeeping&Doc Handling Servs,103-PJ-DO01-24-0238
2679,1102,CIS Bayad Center Retiling Works,103-PJ-DO01-24-0239
2680,1102,CIS Bayad Center Replacement Glass Door,103-PJ-DO01-24-0240
2681,1102,Meralco-rep Glass door@9F Lopez Bldg,103-PJ-DO01-24-0241
2682,1102,Ms. Mariella Trajano Garcia-RFQ Home Rep,103-PJ-DO01-24-0242
2683,1102,Ms. Sheryl Po-Rep Ceiling light@QC,103-PJ-DO01-24-0243
2684,1102,Ms. Judy Mathay-Serv Troubleshoot&repair,103-PJ-DO01-24-0244
2685,1102,Ms. Eilleen Palma-Repainting wall&PMSACU,103-PJ-DO01-24-0245
2686,1102,UE Manila-CPS drinking Water Lualhati,103-PJ-DO01-24-0246
2687,1102,De LA Salle Uiversity-Renov Store@Laguna,103-PJ-DO01-24-0247
2688,1102,De LA Salle Uiversity-Genset Manila,103-PJ-DO01-24-0248
2689,1102,INDRA Phils-Repair pantry &lightning Fix,103-PJ-DO01-24-0249
2690,1102,LRMC-CompMaint ACU system Depot stn&RSS,103-PJ-DO01-24-0250
2691,1102,Meralco-Rep Fixed Glass wall @ TSB,103-PJ-DO01-24-0251
2692,1102,Meralco-Sup&Fab Cabinet Sir Obet Galang,103-PJ-DO01-24-0252
2693,1102,RADIUS-Motorized Personnel Services,103-PJ-DO01-24-0253
2694,1102,GSEI-Supply of Drivers&Service Vehicles,103-PJ-DO01-24-0254
2695,1102,GGI-Supply of Drivers&Service Vehicles,103-PJ-DO01-24-0255
2696,1102,CIS-Supply & Install PVC Door (Bathroom),103-PJ-DO01-24-0256
2697,1102,CIS- BC Pasig Back wall Cover,103-PJ-DO01-24-0257
2698,1102,Megaworld-Theater Elect Prov @ eastwood,103-PJ-DO01-24-0258
2699,1102,MBI-Ground Breaking Terra Solar @ NE,103-PJ-DO01-24-0259
2700,1102,TMPTech-Electrical power Supply AFPS,103-PJ-DO01-24-0260
2701,1102,Meralco-Rehab Exec Summer House@Baguio,103-PJ-DO01-24-0261
2702,1102,CIS bayad Center- Roof repair @ Tanay,103-PJ-DO01-24-0262
2703,1102,MGEN-TSPI Janitorial Srvices,103-PJ-DO01-24-0263
2704,1102,MMC Fiundation-Gen Const BBM-CCCC,103-PJ-DO01-24-0264
2705,1102,Meralco-Glass Window Main Theater Exec,103-PJ-DO01-24-0265
2706,1102,Meralco-Service Driver CRS-OH,103-PJ-DO01-24-0266
2707,1102,Meralco-Glass Window BOH Ground-2nd Flr,103-PJ-DO01-24-0267
2708,1102,Others - Various Shuttle Services,103-PJ-DO01-24-0268
2709,1102,Meralco ReplaceFixed Glass Window@Lopez,103-PJ-DO01-24-0269
2710,1102,ETIQA-Admin Staff Services,103-PJ-DO01-24-0270
2711,1102,Filinvest One Subd - Electrical Works,103-PJ-DO01-24-0271
2712,1102,Miescor-Terra Main Tempacil@Gapan NE,103-PJ-DO01-24-0272
2713,1102,Meralco-Sup&Inst ACU @ Various Subs,103-PJ-DO01-24-0273
2714,1102,Megaworld-PM ACU@ Alabang Las Pinas,103-PJ-DO01-24-0274
2715,1102,Meralco-Gondola Manpower Services,103-PJ-DO01-24-0275
2716,1102,Rockwell Land Corp-Transport Services,103-PJ-DO01-24-0276
2717,1102,Miescor-Sup&Inst ACU 3rd Flr @UAM PROJ,103-PJ-DO01-24-0277
2718,1102,CIS bayad Center- Sup&Ins ACU Gulod Nova,103-PJ-DO01-24-0278
2719,1102,CIS bayad Center- Inst ACU PIONEER,103-PJ-DO01-24-0279
2720,1102,Meralco-Rgp Electrical Panels@Lopez Bld,103-PJ-DO01-24-0280
2721,1102,Radius-PM & repair ACU@ RBC,103-PJ-DO01-24-0281
2722,1102,Meralco-Window Tint/Film @ MOC,103-PJ-DO01-24-0282
2723,1102,Radius-Retrofit IT Server Rm@12F T2 RBC,103-PJ-DO01-24-0283
2724,1102,CIS bayad Center- Cyber Security Office,103-PJ-DO01-24-0284
2725,1102,CIS bayad Center-CBCI Office Renov,103-PJ-DO01-24-0285
2726,1102,Meralco-Audio Equip Mancon rm@ Lopez,103-PJ-DO01-24-0286
2727,1102,Miescor- Sup&Inst ACU2 Admi Servs HO,103-PJ-DO01-24-0287
2728,1102,meralco-Sup&Inst window tint @Antipolo,103-PJ-DO01-24-0288
2729,1102,MERALCO Manila Warehousing Project,103-PJ-DO01-25-0001
2730,1102,MERALCO Rizal Warehousing Project,103-PJ-DO01-25-0002
2731,1102,MERALCO Pasig Warehousing Project,103-PJ-DO01-25-0003
2732,1102,MERALCO Ortigas Warehousing Project,103-PJ-DO01-25-0004
2733,1102,MERALCO Kamias Warehousing Project,103-PJ-DO01-25-0005
2734,1102,MERALCO Parañaque Warehousing Project,103-PJ-DO01-25-0006
2735,1102,MERALCO Cavite Warehousing Project,103-PJ-DO01-25-0007
2736,1102,MERALCO San Pablo Warehousing Project,103-PJ-DO01-25-0008
2737,1102,MERALCO Sta Rosa Warehousing Project,103-PJ-DO01-25-0009
2738,1102,MERALCO Batangas Warehousing Project,103-PJ-DO01-25-0010
2739,1102,MERALCO Pagbilao Warehousing Project,103-PJ-DO01-25-0011
2740,1102,MERALCO Kamuning Substation Support Ware,103-PJ-DO01-25-0012
2741,1102,MERALCO MMO Hauling Services,103-PJ-DO01-25-0013
2742,1102,Radius Kamias Warehousing Project,103-PJ-DO01-25-0014
2743,1102,Radius BSC Warehousing Project,103-PJ-DO01-25-0015
2744,1102,Radius - Warehousing Services for Mandal,103-PJ-DO01-25-0016
2745,1102,Manila Water Company Inc Warehousing Pro,103-PJ-DO01-25-0017
2746,1102,SCG-Roll Handling Services,103-PJ-DO01-25-0018
2747,1102,SCG-Warehouse 1 & 2 Material Handling Op,103-PJ-DO01-25-0019
2748,1102,MERALCO Ortigas Center Warehousing Proje,103-PJ-DO01-25-0020
2749,1102,MERALCO ICT Warehousing Project,103-PJ-DO01-25-0021
2750,1102,MIESCOR - Warehouseman for Miescor Tradi,103-PJ-DO01-25-0022
2751,1102,Meralco Plaridel Warehousing Project,103-PJ-DO01-25-0023
2752,1102,Meralco Valenzuela Warehousing Project,103-PJ-DO01-25-0024
2753,1102,Meralco Balintawak Warehousing Project,103-PJ-DO01-25-0025
2754,1102,MSERV Manpower Services,103-PJ-DO01-25-0026
2755,1102,MIESCOR FEMD- Warehouseman for Materials,103-PJ-DO01-25-0027
2756,1102,MERALCO - Plaridel Facilities,103-PJ-DO01-25-0028
2757,1102,MERALCO - Valenzuela Facilities,103-PJ-DO01-25-0029
2758,1102,MERALCO - Parañaque Facilities,103-PJ-DO01-25-0030
2759,1102,MERALCO - Parañaque Facilities,103-PJ-DO01-25-0031
2760,1102,MERALCO - Dasmariñas Facilities,103-PJ-DO01-25-0032
2761,1102,MERALCO - Sta. Rosa Facilities,103-PJ-DO01-25-0033
2762,1102,MERALCO - San Pablo Facilities,103-PJ-DO01-25-0034
2763,1102,MERALCO - Rizal Facilities,103-PJ-DO01-25-0035
2764,1102,MERALCO - Manila Facilities,103-PJ-DO01-25-0036
2765,1102,MERALCO - San Joaquin Facilities,103-PJ-DO01-25-0037
2766,1102,General Maintenance Service for Building,103-PJ-DO01-25-0038
2767,1102,Projects and Corporate Events Services,103-PJ-DO01-25-0039
2768,1102,Garbage Collection and Disposal Services,103-PJ-DO01-25-0040
2769,1102,MERALCO - Waste Segregation Services,103-PJ-DO01-25-0041
2770,1102,ROBINSON - Tech Maintenance Services,103-PJ-DO01-25-0042
2771,1102,MIESCOR - Facilities Maintenance at MIES,103-PJ-DO01-25-0043
2772,1102,MIESCOR - Additional Maintenance at MLD,103-PJ-DO01-25-0044
2773,1102,MSPECTRUM- Technical Maintenance PM and,103-PJ-DO01-25-0045
2774,1102,MIESCOR - PMS & Installation of ACU at V,103-PJ-DO01-25-0046
2775,1102,MERALCO - Shallow wells w/Pump Maint,103-PJ-DO01-25-0047
2776,1102,MERALCO - Substation Aircon Maintenance,103-PJ-DO01-25-0048
2777,1102,MERALCO - Yard & Control House Maint,103-PJ-DO01-25-0049
2778,1102,NLEX Ventilation & Air Condition Service,103-PJ-DO01-25-0050
2779,1102,LBC - ACU Cleaning,103-PJ-DO01-25-0051
2780,1102,Various Clients- PM & CM,103-PJ-DO01-25-0052
2781,1102,Compreh MaintContract of ACU @Dept Stns,103-PJ-DO01-25-0053
2782,1102,Megaworld - Preventive Maintenance of AC,103-PJ-DO01-25-0054
2783,1102,reventive Maintenance of ACU,103-PJ-DO01-25-0055
2784,1102,MERALCO - Alabang Fleet,103-PJ-DO01-25-0056
2785,1102,MERALCO - Dasmariñas Fleet,103-PJ-DO01-25-0057
2786,1102,MERALCO - San Pablo Fleet,103-PJ-DO01-25-0058
2787,1102,MERALCO - Sta. Rosa Fleet,103-PJ-DO01-25-0059
2788,1102,MERALCO - Balintawak Fleet,103-PJ-DO01-25-0060
2789,1102,MERALCO - Plaridel Fleet,103-PJ-DO01-25-0061
2790,1102,MERALCO - Valenzuela Fleet,103-PJ-DO01-25-0062
2791,1102,MERALCO - Manila Central Fleet,103-PJ-DO01-25-0063
2792,1102,MERALCO - Ortigas Fleet,103-PJ-DO01-25-0064
2793,1102,MERALCO - Rizal Fleet,103-PJ-DO01-25-0065
2794,1102,MERALCO - San Joaquin Fleet,103-PJ-DO01-25-0066
2795,1102,MERALCO - Alabang TWE,103-PJ-DO01-25-0067
2796,1102,MERALCO - Dasmariñas TWE,103-PJ-DO01-25-0068
2797,1102,MERALCO - San Pablo TWE,103-PJ-DO01-25-0069
2798,1102,MERALCO - Sta. Rosa TWE,103-PJ-DO01-25-0070
2799,1102,MERALCO - Balintawak TWE,103-PJ-DO01-25-0071
2800,1102,MERALCO - Plaridel TWE,103-PJ-DO01-25-0072
2801,1102,MERALCO - Valenzuela TWE,103-PJ-DO01-25-0073
2802,1102,MERALCO - Manila Central TWE,103-PJ-DO01-25-0074
2803,1102,MERALCO - Rizal TWE,103-PJ-DO01-25-0075
2804,1102,MERALCO - San Joaquin TWE,103-PJ-DO01-25-0076
2805,1102,MERALCO - Trans Servs for Metering Servs,103-PJ-DO01-25-0077
2806,1102,MERALCO - Transp Serv Meralco Corp Comm,103-PJ-DO01-25-0078
2807,1102,MERALCO- Pole Line Inspectors Drivers,103-PJ-DO01-25-0079
2808,1102,MIESCOR - FEMD Fleet Operation,103-PJ-DO01-25-0080
2809,1102,MIESCOR - FEMD Fleet Repair & Maintenanc,103-PJ-DO01-25-0081
2810,1102,MIESCOR - FEMD Fleet Operation Support,103-PJ-DO01-25-0082
2811,1102,Powergen - Drivers,103-PJ-DO01-25-0083
2812,1102,Atimonan One Energy,103-PJ-DO01-25-0084
2813,1102,Powersource First Bulacan Solar Inc.,103-PJ-DO01-25-0085
2814,1102,Radius - Drivers,103-PJ-DO01-25-0086
2815,1102,MIESCOR Home Office Drivers,103-PJ-DO01-25-0087
2816,1102,Shin Clark Power Corporation,103-PJ-DO01-25-0088
2817,1102,Transportation Serivce Driver for CRS-OH,103-PJ-DO01-25-0089
2818,1102,ROCKWELL LAND CORPORATION - Trans Servs,103-PJ-DO01-25-0090
2819,1102,MERALCO - Car Leasing,103-PJ-DO01-25-0091
2820,1102,CEDC - Service Vehicle w/ Driver,103-PJ-DO01-25-0092
2821,1102,MBI Car Rental,103-PJ-DO01-25-0093
2822,1102,MOVEM,103-PJ-DO01-25-0094
2823,1102,MIESCOR - DUS Transpo,103-PJ-DO01-25-0095
2824,1102,M-GEN Global Business Power,103-PJ-DO01-25-0096
2825,1102,"Blue Leaf Energy Services Philippines, I",103-PJ-DO01-25-0097
2826,1102,"Terra Solar Philippines,Inc.",103-PJ-DO01-25-0098
2827,1102,"Greentech Solar Energy, Inc. (GSEI)",103-PJ-DO01-25-0099
2828,1102,"Greenergy for Global, Inc. (GGI)",103-PJ-DO01-25-0100
2829,1102,MGREEN,103-PJ-DO01-25-0101
2830,1102,MIESCOR - Car Rental,103-PJ-DO01-25-0102
2831,1102,MPIONEER - Car Rental,103-PJ-DO01-25-0103
2832,1102,Radius Telecoms,103-PJ-DO01-25-0104
2833,1102,Radius - Car Rental,103-PJ-DO01-25-0105
2834,1102,Texicon Agri Ventures Corporation - Vehi,103-PJ-DO01-25-0106
2835,1102,MIESCOR - PM of Company Vehicles,103-PJ-DO01-25-0107
2836,1102,Other Client - PMS/CMS of Vehicles,103-PJ-DO01-25-0108
2837,1102,Various Shuttle Service,103-PJ-DO01-25-0109
2838,1102,Motorpool,103-PJ-DO01-25-0110
2839,1102,Meralco CRS North HMB Janitorial Service,103-PJ-DO01-25-0111
2840,1102,Meralco Balintawak Meter WH Maint Serv,103-PJ-DO01-25-0112
2841,1102,Meralco Balintawak Sector Janitorial Ser,103-PJ-DO01-25-0113
2842,1102,Meralco Balintawak Sector Admin Support,103-PJ-DO01-25-0114
2843,1102,Meralco North Metering Services & Securi,103-PJ-DO01-25-0115
2844,1102,Meralco Valenzuela Sector Admin Support,103-PJ-DO01-25-0116
2845,1102,Meralco Val Sector Grounds/Lawn Maint&Ja,103-PJ-DO01-25-0117
2846,1102,Meralco Val Meter Warehouse Maint Serv,103-PJ-DO01-25-0118
2847,1102,Meralco North Planning & Scheduling Enco,103-PJ-DO01-25-0119
2848,1102,Meralco Plaridel Sector Admin Support &,103-PJ-DO01-25-0120
2849,1102,Meralco Plaridel Sector Grounds & Lawn M,103-PJ-DO01-25-0121
2850,1102,Meralco Plaridel Meter Warehouse Mainten,103-PJ-DO01-25-0122
2851,1102,Meralco North BCOS HMB Encoding Services,103-PJ-DO01-25-0123
2852,1102,Meralco Paranaque Sector Janitorial Serv,103-PJ-DO01-25-0124
2853,1102,Meralco Dasmarinas Sector Janitorial Ser,103-PJ-DO01-25-0125
2854,1102,Meralco Dist Conn Design Encoding Servs,103-PJ-DO01-25-0126
2855,1102,"Meralco Structural Design, Mapping, Perm",103-PJ-DO01-25-0127
2856,1102,Meralco South BCOS HMB Encoding Services,103-PJ-DO01-25-0128
2857,1102,Meralco San Pablo Sector Admin Support &,103-PJ-DO01-25-0129
2858,1102,Meralco San Pablo Sector Janitorial Serv,103-PJ-DO01-25-0130
2859,1102,Meralco South Planning & Scheduling Enco,103-PJ-DO01-25-0131
2860,1102,Meralco CRS South HMB Janitorial Service,103-PJ-DO01-25-0132
2861,1102,Meralco South MSS Encoding Services,103-PJ-DO01-25-0133
2862,1102,Meralco Paranaque Sector Admin Support &,103-PJ-DO01-25-0134
2863,1102,Meralco Sta Rosa Sector Admin Support &,103-PJ-DO01-25-0135
2864,1102,Meralco Dasmarinas Sector Admin Support,103-PJ-DO01-25-0136
2865,1102,Meralco Sta Rosa Sector Janitorial Servi,103-PJ-DO01-25-0137
2866,1102,Meralco Paranaque Meter Warehouse Mainte,103-PJ-DO01-25-0138
2867,1102,Meralco San Pablo Meter Warehouse Mainte,103-PJ-DO01-25-0139
2868,1102,Meralco Sta Rosa Warehouse Maintenance S,103-PJ-DO01-25-0140
2869,1102,Meralco Dasmarinas Warehouse Maintenance,103-PJ-DO01-25-0141
2870,1102,Meralco Central BCOS HMB Encoding Servic,103-PJ-DO01-25-0142
2871,1102,Meralco Manila Sector Admin Support & En,103-PJ-DO01-25-0143
2872,1102,Meralco Manila Meter Warehouse Maintenan,103-PJ-DO01-25-0144
2873,1102,Meralco Manila Sector Janitorial Service,103-PJ-DO01-25-0145
2874,1102,Meralco Central Planning & Scheduling E,103-PJ-DO01-25-0146
2875,1102,Meralco CRS Central HMB Janitorial Servi,103-PJ-DO01-25-0147
2876,1102,Meralco Rizal Sector Admin Support & Enc,103-PJ-DO01-25-0148
2877,1102,Meralco Rizal Meter Warehouse Maintenenc,103-PJ-DO01-25-0149
2878,1102,Meralco Rizal Sector Janitorial Services,103-PJ-DO01-25-0150
2879,1102,Meralco Central System Analysis Encoding,103-PJ-DO01-25-0151
2880,1102,Meralco Central MSS Encoding Services,103-PJ-DO01-25-0152
2881,1102,Meralco Pasig Sector Admin Support & Enc,103-PJ-DO01-25-0153
2882,1102,Meralco Pasig Meter Warehouse Maintenen,103-PJ-DO01-25-0154
2883,1102,Meralco Pasig Sector Janitorial Services,103-PJ-DO01-25-0155
2884,1102,Meralco STS SCADA Admin Support Services,103-PJ-DO01-25-0156
2885,1102,"Meralco STS PSP-PSA Clerical, Warehouse",103-PJ-DO01-25-0157
2886,1102,Meralco STS STL Admin Support Services,103-PJ-DO01-25-0158
2887,1102,Meralco STS Substation Admin Support Ser,103-PJ-DO01-25-0159
2888,1102,"Meralco STS-Testing Admin Support, Encod",103-PJ-DO01-25-0160
2889,1102,Meralco-OH-STS Encoding Servicesñ,103-PJ-DO01-25-0161
2890,1102,Meralco Procurement Admin Support Servic,103-PJ-DO01-25-0162
2891,1102,Meralco ICTT (Enterprise Architecture,103-PJ-DO01-25-0163
2892,1102,Meralco Materials Management Admin Suppo,103-PJ-DO01-25-0164
2893,1102,Meralco BOA-COMMOPS Janitorial Services,103-PJ-DO01-25-0165
2894,1102,Meralco Cataloging & Vendor Management,103-PJ-DO01-25-0166
2895,1102,Meralco MCAO-CCG Janitorial Services,103-PJ-DO01-25-0167
2896,1102,Meralco SPEND Management Encoding Servic,103-PJ-DO01-25-0168
2897,1102,Meralco RMDM Meter Handling & Warehousin,103-PJ-DO01-25-0169
2898,1102,Meralco Customer Retail Service Clerical,103-PJ-DO01-25-0170
2899,1102,Meralco FSGS MOC Janitorial Services,103-PJ-DO01-25-0171
2900,1102,Meralco TMEE Fitness Center Maintenance,103-PJ-DO01-25-0172
2901,1102,Meralco FSGS MOC Ground & Lawn Maintenan,103-PJ-DO01-25-0173
2902,1102,Meralco Investment & Debt Mgt Admin Sup,103-PJ-DO01-25-0174
2903,1102,Meralco Linemans Training Camp Janitoria,103-PJ-DO01-25-0175
2904,1102,Meralco Legal Admin Support Services,103-PJ-DO01-25-0176
2905,1102,Meralco Regulatory Management Admin Supp,103-PJ-DO01-25-0177
2906,1102,Meralco CGCO Admin Support & Corporate,103-PJ-DO01-25-0178
2907,1102,Meralco Electric Distribution Developmen,103-PJ-DO01-25-0179
2908,1102,Meralco Organizational Safety & Resilien,103-PJ-DO01-25-0180
2909,1102,Meralco Training Facilities Admin Servic,103-PJ-DO01-25-0181
2910,1102,Meralco Mpower Messengerial Services,103-PJ-DO01-25-0182
2911,1102,Meralco Ecozone Power (PEZA) Janitorial,103-PJ-DO01-25-0183
2912,1102,Meralco Vendor Relationship Management A,103-PJ-DO01-25-0184
2913,1102,Meralco Energy (MSERV) Job Contracting S,103-PJ-DO01-25-0185
2914,1102,Meralco Energy Sourcing Admin Support Se,103-PJ-DO01-25-0186
2915,1102,"Meralco Tax, Realty & Contract Managemen",103-PJ-DO01-25-0187
2916,1102,Meralco NTAM Administrative Support Serv,103-PJ-DO01-25-0188
2917,1102,Meralco FSGS Admin Support Services,103-PJ-DO01-25-0189
2918,1102,Meralco HR Service Desk Support Services,103-PJ-DO01-25-0190
2919,1102,Meralco FSGS Powerbase Janitorial Servic,103-PJ-DO01-25-0191
2920,1102,Meralco Staff House Caretaking Services,103-PJ-DO01-25-0192
2921,1102,Meralco Corporate Communication Admin Su,103-PJ-DO01-25-0193
2922,1102,Meralco Health & Wellness Mgt Covid hotl,103-PJ-DO01-25-0194
2923,1102,Miescor ICT Services,103-PJ-DO01-25-0195
2924,1102,Miescor Janitorial Services,103-PJ-DO01-25-0196
2925,1102,Miescor Security Admin Support Services,103-PJ-DO01-25-0197
2926,1102,Miescor Finance Messengerial Services,103-PJ-DO01-25-0198
2927,1102,Miescor Documents & Records Associate Se,103-PJ-DO01-25-0199
2928,1102,Miescor Legal Admin Support Services,103-PJ-DO01-25-0200
2929,1102,Miescor Finance Clerk Service,103-PJ-DO01-25-0201
2930,1102,Radius Telecom Support Staff Services,103-PJ-DO01-25-0202
2931,1102,Radius Telecom Janitorial Services,103-PJ-DO01-25-0203
2932,1102,Radius Telecom Messengerial Services,103-PJ-DO01-25-0204
2933,1102,Radius Telecom Telecom Services,103-PJ-DO01-25-0205
2934,1102,MVP Yard Maintenance Services,103-PJ-DO01-25-0206
2935,1102,Takasago Job Contracting Services,103-PJ-DO01-25-0207
2936,1102,Teh Hsin Job Contracting Services,103-PJ-DO01-25-0208
2937,1102,Mspectrum Job Contracting Services,103-PJ-DO01-25-0209
2938,1102,MSERV Vendor Coordination & Admin Suppor,103-PJ-DO01-25-0210
2939,1102,Oceana Janitorial Services,103-PJ-DO01-25-0211
2940,1102,Philippine Disaster Resilience Foundatio,103-PJ-DO01-25-0212
2941,1102,Shin Clark Power Corporation Administrat,103-PJ-DO01-25-0213
2942,1102,Atimonan One Energy Janitorial Services,103-PJ-DO01-25-0214
2943,1102,Copenhagen Infrastructure Service Compan,103-PJ-DO01-25-0215
2944,1102,MGEN - TSPI Janitorial Services,103-PJ-DO01-25-0216
2945,1102,ETIQA - Admin Staff Services,103-PJ-DO01-25-0217
2946,1102,FINSERV- Meralco Investment Management O,103-PJ-DO01-25-0218
2947,1102,FINSERV- Meralco Financial Services Park,103-PJ-DO01-25-0219
2948,1102,Provision of Gondola and Manpower Servs,103-PJ-DO01-25-0220
2949,1102,CRS-GAE,103-PJ-DO01-25-0221
2950,1102,CANAL Diversion Project,103-PJ-DO01-25-0222
2951,1102,Miescor-NLSUP Punchlisting Activity,103-PJ-DO01-25-0223
2952,1102,2025 QUICKFIX Projects,103-PJ-DO01-25-0224
2953,1102,Miescor Telecoms,103-PJ-DO01-25-0225
2954,1102,MVP-Malarayat Residence,103-PJ-DO01-25-0226
2955,1102,Mr. Ronnie Aperocho,103-PJ-DO01-25-0227
2956,1102,Bayad Center - Preventive & Maintenance,103-PJ-DO01-25-0228
2957,1102,MVP-Prov Supervisor&gardener@Malarayat,103-PJ-DO01-25-0229
2958,1102,Kayana Solution-Fit Out Office,103-PJ-DO01-25-0230
2959,1102,Miescor- PM & Repair ACU -DUS Site,103-PJ-DO01-25-0231
2960,1102,V Luna Hospital Renov Cancer Care Center,103-PJ-DO01-25-0232
2961,1102,LG electronics Inst 26pcs Bidet for CR,103-PJ-DO01-25-0233
2962,1102,Miescor-L&M Descaling 3 Units AHU,103-PJ-DO01-25-0234
2963,1102,Mr.Rafael Enriquez-Landscaping/Garden,103-PJ-DO01-25-0235
2964,1102,Meralco Finance Servs-3M NOMAD Matting,103-PJ-DO01-25-0236
2965,1102,CFS-Driver& Messengerial Services,103-PJ-DO01-25-0237
2966,1102,Kayana-Office Fit Out Ayala Ave Makati,103-PJ-DO01-25-0238
2967,1102,Miescor-PMS ACU @ UAM Kamias,103-PJ-DO01-25-0239
2968,1102,Bayad Center-Logistics&Facility Support,103-PJ-DO01-25-0240
2969,1102,Radius-Wall Repainting&Floor Repair@RBC,103-PJ-DO01-25-0241
2970,1102,Radius-Various Repair@IMACRON NODE,103-PJ-DO01-25-0242
2971,1102,SPTC - Serveic Vehicle,103-PJ-DO01-25-0243
2972,1102,Off Grid Solar Panel Project,103-PJ-DO01-25-0244
2973,1102,MERALCO-OH - Integ Asset Mgt Enco Serv,103-PJ-DO01-25-0245
2974,1102,Meralco-Meter Handling and Utility Servs,103-PJ-DO01-25-0246
2975,1102,Meralco  MSAM/MOC Driver,103-PJ-DO01-25-0247
2976,1102,Meralco-Bantay Bata Facilities Services,103-PJ-DO01-25-0248
2977,1102,Meralco OH-Networks Portfolio&Resource,103-PJ-DO01-25-0249
